PWNsynset	choiceE	choiceM	LEXsense	EG	sup	subno
PWN-angle-n-1	Y	Y	LEX-angle-A-n-1	A	1	0
PWN-angle-n-1	N	N	LEX-angle-A-n-1-1	A	1	1
PWN-angle-n-1	Y	Y	LEX-angle-A-n-1-2	A	1	2
PWN-angle-n-1	Y	Y	LEX-angle-A-n-1-3	A	1	3
PWN-angle-n-1	N	N	LEX-angle-A-n-2	A	2	0
PWN-angle-n-1	N	N	LEX-angle-A-n-3	A	3	0
PWN-angle-n-1	N	N	LEX-angle-A-n-4	A	4	0
PWN-angle-n-1	N	N	LEX-angle-B-n-1	B	1	0
PWN-angle-n-1	N	N	LEX-angle-C-n-1	C	1	0
PWN-angle-n-2	N	N	LEX-angle-A-n-1	A	1	0
PWN-angle-n-2	N	N	LEX-angle-A-n-1-1	A	1	1
PWN-angle-n-2	N	N	LEX-angle-A-n-1-2	A	1	2
PWN-angle-n-2	N	N	LEX-angle-A-n-1-3	A	1	3
PWN-angle-n-2	Y	Y	LEX-angle-A-n-2	A	2	0
PWN-angle-n-2	N	N	LEX-angle-A-n-3	A	3	0
PWN-angle-n-2	N	N	LEX-angle-A-n-4	A	4	0
PWN-angle-n-2	N	N	LEX-angle-B-n-1	B	1	0
PWN-angle-n-2	N	N	LEX-angle-C-n-1	C	1	0
PWN-angle-n-3	N	N	LEX-angle-A-n-1	A	1	0
PWN-angle-n-3	N	N	LEX-angle-A-n-1-1	A	1	1
PWN-angle-n-3	N	N	LEX-angle-A-n-1-2	A	1	2
PWN-angle-n-3	N	N	LEX-angle-A-n-1-3	A	1	3
PWN-angle-n-3	N	N	LEX-angle-A-n-2	A	2	0
PWN-angle-n-3	N	N	LEX-angle-A-n-3	A	3	0
PWN-angle-n-3	N	N	LEX-angle-A-n-4	A	4	0
PWN-angle-n-3	N	N	LEX-angle-B-n-1	B	1	0
PWN-angle-n-3	Y	Y	LEX-angle-C-n-1	C	1	0
PWN-band-n-1	N	N	LEX-band-A-n-1	A	1	0
PWN-band-n-1	N	N	LEX-band-A-n-1-1	A	1	1
PWN-band-n-1	N	N	LEX-band-A-n-1-2	A	1	2
PWN-band-n-1	N	N	LEX-band-A-n-1-3	A	1	3
PWN-band-n-1	N	N	LEX-band-A-n-1-4	A	1	4
PWN-band-n-1	N	N	LEX-band-A-n-2	A	2	0
PWN-band-n-1	N	N	LEX-band-A-n-2-1	A	2	1
PWN-band-n-1	N	N	LEX-band-A-n-3	A	3	0
PWN-band-n-1	N	N	LEX-band-A-n-3-1	A	3	1
PWN-band-n-1	N	N	LEX-band-A-n-3-2	A	3	2
PWN-band-n-1	N	N	LEX-band-A-n-4	A	4	0
PWN-band-n-1	Y	Y	LEX-band-B-n-1	B	1	0
PWN-band-n-1	N	N	LEX-band-B-n-1-1	B	1	1
PWN-band-n-1	N	N	LEX-band-B-n-1-2	B	1	2
PWN-band-n-1	N	N	LEX-band-B-n-2	B	2	0
PWN-band-n-1	N	N	LEX-band-B-n-2-1	B	2	1
PWN-band-n-1	N	N	LEX-band-B-n-3	B	3	0
PWN-band-n-2	N	N	LEX-band-A-n-1	A	1	0
PWN-band-n-2	N	N	LEX-band-A-n-1-1	A	1	1
PWN-band-n-2	N	N	LEX-band-A-n-1-2	A	1	2
PWN-band-n-2	N	N	LEX-band-A-n-1-3	A	1	3
PWN-band-n-2	N	N	LEX-band-A-n-1-4	A	1	4
PWN-band-n-2	N	N	LEX-band-A-n-2	A	2	0
PWN-band-n-2	N	N	LEX-band-A-n-2-1	A	2	1
PWN-band-n-2	N	N	LEX-band-A-n-3	A	3	0
PWN-band-n-2	N	N	LEX-band-A-n-3-1	A	3	1
PWN-band-n-2	N	N	LEX-band-A-n-3-2	A	3	2
PWN-band-n-2	N	N	LEX-band-A-n-4	A	4	0
PWN-band-n-2	N	N	LEX-band-B-n-1	B	1	0
PWN-band-n-2	N	N	LEX-band-B-n-1-1	B	1	1
PWN-band-n-2	N	N	LEX-band-B-n-1-2	B	1	2
PWN-band-n-2	N	N	LEX-band-B-n-2	B	2	0
PWN-band-n-2	Y	Y	LEX-band-B-n-2-1	B	2	1
PWN-band-n-2	N	N	LEX-band-B-n-3	B	3	0
PWN-band-n-3	N	N	LEX-band-A-n-1	A	1	0
PWN-band-n-3	N	N	LEX-band-A-n-1-1	A	1	1
PWN-band-n-3	N	N	LEX-band-A-n-1-2	A	1	2
PWN-band-n-3	N	N	LEX-band-A-n-1-3	A	1	3
PWN-band-n-3	N	N	LEX-band-A-n-1-4	A	1	4
PWN-band-n-3	Y	Y	LEX-band-A-n-2	A	2	0
PWN-band-n-3	N	N	LEX-band-A-n-2-1	A	2	1
PWN-band-n-3	N	N	LEX-band-A-n-3	A	3	0
PWN-band-n-3	N	N	LEX-band-A-n-3-1	A	3	1
PWN-band-n-3	N	N	LEX-band-A-n-3-2	A	3	2
PWN-band-n-3	N	N	LEX-band-A-n-4	A	4	0
PWN-band-n-3	N	N	LEX-band-B-n-1	B	1	0
PWN-band-n-3	N	N	LEX-band-B-n-1-1	B	1	1
PWN-band-n-3	N	N	LEX-band-B-n-1-2	B	1	2
PWN-band-n-3	N	N	LEX-band-B-n-2	B	2	0
PWN-band-n-3	N	N	LEX-band-B-n-2-1	B	2	1
PWN-band-n-3	N	N	LEX-band-B-n-3	B	3	0
PWN-band-n-4	Y	Y	LEX-band-A-n-1	A	1	0
PWN-band-n-4	N	N	LEX-band-A-n-1-1	A	1	1
PWN-band-n-4	N	N	LEX-band-A-n-1-2	A	1	2
PWN-band-n-4	N	N	LEX-band-A-n-1-3	A	1	3
PWN-band-n-4	N	N	LEX-band-A-n-1-4	A	1	4
PWN-band-n-4	N	N	LEX-band-A-n-2	A	2	0
PWN-band-n-4	N	N	LEX-band-A-n-2-1	A	2	1
PWN-band-n-4	N	N	LEX-band-A-n-3	A	3	0
PWN-band-n-4	N	N	LEX-band-A-n-3-1	A	3	1
PWN-band-n-4	N	N	LEX-band-A-n-3-2	A	3	2
PWN-band-n-4	N	N	LEX-band-A-n-4	A	4	0
PWN-band-n-4	N	N	LEX-band-B-n-1	B	1	0
PWN-band-n-4	N	N	LEX-band-B-n-1-1	B	1	1
PWN-band-n-4	N	N	LEX-band-B-n-1-2	B	1	2
PWN-band-n-4	N	N	LEX-band-B-n-2	B	2	0
PWN-band-n-4	N	N	LEX-band-B-n-2-1	B	2	1
PWN-band-n-4	N	N	LEX-band-B-n-3	B	3	0
PWN-band-n-5	N	N	LEX-band-A-n-1	A	1	0
PWN-band-n-5	N	N	LEX-band-A-n-1-1	A	1	1
PWN-band-n-5	N	N	LEX-band-A-n-1-2	A	1	2
PWN-band-n-5	N	N	LEX-band-A-n-1-3	A	1	3
PWN-band-n-5	N	N	LEX-band-A-n-1-4	A	1	4
PWN-band-n-5	N	N	LEX-band-A-n-2	A	2	0
PWN-band-n-5	N	N	LEX-band-A-n-2-1	A	2	1
PWN-band-n-5	N	N	LEX-band-A-n-3	A	3	0
PWN-band-n-5	N	N	LEX-band-A-n-3-1	A	3	1
PWN-band-n-5	N	N	LEX-band-A-n-3-2	A	3	2
PWN-band-n-5	N	N	LEX-band-A-n-4	A	4	0
PWN-band-n-5	N	N	LEX-band-B-n-1	B	1	0
PWN-band-n-5	N	N	LEX-band-B-n-1-1	B	1	1
PWN-band-n-5	N	N	LEX-band-B-n-1-2	B	1	2
PWN-band-n-5	Y	Y	LEX-band-B-n-2	B	2	0
PWN-band-n-5	N	N	LEX-band-B-n-2-1	B	2	1
PWN-band-n-5	N	N	LEX-band-B-n-3	B	3	0
PWN-band-n-6	N	N	LEX-band-A-n-1	A	1	0
PWN-band-n-6	N	N	LEX-band-A-n-1-1	A	1	1
PWN-band-n-6	N	N	LEX-band-A-n-1-2	A	1	2
PWN-band-n-6	N	N	LEX-band-A-n-1-3	A	1	3
PWN-band-n-6	N	N	LEX-band-A-n-1-4	A	1	4
PWN-band-n-6	N	N	LEX-band-A-n-2	A	2	0
PWN-band-n-6	N	N	LEX-band-A-n-2-1	A	2	1
PWN-band-n-6	Y	Y	LEX-band-A-n-3	A	3	0
PWN-band-n-6	Y	Y	LEX-band-A-n-3-1	A	3	1
PWN-band-n-6	N	N	LEX-band-A-n-3-2	A	3	2
PWN-band-n-6	N	N	LEX-band-A-n-4	A	4	0
PWN-band-n-6	N	N	LEX-band-B-n-1	B	1	0
PWN-band-n-6	N	N	LEX-band-B-n-1-1	B	1	1
PWN-band-n-6	N	N	LEX-band-B-n-1-2	B	1	2
PWN-band-n-6	N	N	LEX-band-B-n-2	B	2	0
PWN-band-n-6	N	N	LEX-band-B-n-2-1	B	2	1
PWN-band-n-6	N	N	LEX-band-B-n-3	B	3	0
PWN-band-n-7	Y	Y	LEX-band-A-n-1	A	1	0
PWN-band-n-7	N	N	LEX-band-A-n-1-1	A	1	1
PWN-band-n-7	N	N	LEX-band-A-n-1-2	A	1	2
PWN-band-n-7	N	N	LEX-band-A-n-1-3	A	1	3
PWN-band-n-7	N	N	LEX-band-A-n-1-4	A	1	4
PWN-band-n-7	N	N	LEX-band-A-n-2	A	2	0
PWN-band-n-7	N	N	LEX-band-A-n-2-1	A	2	1
PWN-band-n-7	N	N	LEX-band-A-n-3	A	3	0
PWN-band-n-7	N	N	LEX-band-A-n-3-1	A	3	1
PWN-band-n-7	N	N	LEX-band-A-n-3-2	A	3	2
PWN-band-n-7	N	N	LEX-band-A-n-4	A	4	0
PWN-band-n-7	N	N	LEX-band-B-n-1	B	1	0
PWN-band-n-7	N	N	LEX-band-B-n-1-1	B	1	1
PWN-band-n-7	N	N	LEX-band-B-n-1-2	B	1	2
PWN-band-n-7	N	N	LEX-band-B-n-2	B	2	0
PWN-band-n-7	N	N	LEX-band-B-n-2-1	B	2	1
PWN-band-n-7	N	N	LEX-band-B-n-3	B	3	0
PWN-band-n-8	N	N	LEX-band-A-n-1	A	1	0
PWN-band-n-8	N	N	LEX-band-A-n-1-1	A	1	1
PWN-band-n-8	N	N	LEX-band-A-n-1-2	A	1	2
PWN-band-n-8	N	N	LEX-band-A-n-1-3	A	1	3
PWN-band-n-8	N	N	LEX-band-A-n-1-4	A	1	4
PWN-band-n-8	N	N	LEX-band-A-n-2	A	2	0
PWN-band-n-8	N	N	LEX-band-A-n-2-1	A	2	1
PWN-band-n-8	N	N	LEX-band-A-n-3	A	3	0
PWN-band-n-8	N	N	LEX-band-A-n-3-1	A	3	1
PWN-band-n-8	N	N	LEX-band-A-n-3-2	A	3	2
PWN-band-n-8	N	N	LEX-band-A-n-4	A	4	0
PWN-band-n-8	N	N	LEX-band-B-n-1	B	1	0
PWN-band-n-8	N	N	LEX-band-B-n-1-1	B	1	1
PWN-band-n-8	N	N	LEX-band-B-n-1-2	B	1	2
PWN-band-n-8	N	N	LEX-band-B-n-2	B	2	0
PWN-band-n-8	N	N	LEX-band-B-n-2-1	B	2	1
PWN-band-n-8	N	N	LEX-band-B-n-3	B	3	0
PWN-band-n-9	N	N	LEX-band-A-n-1	A	1	0
PWN-band-n-9	Y	Y	LEX-band-A-n-1-1	A	1	1
PWN-band-n-9	N	N	LEX-band-A-n-1-2	A	1	2
PWN-band-n-9	N	N	LEX-band-A-n-1-3	A	1	3
PWN-band-n-9	N	N	LEX-band-A-n-1-4	A	1	4
PWN-band-n-9	N	N	LEX-band-A-n-2	A	2	0
PWN-band-n-9	N	N	LEX-band-A-n-2-1	A	2	1
PWN-band-n-9	N	N	LEX-band-A-n-3	A	3	0
PWN-band-n-9	N	N	LEX-band-A-n-3-1	A	3	1
PWN-band-n-9	N	N	LEX-band-A-n-3-2	A	3	2
PWN-band-n-9	N	N	LEX-band-A-n-4	A	4	0
PWN-band-n-9	N	N	LEX-band-B-n-1	B	1	0
PWN-band-n-9	N	N	LEX-band-B-n-1-1	B	1	1
PWN-band-n-9	N	N	LEX-band-B-n-1-2	B	1	2
PWN-band-n-9	N	N	LEX-band-B-n-2	B	2	0
PWN-band-n-9	N	N	LEX-band-B-n-2-1	B	2	1
PWN-band-n-9	N	N	LEX-band-B-n-3	B	3	0
PWN-band-n-10	N	N	LEX-band-A-n-1	A	1	0
PWN-band-n-10	N	N	LEX-band-A-n-1-1	A	1	1
PWN-band-n-10	N	N	LEX-band-A-n-1-2	A	1	2
PWN-band-n-10	Y	Y	LEX-band-A-n-1-3	A	1	3
PWN-band-n-10	N	N	LEX-band-A-n-1-4	A	1	4
PWN-band-n-10	N	N	LEX-band-A-n-2	A	2	0
PWN-band-n-10	N	N	LEX-band-A-n-2-1	A	2	1
PWN-band-n-10	N	N	LEX-band-A-n-3	A	3	0
PWN-band-n-10	N	N	LEX-band-A-n-3-1	A	3	1
PWN-band-n-10	N	N	LEX-band-A-n-3-2	A	3	2
PWN-band-n-10	N	N	LEX-band-A-n-4	A	4	0
PWN-band-n-10	N	N	LEX-band-B-n-1	B	1	0
PWN-band-n-10	N	N	LEX-band-B-n-1-1	B	1	1
PWN-band-n-10	N	N	LEX-band-B-n-1-2	B	1	2
PWN-band-n-10	N	N	LEX-band-B-n-2	B	2	0
PWN-band-n-10	N	N	LEX-band-B-n-2-1	B	2	1
PWN-band-n-10	N	N	LEX-band-B-n-3	B	3	0
PWN-band-n-11	Y	Y	LEX-band-A-n-1	A	1	0
PWN-band-n-11	N	N	LEX-band-A-n-1-1	A	1	1
PWN-band-n-11	N	N	LEX-band-A-n-1-2	A	1	2
PWN-band-n-11	N	N	LEX-band-A-n-1-3	A	1	3
PWN-band-n-11	N	N	LEX-band-A-n-1-4	A	1	4
PWN-band-n-11	N	N	LEX-band-A-n-2	A	2	0
PWN-band-n-11	N	N	LEX-band-A-n-2-1	A	2	1
PWN-band-n-11	N	N	LEX-band-A-n-3	A	3	0
PWN-band-n-11	N	N	LEX-band-A-n-3-1	A	3	1
PWN-band-n-11	N	N	LEX-band-A-n-3-2	A	3	2
PWN-band-n-11	N	N	LEX-band-A-n-4	A	4	0
PWN-band-n-11	N	N	LEX-band-B-n-1	B	1	0
PWN-band-n-11	N	N	LEX-band-B-n-1-1	B	1	1
PWN-band-n-11	N	N	LEX-band-B-n-1-2	B	1	2
PWN-band-n-11	N	N	LEX-band-B-n-2	B	2	0
PWN-band-n-11	N	N	LEX-band-B-n-2-1	B	2	1
PWN-band-n-11	N	N	LEX-band-B-n-3	B	3	0
PWN-band-n-12	N	N	LEX-band-A-n-1	A	1	0
PWN-band-n-12	N	N	LEX-band-A-n-1-1	A	1	1
PWN-band-n-12	Y	Y	LEX-band-A-n-1-2	A	1	2
PWN-band-n-12	N	N	LEX-band-A-n-1-3	A	1	3
PWN-band-n-12	N	N	LEX-band-A-n-1-4	A	1	4
PWN-band-n-12	N	N	LEX-band-A-n-2	A	2	0
PWN-band-n-12	N	N	LEX-band-A-n-2-1	A	2	1
PWN-band-n-12	N	N	LEX-band-A-n-3	A	3	0
PWN-band-n-12	N	N	LEX-band-A-n-3-1	A	3	1
PWN-band-n-12	N	N	LEX-band-A-n-3-2	A	3	2
PWN-band-n-12	N	N	LEX-band-A-n-4	A	4	0
PWN-band-n-12	N	N	LEX-band-B-n-1	B	1	0
PWN-band-n-12	N	N	LEX-band-B-n-1-1	B	1	1
PWN-band-n-12	N	N	LEX-band-B-n-1-2	B	1	2
PWN-band-n-12	N	N	LEX-band-B-n-2	B	2	0
PWN-band-n-12	N	N	LEX-band-B-n-2-1	B	2	1
PWN-band-n-12	N	N	LEX-band-B-n-3	B	3	0
PWN-band-n-13	Y	Y	LEX-band-A-n-1	A	1	0
PWN-band-n-13	N	N	LEX-band-A-n-1-1	A	1	1
PWN-band-n-13	N	N	LEX-band-A-n-1-2	A	1	2
PWN-band-n-13	N	N	LEX-band-A-n-1-3	A	1	3
PWN-band-n-13	N	N	LEX-band-A-n-1-4	A	1	4
PWN-band-n-13	N	N	LEX-band-A-n-2	A	2	0
PWN-band-n-13	N	N	LEX-band-A-n-2-1	A	2	1
PWN-band-n-13	N	N	LEX-band-A-n-3	A	3	0
PWN-band-n-13	N	N	LEX-band-A-n-3-1	A	3	1
PWN-band-n-13	N	N	LEX-band-A-n-3-2	A	3	2
PWN-band-n-13	N	N	LEX-band-A-n-4	A	4	0
PWN-band-n-13	N	N	LEX-band-B-n-1	B	1	0
PWN-band-n-13	N	N	LEX-band-B-n-1-1	B	1	1
PWN-band-n-13	N	N	LEX-band-B-n-1-2	B	1	2
PWN-band-n-13	N	N	LEX-band-B-n-2	B	2	0
PWN-band-n-13	N	N	LEX-band-B-n-2-1	B	2	1
PWN-band-n-13	N	N	LEX-band-B-n-3	B	3	0
PWN-bank-n-1	Y	Y	LEX-bank-A-n-1	A	1	0
PWN-bank-n-1	N	N	LEX-bank-A-n-2	A	2	0
PWN-bank-n-1	N	N	LEX-bank-A-n-2-1	A	2	1
PWN-bank-n-1	N	N	LEX-bank-A-n-2-2	A	2	2
PWN-bank-n-1	N	N	LEX-bank-A-n-2-3	A	2	3
PWN-bank-n-1	N	N	LEX-bank-A-n-3	A	3	0
PWN-bank-n-1	N	N	LEX-bank-A-n-3-1	A	3	1
PWN-bank-n-1	N	N	LEX-bank-A-n-4	A	4	0
PWN-bank-n-1	N	N	LEX-bank-B-n-1	B	1	0
PWN-bank-n-1	N	N	LEX-bank-B-n-1-1	B	1	1
PWN-bank-n-1	N	N	LEX-bank-B-n-1-2	B	1	2
PWN-bank-n-1	N	N	LEX-bank-B-n-1-3	B	1	3
PWN-bank-n-1	N	N	LEX-bank-B-n-1-4	B	1	4
PWN-bank-n-1	N	N	LEX-bank-B-n-1-5	B	1	5
PWN-bank-n-2	N	N	LEX-bank-A-n-1	A	1	0
PWN-bank-n-2	N	N	LEX-bank-A-n-2	A	2	0
PWN-bank-n-2	N	N	LEX-bank-A-n-2-1	A	2	1
PWN-bank-n-2	N	N	LEX-bank-A-n-2-2	A	2	2
PWN-bank-n-2	N	N	LEX-bank-A-n-2-3	A	2	3
PWN-bank-n-2	N	N	LEX-bank-A-n-3	A	3	0
PWN-bank-n-2	N	N	LEX-bank-A-n-3-1	A	3	1
PWN-bank-n-2	N	N	LEX-bank-A-n-4	A	4	0
PWN-bank-n-2	Y	Y	LEX-bank-B-n-1	B	1	0
PWN-bank-n-2	N	N	LEX-bank-B-n-1-1	B	1	1
PWN-bank-n-2	N	N	LEX-bank-B-n-1-2	B	1	2
PWN-bank-n-2	N	N	LEX-bank-B-n-1-3	B	1	3
PWN-bank-n-2	N	N	LEX-bank-B-n-1-4	B	1	4
PWN-bank-n-2	N	N	LEX-bank-B-n-1-5	B	1	5
PWN-bank-n-3	N	N	LEX-bank-A-n-1	A	1	0
PWN-bank-n-3	Y	Y	LEX-bank-A-n-2	A	2	0
PWN-bank-n-3	Y	Y	LEX-bank-A-n-2-1	A	2	1
PWN-bank-n-3	N	N	LEX-bank-A-n-2-2	A	2	2
PWN-bank-n-3	N	N	LEX-bank-A-n-2-3	A	2	3
PWN-bank-n-3	N	N	LEX-bank-A-n-3	A	3	0
PWN-bank-n-3	N	N	LEX-bank-A-n-3-1	A	3	1
PWN-bank-n-3	N	N	LEX-bank-A-n-4	A	4	0
PWN-bank-n-3	N	N	LEX-bank-B-n-1	B	1	0
PWN-bank-n-3	N	N	LEX-bank-B-n-1-1	B	1	1
PWN-bank-n-3	N	N	LEX-bank-B-n-1-2	B	1	2
PWN-bank-n-3	N	N	LEX-bank-B-n-1-3	B	1	3
PWN-bank-n-3	N	N	LEX-bank-B-n-1-4	B	1	4
PWN-bank-n-3	N	N	LEX-bank-B-n-1-5	B	1	5
PWN-bank-n-4	N	N	LEX-bank-A-n-1	A	1	0
PWN-bank-n-4	N	N	LEX-bank-A-n-2	A	2	0
PWN-bank-n-4	N	N	LEX-bank-A-n-2-1	A	2	1
PWN-bank-n-4	N	N	LEX-bank-A-n-2-2	A	2	2
PWN-bank-n-4	N	N	LEX-bank-A-n-2-3	A	2	3
PWN-bank-n-4	Y	Y	LEX-bank-A-n-3	A	3	0
PWN-bank-n-4	Y	Y	LEX-bank-A-n-3-1	A	3	1
PWN-bank-n-4	N	N	LEX-bank-A-n-4	A	4	0
PWN-bank-n-4	N	N	LEX-bank-B-n-1	B	1	0
PWN-bank-n-4	N	N	LEX-bank-B-n-1-1	B	1	1
PWN-bank-n-4	N	N	LEX-bank-B-n-1-2	B	1	2
PWN-bank-n-4	N	N	LEX-bank-B-n-1-3	B	1	3
PWN-bank-n-4	N	N	LEX-bank-B-n-1-4	B	1	4
PWN-bank-n-4	N	N	LEX-bank-B-n-1-5	B	1	5
PWN-bank-n-5	N	N	LEX-bank-A-n-1	A	1	0
PWN-bank-n-5	N	N	LEX-bank-A-n-2	A	2	0
PWN-bank-n-5	N	N	LEX-bank-A-n-2-1	A	2	1
PWN-bank-n-5	N	N	LEX-bank-A-n-2-2	A	2	2
PWN-bank-n-5	N	N	LEX-bank-A-n-2-3	A	2	3
PWN-bank-n-5	N	N	LEX-bank-A-n-3	A	3	0
PWN-bank-n-5	N	N	LEX-bank-A-n-3-1	A	3	1
PWN-bank-n-5	N	N	LEX-bank-A-n-4	A	4	0
PWN-bank-n-5	N	N	LEX-bank-B-n-1	B	1	0
PWN-bank-n-5	Y	Y	LEX-bank-B-n-1-1	B	1	1
PWN-bank-n-5	Y	Y	LEX-bank-B-n-1-2	B	1	2
PWN-bank-n-5	N	N	LEX-bank-B-n-1-3	B	1	3
PWN-bank-n-5	N	N	LEX-bank-B-n-1-4	B	1	4
PWN-bank-n-5	N	N	LEX-bank-B-n-1-5	B	1	5
PWN-bank-n-6	N	N	LEX-bank-A-n-1	A	1	0
PWN-bank-n-6	N	N	LEX-bank-A-n-2	A	2	0
PWN-bank-n-6	N	N	LEX-bank-A-n-2-1	A	2	1
PWN-bank-n-6	N	N	LEX-bank-A-n-2-2	A	2	2
PWN-bank-n-6	N	N	LEX-bank-A-n-2-3	A	2	3
PWN-bank-n-6	N	N	LEX-bank-A-n-3	A	3	0
PWN-bank-n-6	N	N	LEX-bank-A-n-3-1	A	3	1
PWN-bank-n-6	N	N	LEX-bank-A-n-4	A	4	0
PWN-bank-n-6	N	N	LEX-bank-B-n-1	B	1	0
PWN-bank-n-6	N	N	LEX-bank-B-n-1-1	B	1	1
PWN-bank-n-6	N	N	LEX-bank-B-n-1-2	B	1	2
PWN-bank-n-6	Y	Y	LEX-bank-B-n-1-3	B	1	3
PWN-bank-n-6	N	N	LEX-bank-B-n-1-4	B	1	4
PWN-bank-n-6	N	N	LEX-bank-B-n-1-5	B	1	5
PWN-bank-n-7	N	N	LEX-bank-A-n-1	A	1	0
PWN-bank-n-7	N	N	LEX-bank-A-n-2	A	2	0
PWN-bank-n-7	N	N	LEX-bank-A-n-2-1	A	2	1
PWN-bank-n-7	Y	Y	LEX-bank-A-n-2-2	A	2	2
PWN-bank-n-7	N	N	LEX-bank-A-n-2-3	A	2	3
PWN-bank-n-7	N	N	LEX-bank-A-n-3	A	3	0
PWN-bank-n-7	N	N	LEX-bank-A-n-3-1	A	3	1
PWN-bank-n-7	N	N	LEX-bank-A-n-4	A	4	0
PWN-bank-n-7	N	N	LEX-bank-B-n-1	B	1	0
PWN-bank-n-7	N	N	LEX-bank-B-n-1-1	B	1	1
PWN-bank-n-7	N	N	LEX-bank-B-n-1-2	B	1	2
PWN-bank-n-7	N	N	LEX-bank-B-n-1-3	B	1	3
PWN-bank-n-7	N	N	LEX-bank-B-n-1-4	B	1	4
PWN-bank-n-7	N	N	LEX-bank-B-n-1-5	B	1	5
PWN-bank-n-8	N	N	LEX-bank-A-n-1	A	1	0
PWN-bank-n-8	N	N	LEX-bank-A-n-2	A	2	0
PWN-bank-n-8	N	N	LEX-bank-A-n-2-1	A	2	1
PWN-bank-n-8	N	N	LEX-bank-A-n-2-2	A	2	2
PWN-bank-n-8	N	N	LEX-bank-A-n-2-3	A	2	3
PWN-bank-n-8	N	N	LEX-bank-A-n-3	A	3	0
PWN-bank-n-8	N	N	LEX-bank-A-n-3-1	A	3	1
PWN-bank-n-8	N	N	LEX-bank-A-n-4	A	4	0
PWN-bank-n-8	N	N	LEX-bank-B-n-1	B	1	0
PWN-bank-n-8	N	N	LEX-bank-B-n-1-1	B	1	1
PWN-bank-n-8	N	N	LEX-bank-B-n-1-2	B	1	2
PWN-bank-n-8	N	N	LEX-bank-B-n-1-3	B	1	3
PWN-bank-n-8	N	N	LEX-bank-B-n-1-4	B	1	4
PWN-bank-n-8	N	N	LEX-bank-B-n-1-5	B	1	5
PWN-bank-n-9	N	N	LEX-bank-A-n-1	A	1	0
PWN-bank-n-9	N	N	LEX-bank-A-n-2	A	2	0
PWN-bank-n-9	N	N	LEX-bank-A-n-2-1	A	2	1
PWN-bank-n-9	N	N	LEX-bank-A-n-2-2	A	2	2
PWN-bank-n-9	N	N	LEX-bank-A-n-2-3	A	2	3
PWN-bank-n-9	N	N	LEX-bank-A-n-3	A	3	0
PWN-bank-n-9	N	N	LEX-bank-A-n-3-1	A	3	1
PWN-bank-n-9	N	N	LEX-bank-A-n-4	A	4	0
PWN-bank-n-9	N	N	LEX-bank-B-n-1	B	1	0
PWN-bank-n-9	N	N	LEX-bank-B-n-1-1	B	1	1
PWN-bank-n-9	N	N	LEX-bank-B-n-1-2	B	1	2
PWN-bank-n-9	N	N	LEX-bank-B-n-1-3	B	1	3
PWN-bank-n-9	N	N	LEX-bank-B-n-1-4	B	1	4
PWN-bank-n-9	N	N	LEX-bank-B-n-1-5	B	1	5
PWN-bank-n-10	N	N	LEX-bank-A-n-1	A	1	0
PWN-bank-n-10	N	N	LEX-bank-A-n-2	A	2	0
PWN-bank-n-10	N	N	LEX-bank-A-n-2-1	A	2	1
PWN-bank-n-10	N	N	LEX-bank-A-n-2-2	A	2	2
PWN-bank-n-10	Y	Y	LEX-bank-A-n-2-3	A	2	3
PWN-bank-n-10	N	N	LEX-bank-A-n-3	A	3	0
PWN-bank-n-10	N	N	LEX-bank-A-n-3-1	A	3	1
PWN-bank-n-10	N	N	LEX-bank-A-n-4	A	4	0
PWN-bank-n-10	N	N	LEX-bank-B-n-1	B	1	0
PWN-bank-n-10	N	N	LEX-bank-B-n-1-1	B	1	1
PWN-bank-n-10	N	N	LEX-bank-B-n-1-2	B	1	2
PWN-bank-n-10	N	N	LEX-bank-B-n-1-3	B	1	3
PWN-bank-n-10	N	N	LEX-bank-B-n-1-4	B	1	4
PWN-bank-n-10	N	N	LEX-bank-B-n-1-5	B	1	5
PWN-bark-n-1	N	N	LEX-bark-A-n-1	A	1	0
PWN-bark-n-1	N	N	LEX-bark-A-n-1-1	A	1	1
PWN-bark-n-1	Y	Y	LEX-bark-B-n-1	B	1	0
PWN-bark-n-1	Y	Y	LEX-bark-B-n-1-1	B	1	1
PWN-bark-n-1	N	N	LEX-bark-B-n-2	B	2	0
PWN-bark-n-1	N	N	LEX-bark-C-n-1	C	1	0
PWN-bark-n-2	N	N	LEX-bark-A-n-1	A	1	0
PWN-bark-n-2	Y	Y	LEX-bark-A-n-1-1	A	1	1
PWN-bark-n-2	N	N	LEX-bark-B-n-1	B	1	0
PWN-bark-n-2	N	N	LEX-bark-B-n-1-1	B	1	1
PWN-bark-n-2	N	N	LEX-bark-B-n-2	B	2	0
PWN-bark-n-2	N	N	LEX-bark-C-n-1	C	1	0
PWN-bark-n-3	N	N	LEX-bark-A-n-1	A	1	0
PWN-bark-n-3	N	N	LEX-bark-A-n-1-1	A	1	1
PWN-bark-n-3	N	N	LEX-bark-B-n-1	B	1	0
PWN-bark-n-3	N	N	LEX-bark-B-n-1-1	B	1	1
PWN-bark-n-3	N	N	LEX-bark-B-n-2	B	2	0
PWN-bark-n-3	Y	Y	LEX-bark-C-n-1	C	1	0
PWN-bark-n-4	Y	Y	LEX-bark-A-n-1	A	1	0
PWN-bark-n-4	N	N	LEX-bark-A-n-1-1	A	1	1
PWN-bark-n-4	N	N	LEX-bark-B-n-1	B	1	0
PWN-bark-n-4	N	N	LEX-bark-B-n-1-1	B	1	1
PWN-bark-n-4	N	N	LEX-bark-B-n-2	B	2	0
PWN-bark-n-4	N	N	LEX-bark-C-n-1	C	1	0
PWN-bat-n-1	N	N	LEX-bat-A-n-1	A	1	0
PWN-bat-n-1	N	N	LEX-bat-A-n-1-1	A	1	1
PWN-bat-n-1	N	N	LEX-bat-A-n-1-2	A	1	2
PWN-bat-n-1	N	N	LEX-bat-A-n-1-3	A	1	3
PWN-bat-n-1	N	N	LEX-bat-A-n-1-4	A	1	4
PWN-bat-n-1	Y	Y	LEX-bat-B-n-1	B	1	0
PWN-bat-n-1	N	N	LEX-bat-B-n-2	B	2	0
PWN-bat-n-2	N	N	LEX-bat-A-n-1	A	1	0
PWN-bat-n-2	Y	Y	LEX-bat-A-n-1-1	A	1	1
PWN-bat-n-2	N	N	LEX-bat-A-n-1-2	A	1	2
PWN-bat-n-2	N	N	LEX-bat-A-n-1-3	A	1	3
PWN-bat-n-2	N	N	LEX-bat-A-n-1-4	A	1	4
PWN-bat-n-2	N	N	LEX-bat-B-n-1	B	1	0
PWN-bat-n-2	N	N	LEX-bat-B-n-2	B	2	0
PWN-bat-n-3	N	N	LEX-bat-A-n-1	A	1	0
PWN-bat-n-3	N	N	LEX-bat-A-n-1-1	A	1	1
PWN-bat-n-3	N	N	LEX-bat-A-n-1-2	A	1	2
PWN-bat-n-3	N	N	LEX-bat-A-n-1-3	A	1	3
PWN-bat-n-3	N	N	LEX-bat-A-n-1-4	A	1	4
PWN-bat-n-3	N	N	LEX-bat-B-n-1	B	1	0
PWN-bat-n-3	N	N	LEX-bat-B-n-2	B	2	0
PWN-bat-n-4	Y	Y	LEX-bat-A-n-1	A	1	0
PWN-bat-n-4	N	N	LEX-bat-A-n-1-1	A	1	1
PWN-bat-n-4	N	N	LEX-bat-A-n-1-2	A	1	2
PWN-bat-n-4	N	N	LEX-bat-A-n-1-3	A	1	3
PWN-bat-n-4	N	N	LEX-bat-A-n-1-4	A	1	4
PWN-bat-n-4	N	N	LEX-bat-B-n-1	B	1	0
PWN-bat-n-4	N	N	LEX-bat-B-n-2	B	2	0
PWN-bat-n-5	Y	Y	LEX-bat-A-n-1	A	1	0
PWN-bat-n-5	N	N	LEX-bat-A-n-1-1	A	1	1
PWN-bat-n-5	N	N	LEX-bat-A-n-1-2	A	1	2
PWN-bat-n-5	N	N	LEX-bat-A-n-1-3	A	1	3
PWN-bat-n-5	N	N	LEX-bat-A-n-1-4	A	1	4
PWN-bat-n-5	N	N	LEX-bat-B-n-1	B	1	0
PWN-bat-n-5	N	N	LEX-bat-B-n-2	B	2	0
PWN-can-n-1	Y	Y	LEX-can-B-n-1	B	1	0
PWN-can-n-1	Y	Y	LEX-can-B-n-1-1	B	1	1
PWN-can-n-1	N	N	LEX-can-B-n-1-2	B	1	2
PWN-can-n-1	N	N	LEX-can-B-n-2	B	2	0
PWN-can-n-1	N	N	LEX-can-B-n-3	B	3	0
PWN-can-n-1	N	N	LEX-can-B-n-4	B	4	0
PWN-can-n-1	N	N	LEX-can-B-n-5	B	5	0
PWN-can-n-2	N	N	LEX-can-B-n-1	B	1	0
PWN-can-n-2	N	N	LEX-can-B-n-1-1	B	1	1
PWN-can-n-2	Y	Y	LEX-can-B-n-1-2	B	1	2
PWN-can-n-2	N	N	LEX-can-B-n-2	B	2	0
PWN-can-n-2	N	N	LEX-can-B-n-3	B	3	0
PWN-can-n-2	N	N	LEX-can-B-n-4	B	4	0
PWN-can-n-2	N	N	LEX-can-B-n-5	B	5	0
PWN-can-n-3	N	N	LEX-can-B-n-1	B	1	0
PWN-can-n-3	N	N	LEX-can-B-n-1-1	B	1	1
PWN-can-n-3	N	N	LEX-can-B-n-1-2	B	1	2
PWN-can-n-3	N	N	LEX-can-B-n-2	B	2	0
PWN-can-n-3	N	N	LEX-can-B-n-3	B	3	0
PWN-can-n-3	N	N	LEX-can-B-n-4	B	4	0
PWN-can-n-3	N	N	LEX-can-B-n-5	B	5	0
PWN-can-n-4	N	N	LEX-can-B-n-1	B	1	0
PWN-can-n-4	N	N	LEX-can-B-n-1-1	B	1	1
PWN-can-n-4	N	N	LEX-can-B-n-1-2	B	1	2
PWN-can-n-4	N	N	LEX-can-B-n-2	B	2	0
PWN-can-n-4	N	N	LEX-can-B-n-3	B	3	0
PWN-can-n-4	N	N	LEX-can-B-n-4	B	4	0
PWN-can-n-4	N	N	LEX-can-B-n-5	B	5	0
PWN-can-n-5	N	N	LEX-can-B-n-1	B	1	0
PWN-can-n-5	N	N	LEX-can-B-n-1-1	B	1	1
PWN-can-n-5	N	N	LEX-can-B-n-1-2	B	1	2
PWN-can-n-5	N	N	LEX-can-B-n-2	B	2	0
PWN-can-n-5	Y	Y	LEX-can-B-n-3	B	3	0
PWN-can-n-5	N	N	LEX-can-B-n-4	B	4	0
PWN-can-n-5	N	N	LEX-can-B-n-5	B	5	0
PWN-can-n-6	N	N	LEX-can-B-n-1	B	1	0
PWN-can-n-6	N	N	LEX-can-B-n-1-1	B	1	1
PWN-can-n-6	N	N	LEX-can-B-n-1-2	B	1	2
PWN-can-n-6	N	N	LEX-can-B-n-2	B	2	0
PWN-can-n-6	Y	Y	LEX-can-B-n-3	B	3	0
PWN-can-n-6	N	N	LEX-can-B-n-4	B	4	0
PWN-can-n-6	N	N	LEX-can-B-n-5	B	5	0
PWN-clip-n-1	N	N	LEX-clip-A-n-1	A	1	0
PWN-clip-n-1	N	N	LEX-clip-A-n-1-1	A	1	1
PWN-clip-n-1	N	N	LEX-clip-A-n-1-2	A	1	2
PWN-clip-n-1	Y	Y	LEX-clip-A-n-2	A	2	0
PWN-clip-n-1	N	N	LEX-clip-B-n-1	B	1	0
PWN-clip-n-1	N	N	LEX-clip-B-n-1-1	B	1	1
PWN-clip-n-1	N	N	LEX-clip-B-n-2	B	2	0
PWN-clip-n-1	N	N	LEX-clip-B-n-3	B	3	0
PWN-clip-n-1	N	N	LEX-clip-B-n-4	B	4	0
PWN-clip-n-2	N	N	LEX-clip-A-n-1	A	1	0
PWN-clip-n-2	N	N	LEX-clip-A-n-1-1	A	1	1
PWN-clip-n-2	N	N	LEX-clip-A-n-1-2	A	1	2
PWN-clip-n-2	N	N	LEX-clip-A-n-2	A	2	0
PWN-clip-n-2	N	N	LEX-clip-B-n-1	B	1	0
PWN-clip-n-2	N	N	LEX-clip-B-n-1-1	B	1	1
PWN-clip-n-2	N	N	LEX-clip-B-n-2	B	2	0
PWN-clip-n-2	N	N	LEX-clip-B-n-3	B	3	0
PWN-clip-n-2	N	N	LEX-clip-B-n-4	B	4	0
PWN-clip-n-3	Y	Y	LEX-clip-A-n-1	A	1	0
PWN-clip-n-3	N	N	LEX-clip-A-n-1-1	A	1	1
PWN-clip-n-3	Y	Y	LEX-clip-A-n-1-2	A	1	2
PWN-clip-n-3	N	N	LEX-clip-A-n-2	A	2	0
PWN-clip-n-3	N	N	LEX-clip-B-n-1	B	1	0
PWN-clip-n-3	N	N	LEX-clip-B-n-1-1	B	1	1
PWN-clip-n-3	N	N	LEX-clip-B-n-2	B	2	0
PWN-clip-n-3	N	N	LEX-clip-B-n-3	B	3	0
PWN-clip-n-3	N	N	LEX-clip-B-n-4	B	4	0
PWN-clip-n-4	N	N	LEX-clip-A-n-1	A	1	0
PWN-clip-n-4	Y	Y	LEX-clip-A-n-1-1	A	1	1
PWN-clip-n-4	N	N	LEX-clip-A-n-1-2	A	1	2
PWN-clip-n-4	N	N	LEX-clip-A-n-2	A	2	0
PWN-clip-n-4	N	N	LEX-clip-B-n-1	B	1	0
PWN-clip-n-4	N	N	LEX-clip-B-n-1-1	B	1	1
PWN-clip-n-4	N	N	LEX-clip-B-n-2	B	2	0
PWN-clip-n-4	N	N	LEX-clip-B-n-3	B	3	0
PWN-clip-n-4	N	N	LEX-clip-B-n-4	B	4	0
PWN-clip-n-5	N	N	LEX-clip-A-n-1	A	1	0
PWN-clip-n-5	N	N	LEX-clip-A-n-1-1	A	1	1
PWN-clip-n-5	N	N	LEX-clip-A-n-1-2	A	1	2
PWN-clip-n-5	N	N	LEX-clip-A-n-2	A	2	0
PWN-clip-n-5	Y	Y	LEX-clip-B-n-1	B	1	0
PWN-clip-n-5	N	N	LEX-clip-B-n-1-1	B	1	1
PWN-clip-n-5	N	N	LEX-clip-B-n-2	B	2	0
PWN-clip-n-5	N	N	LEX-clip-B-n-3	B	3	0
PWN-clip-n-5	N	N	LEX-clip-B-n-4	B	4	0
PWN-clip-n-6	N	N	LEX-clip-A-n-1	A	1	0
PWN-clip-n-6	N	N	LEX-clip-A-n-1-1	A	1	1
PWN-clip-n-6	N	N	LEX-clip-A-n-1-2	A	1	2
PWN-clip-n-6	N	N	LEX-clip-A-n-2	A	2	0
PWN-clip-n-6	N	N	LEX-clip-B-n-1	B	1	0
PWN-clip-n-6	N	N	LEX-clip-B-n-1-1	B	1	1
PWN-clip-n-6	N	N	LEX-clip-B-n-2	B	2	0
PWN-clip-n-6	Y	Y	LEX-clip-B-n-3	B	3	0
PWN-clip-n-6	N	N	LEX-clip-B-n-4	B	4	0
PWN-date-n-1	Y	Y	LEX-date-A-n-1	A	1	0
PWN-date-n-1	N	N	LEX-date-A-n-1-1	A	1	1
PWN-date-n-1	N	N	LEX-date-A-n-1-2	A	1	2
PWN-date-n-1	N	N	LEX-date-A-n-1-3	A	1	3
PWN-date-n-1	N	N	LEX-date-A-n-2	A	2	0
PWN-date-n-1	N	N	LEX-date-A-n-2-1	A	2	1
PWN-date-n-1	N	N	LEX-date-A-n-2-2	A	2	2
PWN-date-n-1	N	N	LEX-date-B-n-1	B	1	0
PWN-date-n-1	N	N	LEX-date-B-n-2	B	2	0
PWN-date-n-2	N	N	LEX-date-A-n-1	A	1	0
PWN-date-n-2	N	N	LEX-date-A-n-1-1	A	1	1
PWN-date-n-2	N	N	LEX-date-A-n-1-2	A	1	2
PWN-date-n-2	N	N	LEX-date-A-n-1-3	A	1	3
PWN-date-n-2	N	N	LEX-date-A-n-2	A	2	0
PWN-date-n-2	Y	Y	LEX-date-A-n-2-1	A	2	1
PWN-date-n-2	N	N	LEX-date-A-n-2-2	A	2	2
PWN-date-n-2	N	N	LEX-date-B-n-1	B	1	0
PWN-date-n-2	N	N	LEX-date-B-n-2	B	2	0
PWN-date-n-3	N	N	LEX-date-A-n-1	A	1	0
PWN-date-n-3	N	N	LEX-date-A-n-1-1	A	1	1
PWN-date-n-3	N	N	LEX-date-A-n-1-2	A	1	2
PWN-date-n-3	N	N	LEX-date-A-n-1-3	A	1	3
PWN-date-n-3	Y	Y	LEX-date-A-n-2	A	2	0
PWN-date-n-3	N	N	LEX-date-A-n-2-1	A	2	1
PWN-date-n-3	N	N	LEX-date-A-n-2-2	A	2	2
PWN-date-n-3	N	N	LEX-date-B-n-1	B	1	0
PWN-date-n-3	N	N	LEX-date-B-n-2	B	2	0
PWN-date-n-4	N	N	LEX-date-A-n-1	A	1	0
PWN-date-n-4	N	N	LEX-date-A-n-1-1	A	1	1
PWN-date-n-4	N	N	LEX-date-A-n-1-2	A	1	2
PWN-date-n-4	N	N	LEX-date-A-n-1-3	A	1	3
PWN-date-n-4	N	N	LEX-date-A-n-2	A	2	0
PWN-date-n-4	N	N	LEX-date-A-n-2-1	A	2	1
PWN-date-n-4	N	N	LEX-date-A-n-2-2	A	2	2
PWN-date-n-4	N	N	LEX-date-B-n-1	B	1	0
PWN-date-n-4	N	N	LEX-date-B-n-2	B	2	0
PWN-date-n-5	Y	Y	LEX-date-A-n-1	A	1	0
PWN-date-n-5	Y	Y	LEX-date-A-n-1-1	A	1	1
PWN-date-n-5	Y	Y	LEX-date-A-n-1-2	A	1	2
PWN-date-n-5	N	N	LEX-date-A-n-1-3	A	1	3
PWN-date-n-5	N	N	LEX-date-A-n-2	A	2	0
PWN-date-n-5	N	N	LEX-date-A-n-2-1	A	2	1
PWN-date-n-5	N	N	LEX-date-A-n-2-2	A	2	2
PWN-date-n-5	N	N	LEX-date-B-n-1	B	1	0
PWN-date-n-5	N	N	LEX-date-B-n-2	B	2	0
PWN-date-n-6	N	N	LEX-date-A-n-1	A	1	0
PWN-date-n-6	Y	Y	LEX-date-A-n-1-1	A	1	1
PWN-date-n-6	N	N	LEX-date-A-n-1-2	A	1	2
PWN-date-n-6	N	N	LEX-date-A-n-1-3	A	1	3
PWN-date-n-6	N	N	LEX-date-A-n-2	A	2	0
PWN-date-n-6	N	N	LEX-date-A-n-2-1	A	2	1
PWN-date-n-6	N	N	LEX-date-A-n-2-2	A	2	2
PWN-date-n-6	N	N	LEX-date-B-n-1	B	1	0
PWN-date-n-6	N	N	LEX-date-B-n-2	B	2	0
PWN-date-n-7	N	N	LEX-date-A-n-1	A	1	0
PWN-date-n-7	N	N	LEX-date-A-n-1-1	A	1	1
PWN-date-n-7	N	N	LEX-date-A-n-1-2	A	1	2
PWN-date-n-7	N	N	LEX-date-A-n-1-3	A	1	3
PWN-date-n-7	N	N	LEX-date-A-n-2	A	2	0
PWN-date-n-7	N	N	LEX-date-A-n-2-1	A	2	1
PWN-date-n-7	N	N	LEX-date-A-n-2-2	A	2	2
PWN-date-n-7	Y	Y	LEX-date-B-n-1	B	1	0
PWN-date-n-7	N	N	LEX-date-B-n-2	B	2	0
PWN-duck-n-1	Y	Y	LEX-duck-A-n-1	A	1	0
PWN-duck-n-1	Y	Y	LEX-duck-A-n-1-1	A	1	1
PWN-duck-n-1	N	N	LEX-duck-A-n-1-2	A	1	2
PWN-duck-n-1	N	N	LEX-duck-A-n-2	A	2	0
PWN-duck-n-1	N	N	LEX-duck-A-n-3	A	3	0
PWN-duck-n-1	N	N	LEX-duck-B-n-1	B	1	0
PWN-duck-n-1	N	N	LEX-duck-C-n-1	C	1	0
PWN-duck-n-1	N	N	LEX-duck-D-n-1	D	1	0
PWN-duck-n-1	N	N	LEX-duck-D-n-1-1	D	1	1
PWN-duck-n-1	N	N	LEX-duck-E-n-1	E	1	0
PWN-duck-n-2	N	N	LEX-duck-A-n-1	A	1	0
PWN-duck-n-2	N	N	LEX-duck-A-n-1-1	A	1	1
PWN-duck-n-2	N	N	LEX-duck-A-n-1-2	A	1	2
PWN-duck-n-2	N	N	LEX-duck-A-n-2	A	2	0
PWN-duck-n-2	N	N	LEX-duck-A-n-3	A	3	0
PWN-duck-n-2	N	N	LEX-duck-B-n-1	B	1	0
PWN-duck-n-2	N	N	LEX-duck-C-n-1	C	1	0
PWN-duck-n-2	N	N	LEX-duck-D-n-1	D	1	0
PWN-duck-n-2	N	N	LEX-duck-D-n-1-1	D	1	1
PWN-duck-n-2	Y	Y	LEX-duck-E-n-1	E	1	0
PWN-duck-n-3	N	N	LEX-duck-A-n-1	A	1	0
PWN-duck-n-3	N	N	LEX-duck-A-n-1-1	A	1	1
PWN-duck-n-3	Y	Y	LEX-duck-A-n-1-2	A	1	2
PWN-duck-n-3	N	N	LEX-duck-A-n-2	A	2	0
PWN-duck-n-3	N	N	LEX-duck-A-n-3	A	3	0
PWN-duck-n-3	N	N	LEX-duck-B-n-1	B	1	0
PWN-duck-n-3	N	N	LEX-duck-C-n-1	C	1	0
PWN-duck-n-3	N	N	LEX-duck-D-n-1	D	1	0
PWN-duck-n-3	N	N	LEX-duck-D-n-1-1	D	1	1
PWN-duck-n-3	N	N	LEX-duck-E-n-1	E	1	0
PWN-duck-n-4	N	N	LEX-duck-A-n-1	A	1	0
PWN-duck-n-4	N	N	LEX-duck-A-n-1-1	A	1	1
PWN-duck-n-4	N	N	LEX-duck-A-n-1-2	A	1	2
PWN-duck-n-4	N	N	LEX-duck-A-n-2	A	2	0
PWN-duck-n-4	N	N	LEX-duck-A-n-3	A	3	0
PWN-duck-n-4	N	N	LEX-duck-B-n-1	B	1	0
PWN-duck-n-4	N	N	LEX-duck-C-n-1	C	1	0
PWN-duck-n-4	Y	Y	LEX-duck-D-n-1	D	1	0
PWN-duck-n-4	N	N	LEX-duck-D-n-1-1	D	1	1
PWN-duck-n-4	N	N	LEX-duck-E-n-1	E	1	0
PWN-file-n-1	Y	Y	LEX-file-A-n-1	A	1	0
PWN-file-n-1	Y	Y	LEX-file-A-n-1-1	A	1	1
PWN-file-n-1	Y	Y	LEX-file-A-n-1-2	A	1	2
PWN-file-n-1	N	N	LEX-file-A-n-2	A	2	0
PWN-file-n-1	N	N	LEX-file-B-n-1	B	1	0
PWN-file-n-1	N	N	LEX-file-B-n-1-1	B	1	1
PWN-file-n-1	N	N	LEX-file-B-n-1-2	B	1	2
PWN-file-n-1	N	N	LEX-file-C-n-1	C	1	0
PWN-file-n-1	N	N	LEX-file-D-n-1	D	1	0
PWN-file-n-2	N	N	LEX-file-A-n-1	A	1	0
PWN-file-n-2	N	N	LEX-file-A-n-1-1	A	1	1
PWN-file-n-2	N	N	LEX-file-A-n-1-2	A	1	2
PWN-file-n-2	N	N	LEX-file-A-n-2	A	2	0
PWN-file-n-2	Y	Y	LEX-file-B-n-1	B	1	0
PWN-file-n-2	N	N	LEX-file-B-n-1-1	B	1	1
PWN-file-n-2	N	N	LEX-file-B-n-1-2	B	1	2
PWN-file-n-2	N	N	LEX-file-C-n-1	C	1	0
PWN-file-n-2	N	N	LEX-file-D-n-1	D	1	0
PWN-file-n-3	Y	Y	LEX-file-A-n-1	A	1	0
PWN-file-n-3	N	N	LEX-file-A-n-1-1	A	1	1
PWN-file-n-3	N	N	LEX-file-A-n-1-2	A	1	2
PWN-file-n-3	N	N	LEX-file-A-n-2	A	2	0
PWN-file-n-3	N	N	LEX-file-B-n-1	B	1	0
PWN-file-n-3	N	N	LEX-file-B-n-1-1	B	1	1
PWN-file-n-3	N	N	LEX-file-B-n-1-2	B	1	2
PWN-file-n-3	N	N	LEX-file-C-n-1	C	1	0
PWN-file-n-3	N	N	LEX-file-D-n-1	D	1	0
PWN-file-n-4	N	N	LEX-file-A-n-1	A	1	0
PWN-file-n-4	N	N	LEX-file-A-n-1-1	A	1	1
PWN-file-n-4	N	N	LEX-file-A-n-1-2	A	1	2
PWN-file-n-4	N	N	LEX-file-A-n-2	A	2	0
PWN-file-n-4	N	N	LEX-file-B-n-1	B	1	0
PWN-file-n-4	N	N	LEX-file-B-n-1-1	B	1	1
PWN-file-n-4	N	N	LEX-file-B-n-1-2	B	1	2
PWN-file-n-4	Y	Y	LEX-file-C-n-1	C	1	0
PWN-file-n-4	N	N	LEX-file-D-n-1	D	1	0
PWN-fly-n-1	N	N	LEX-fly-A-n-1	A	1	0
PWN-fly-n-1	N	N	LEX-fly-A-n-1-1	A	1	1
PWN-fly-n-1	N	N	LEX-fly-A-n-2	A	2	0
PWN-fly-n-1	N	N	LEX-fly-A-n-3	A	3	0
PWN-fly-n-1	N	N	LEX-fly-A-n-4	A	4	0
PWN-fly-n-1	N	N	LEX-fly-A-n-5	A	5	0
PWN-fly-n-1	Y	Y	LEX-fly-B-n-1	B	1	0
PWN-fly-n-1	N	N	LEX-fly-B-n-1-1	B	1	1
PWN-fly-n-1	N	N	LEX-fly-B-n-1-2	B	1	2
PWN-fly-n-1	N	N	LEX-fly-B-n-1-3	B	1	3
PWN-fly-n-2	N	N	LEX-fly-A-n-1	A	1	0
PWN-fly-n-2	Y	Y	LEX-fly-A-n-1-1	A	1	1
PWN-fly-n-2	N	N	LEX-fly-A-n-2	A	2	0
PWN-fly-n-2	N	N	LEX-fly-A-n-3	A	3	0
PWN-fly-n-2	N	N	LEX-fly-A-n-4	A	4	0
PWN-fly-n-2	N	N	LEX-fly-A-n-5	A	5	0
PWN-fly-n-2	N	N	LEX-fly-B-n-1	B	1	0
PWN-fly-n-2	N	N	LEX-fly-B-n-1-1	B	1	1
PWN-fly-n-2	N	N	LEX-fly-B-n-1-2	B	1	2
PWN-fly-n-2	N	N	LEX-fly-B-n-1-3	B	1	3
PWN-fly-n-3	Y	Y	LEX-fly-A-n-1	A	1	0
PWN-fly-n-3	Y	Y	LEX-fly-A-n-1-1	A	1	1
PWN-fly-n-3	N	N	LEX-fly-A-n-2	A	2	0
PWN-fly-n-3	N	N	LEX-fly-A-n-3	A	3	0
PWN-fly-n-3	N	N	LEX-fly-A-n-4	A	4	0
PWN-fly-n-3	N	N	LEX-fly-A-n-5	A	5	0
PWN-fly-n-3	N	N	LEX-fly-B-n-1	B	1	0
PWN-fly-n-3	N	N	LEX-fly-B-n-1-1	B	1	1
PWN-fly-n-3	N	N	LEX-fly-B-n-1-2	B	1	2
PWN-fly-n-3	N	N	LEX-fly-B-n-1-3	B	1	3
PWN-fly-n-4	N	N	LEX-fly-A-n-1	A	1	0
PWN-fly-n-4	N	N	LEX-fly-A-n-1-1	A	1	1
PWN-fly-n-4	N	N	LEX-fly-A-n-2	A	2	0
PWN-fly-n-4	Y	Y	LEX-fly-A-n-3	A	3	0
PWN-fly-n-4	N	N	LEX-fly-A-n-4	A	4	0
PWN-fly-n-4	N	N	LEX-fly-A-n-5	A	5	0
PWN-fly-n-4	N	N	LEX-fly-B-n-1	B	1	0
PWN-fly-n-4	N	N	LEX-fly-B-n-1-1	B	1	1
PWN-fly-n-4	N	N	LEX-fly-B-n-1-2	B	1	2
PWN-fly-n-4	N	N	LEX-fly-B-n-1-3	B	1	3
PWN-fly-n-5	N	N	LEX-fly-A-n-1	A	1	0
PWN-fly-n-5	N	N	LEX-fly-A-n-1-1	A	1	1
PWN-fly-n-5	N	N	LEX-fly-A-n-2	A	2	0
PWN-fly-n-5	N	N	LEX-fly-A-n-3	A	3	0
PWN-fly-n-5	N	N	LEX-fly-A-n-4	A	4	0
PWN-fly-n-5	N	N	LEX-fly-A-n-5	A	5	0
PWN-fly-n-5	N	N	LEX-fly-B-n-1	B	1	0
PWN-fly-n-5	N	N	LEX-fly-B-n-1-1	B	1	1
PWN-fly-n-5	N	N	LEX-fly-B-n-1-2	B	1	2
PWN-fly-n-5	Y	Y	LEX-fly-B-n-1-3	B	1	3
PWN-gloss-n-1	N	N	LEX-gloss-A-n-1	A	1	0
PWN-gloss-n-1	N	N	LEX-gloss-A-n-1-1	A	1	1
PWN-gloss-n-1	N	N	LEX-gloss-A-n-2	A	2	0
PWN-gloss-n-1	Y	Y	LEX-gloss-B-n-1	B	1	0
PWN-gloss-n-1	N	N	LEX-gloss-B-n-1-1	B	1	1
PWN-gloss-n-2	N	N	LEX-gloss-A-n-1	A	1	0
PWN-gloss-n-2	N	N	LEX-gloss-A-n-1-1	A	1	1
PWN-gloss-n-2	N	N	LEX-gloss-A-n-2	A	2	0
PWN-gloss-n-2	N	N	LEX-gloss-B-n-1	B	1	0
PWN-gloss-n-2	N	N	LEX-gloss-B-n-1-1	B	1	1
PWN-gloss-n-3	Y	Y	LEX-gloss-A-n-1	A	1	0
PWN-gloss-n-3	N	N	LEX-gloss-A-n-1-1	A	1	1
PWN-gloss-n-3	N	N	LEX-gloss-A-n-2	A	2	0
PWN-gloss-n-3	N	N	LEX-gloss-B-n-1	B	1	0
PWN-gloss-n-3	N	N	LEX-gloss-B-n-1-1	B	1	1
PWN-gloss-n-4	N	N	LEX-gloss-A-n-1	A	1	0
PWN-gloss-n-4	N	N	LEX-gloss-A-n-1-1	A	1	1
PWN-gloss-n-4	Y	Y	LEX-gloss-A-n-2	A	2	0
PWN-gloss-n-4	N	N	LEX-gloss-B-n-1	B	1	0
PWN-gloss-n-4	N	N	LEX-gloss-B-n-1-1	B	1	1
PWN-match-n-1	N	N	LEX-match-A-n-1	A	1	0
PWN-match-n-1	N	N	LEX-match-A-n-2	A	2	0
PWN-match-n-1	N	N	LEX-match-A-n-3	A	3	0
PWN-match-n-1	N	N	LEX-match-A-n-3-1	A	3	1
PWN-match-n-1	N	N	LEX-match-A-n-3-2	A	3	2
PWN-match-n-1	N	N	LEX-match-A-n-3-3	A	3	3
PWN-match-n-1	N	N	LEX-match-A-n-4	A	4	0
PWN-match-n-1	N	N	LEX-match-A-n-4-1	A	4	1
PWN-match-n-1	Y	Y	LEX-match-B-n-1	B	1	0
PWN-match-n-1	N	N	LEX-match-B-n-1-1	B	1	1
PWN-match-n-2	Y	Y	LEX-match-A-n-1	A	1	0
PWN-match-n-2	N	N	LEX-match-A-n-2	A	2	0
PWN-match-n-2	N	N	LEX-match-A-n-3	A	3	0
PWN-match-n-2	N	N	LEX-match-A-n-3-1	A	3	1
PWN-match-n-2	N	N	LEX-match-A-n-3-2	A	3	2
PWN-match-n-2	N	N	LEX-match-A-n-3-3	A	3	3
PWN-match-n-2	N	N	LEX-match-A-n-4	A	4	0
PWN-match-n-2	N	N	LEX-match-A-n-4-1	A	4	1
PWN-match-n-2	N	N	LEX-match-B-n-1	B	1	0
PWN-match-n-2	N	N	LEX-match-B-n-1-1	B	1	1
PWN-match-n-3	N	N	LEX-match-A-n-1	A	1	0
PWN-match-n-3	N	N	LEX-match-A-n-2	A	2	0
PWN-match-n-3	N	N	LEX-match-A-n-3	A	3	0
PWN-match-n-3	N	N	LEX-match-A-n-3-1	A	3	1
PWN-match-n-3	N	N	LEX-match-A-n-3-2	A	3	2
PWN-match-n-3	N	N	LEX-match-A-n-3-3	A	3	3
PWN-match-n-3	N	N	LEX-match-A-n-4	A	4	0
PWN-match-n-3	N	N	LEX-match-A-n-4-1	A	4	1
PWN-match-n-3	N	N	LEX-match-B-n-1	B	1	0
PWN-match-n-3	N	N	LEX-match-B-n-1-1	B	1	1
PWN-match-n-4	N	N	LEX-match-A-n-1	A	1	0
PWN-match-n-4	N	N	LEX-match-A-n-2	A	2	0
PWN-match-n-4	N	N	LEX-match-A-n-3	A	3	0
PWN-match-n-4	Y	Y	LEX-match-A-n-3-1	A	3	1
PWN-match-n-4	N	N	LEX-match-A-n-3-2	A	3	2
PWN-match-n-4	N	N	LEX-match-A-n-3-3	A	3	3
PWN-match-n-4	N	N	LEX-match-A-n-4	A	4	0
PWN-match-n-4	N	N	LEX-match-A-n-4-1	A	4	1
PWN-match-n-4	N	N	LEX-match-B-n-1	B	1	0
PWN-match-n-4	N	N	LEX-match-B-n-1-1	B	1	1
PWN-match-n-5	N	N	LEX-match-A-n-1	A	1	0
PWN-match-n-5	N	N	LEX-match-A-n-2	A	2	0
PWN-match-n-5	N	N	LEX-match-A-n-3	A	3	0
PWN-match-n-5	N	N	LEX-match-A-n-3-1	A	3	1
PWN-match-n-5	N	N	LEX-match-A-n-3-2	A	3	2
PWN-match-n-5	N	N	LEX-match-A-n-3-3	A	3	3
PWN-match-n-5	N	N	LEX-match-A-n-4	A	4	0
PWN-match-n-5	N	N	LEX-match-A-n-4-1	A	4	1
PWN-match-n-5	N	N	LEX-match-B-n-1	B	1	0
PWN-match-n-5	N	N	LEX-match-B-n-1-1	B	1	1
PWN-match-n-6	N	N	LEX-match-A-n-1	A	1	0
PWN-match-n-6	N	N	LEX-match-A-n-2	A	2	0
PWN-match-n-6	N	N	LEX-match-A-n-3	A	3	0
PWN-match-n-6	N	N	LEX-match-A-n-3-1	A	3	1
PWN-match-n-6	N	N	LEX-match-A-n-3-2	A	3	2
PWN-match-n-6	N	N	LEX-match-A-n-3-3	A	3	3
PWN-match-n-6	Y	Y	LEX-match-A-n-4	A	4	0
PWN-match-n-6	N	N	LEX-match-A-n-4-1	A	4	1
PWN-match-n-6	N	N	LEX-match-B-n-1	B	1	0
PWN-match-n-6	N	N	LEX-match-B-n-1-1	B	1	1
PWN-match-n-7	N	N	LEX-match-A-n-1	A	1	0
PWN-match-n-7	Y	Y	LEX-match-A-n-2	A	2	0
PWN-match-n-7	N	N	LEX-match-A-n-3	A	3	0
PWN-match-n-7	N	N	LEX-match-A-n-3-1	A	3	1
PWN-match-n-7	N	N	LEX-match-A-n-3-2	A	3	2
PWN-match-n-7	N	N	LEX-match-A-n-3-3	A	3	3
PWN-match-n-7	N	N	LEX-match-A-n-4	A	4	0
PWN-match-n-7	N	N	LEX-match-A-n-4-1	A	4	1
PWN-match-n-7	N	N	LEX-match-B-n-1	B	1	0
PWN-match-n-7	N	N	LEX-match-B-n-1-1	B	1	1
PWN-match-n-8	N	N	LEX-match-A-n-1	A	1	0
PWN-match-n-8	N	N	LEX-match-A-n-2	A	2	0
PWN-match-n-8	N	N	LEX-match-A-n-3	A	3	0
PWN-match-n-8	N	N	LEX-match-A-n-3-1	A	3	1
PWN-match-n-8	N	N	LEX-match-A-n-3-2	A	3	2
PWN-match-n-8	N	N	LEX-match-A-n-3-3	A	3	3
PWN-match-n-8	N	N	LEX-match-A-n-4	A	4	0
PWN-match-n-8	Y	Y	LEX-match-A-n-4-1	A	4	1
PWN-match-n-8	N	N	LEX-match-B-n-1	B	1	0
PWN-match-n-8	N	N	LEX-match-B-n-1-1	B	1	1
PWN-match-n-9	N	N	LEX-match-A-n-1	A	1	0
PWN-match-n-9	N	N	LEX-match-A-n-2	A	2	0
PWN-match-n-9	Y	Y	LEX-match-A-n-3	A	3	0
PWN-match-n-9	N	N	LEX-match-A-n-3-1	A	3	1
PWN-match-n-9	Y	Y	LEX-match-A-n-3-2	A	3	2
PWN-match-n-9	Y	Y	LEX-match-A-n-3-3	A	3	3
PWN-match-n-9	N	N	LEX-match-A-n-4	A	4	0
PWN-match-n-9	N	N	LEX-match-A-n-4-1	A	4	1
PWN-match-n-9	N	N	LEX-match-B-n-1	B	1	0
PWN-match-n-9	N	N	LEX-match-B-n-1-1	B	1	1
PWN-mean-n-1	Y	Y	LEX-mean-C-n-1	C	1	0
PWN-mean-n-1	N	N	LEX-mean-C-n-2	C	2	0
PWN-palm-n-1	N	N	LEX-palm-A-n-1	A	1	0
PWN-palm-n-1	N	N	LEX-palm-A-n-1-1	A	1	1
PWN-palm-n-1	Y	Y	LEX-palm-B-n-1	B	1	0
PWN-palm-n-1	N	N	LEX-palm-B-n-1-1	B	1	1
PWN-palm-n-1	N	N	LEX-palm-B-n-1-2	B	1	2
PWN-palm-n-1	N	N	LEX-palm-B-n-2	B	2	0
PWN-palm-n-2	N	N	LEX-palm-A-n-1	A	1	0
PWN-palm-n-2	N	N	LEX-palm-A-n-1-1	A	1	1
PWN-palm-n-2	N	N	LEX-palm-B-n-1	B	1	0
PWN-palm-n-2	N	N	LEX-palm-B-n-1-1	B	1	1
PWN-palm-n-2	N	N	LEX-palm-B-n-1-2	B	1	2
PWN-palm-n-2	N	N	LEX-palm-B-n-2	B	2	0
PWN-palm-n-3	Y	Y	LEX-palm-A-n-1	A	1	0
PWN-palm-n-3	N	N	LEX-palm-A-n-1-1	A	1	1
PWN-palm-n-3	N	N	LEX-palm-B-n-1	B	1	0
PWN-palm-n-3	N	N	LEX-palm-B-n-1-1	B	1	1
PWN-palm-n-3	N	N	LEX-palm-B-n-1-2	B	1	2
PWN-palm-n-3	N	N	LEX-palm-B-n-2	B	2	0
PWN-palm-n-4	N	N	LEX-palm-A-n-1	A	1	0
PWN-palm-n-4	Y	Y	LEX-palm-A-n-1-1	A	1	1
PWN-palm-n-4	N	N	LEX-palm-B-n-1	B	1	0
PWN-palm-n-4	N	N	LEX-palm-B-n-1-1	B	1	1
PWN-palm-n-4	N	N	LEX-palm-B-n-1-2	B	1	2
PWN-palm-n-4	N	N	LEX-palm-B-n-2	B	2	0
PWN-ring-n-1	N	N	LEX-ring-A-n-1	A	1	0
PWN-ring-n-1	N	N	LEX-ring-A-n-1-1	A	1	1
PWN-ring-n-1	N	N	LEX-ring-A-n-2	A	2	0
PWN-ring-n-1	N	N	LEX-ring-A-n-2-1	A	2	1
PWN-ring-n-1	N	N	LEX-ring-A-n-2-2	A	2	2
PWN-ring-n-1	N	N	LEX-ring-A-n-2-3	A	2	3
PWN-ring-n-1	N	N	LEX-ring-A-n-2-4	A	2	4
PWN-ring-n-1	N	N	LEX-ring-A-n-2-5	A	2	5
PWN-ring-n-1	N	N	LEX-ring-A-n-2-6	A	2	6
PWN-ring-n-1	N	N	LEX-ring-A-n-2-7	A	2	7
PWN-ring-n-1	N	N	LEX-ring-A-n-2-8	A	2	8
PWN-ring-n-1	N	N	LEX-ring-A-n-2-9	A	2	9
PWN-ring-n-1	N	N	LEX-ring-A-n-3	A	3	0
PWN-ring-n-1	N	N	LEX-ring-A-n-3-1	A	3	1
PWN-ring-n-1	N	N	LEX-ring-A-n-3-2	A	3	2
PWN-ring-n-1	N	N	LEX-ring-A-n-4	A	4	0
PWN-ring-n-1	N	N	LEX-ring-A-n-5	A	5	0
PWN-ring-n-1	N	N	LEX-ring-A-n-6	A	6	0
PWN-ring-n-1	N	N	LEX-ring-B-n-1	B	1	0
PWN-ring-n-1	N	N	LEX-ring-B-n-1-1	B	1	1
PWN-ring-n-1	N	N	LEX-ring-B-n-1-2	B	1	2
PWN-ring-n-1	Y	Y	LEX-ring-B-n-1-3	B	1	3
PWN-ring-n-1	N	N	LEX-ring-B-n-1-4	B	1	4
PWN-ring-n-1	N	N	LEX-ring-B-n-2	B	2	0
PWN-ring-n-2	N	N	LEX-ring-A-n-1	A	1	0
PWN-ring-n-2	N	N	LEX-ring-A-n-1-1	A	1	1
PWN-ring-n-2	Y	Y	LEX-ring-A-n-2	A	2	0
PWN-ring-n-2	N	N	LEX-ring-A-n-2-1	A	2	1
PWN-ring-n-2	Y	Y	LEX-ring-A-n-2-2	A	2	2
PWN-ring-n-2	Y	Y	LEX-ring-A-n-2-3	A	2	3
PWN-ring-n-2	N	N	LEX-ring-A-n-2-4	A	2	4
PWN-ring-n-2	N	N	LEX-ring-A-n-2-5	A	2	5
PWN-ring-n-2	N	N	LEX-ring-A-n-2-6	A	2	6
PWN-ring-n-2	N	N	LEX-ring-A-n-2-7	A	2	7
PWN-ring-n-2	N	N	LEX-ring-A-n-2-8	A	2	8
PWN-ring-n-2	N	N	LEX-ring-A-n-2-9	A	2	9
PWN-ring-n-2	N	N	LEX-ring-A-n-3	A	3	0
PWN-ring-n-2	N	N	LEX-ring-A-n-3-1	A	3	1
PWN-ring-n-2	N	N	LEX-ring-A-n-3-2	A	3	2
PWN-ring-n-2	N	N	LEX-ring-A-n-4	A	4	0
PWN-ring-n-2	N	N	LEX-ring-A-n-5	A	5	0
PWN-ring-n-2	N	N	LEX-ring-A-n-6	A	6	0
PWN-ring-n-2	N	N	LEX-ring-B-n-1	B	1	0
PWN-ring-n-2	N	N	LEX-ring-B-n-1-1	B	1	1
PWN-ring-n-2	N	N	LEX-ring-B-n-1-2	B	1	2
PWN-ring-n-2	N	N	LEX-ring-B-n-1-3	B	1	3
PWN-ring-n-2	N	N	LEX-ring-B-n-1-4	B	1	4
PWN-ring-n-2	N	N	LEX-ring-B-n-2	B	2	0
PWN-ring-n-3	N	N	LEX-ring-A-n-1	A	1	0
PWN-ring-n-3	N	N	LEX-ring-A-n-1-1	A	1	1
PWN-ring-n-3	Y	Y	LEX-ring-A-n-2	A	2	0
PWN-ring-n-3	N	N	LEX-ring-A-n-2-1	A	2	1
PWN-ring-n-3	N	N	LEX-ring-A-n-2-2	A	2	2
PWN-ring-n-3	N	N	LEX-ring-A-n-2-3	A	2	3
PWN-ring-n-3	N	N	LEX-ring-A-n-2-4	A	2	4
PWN-ring-n-3	N	N	LEX-ring-A-n-2-5	A	2	5
PWN-ring-n-3	N	N	LEX-ring-A-n-2-6	A	2	6
PWN-ring-n-3	N	N	LEX-ring-A-n-2-7	A	2	7
PWN-ring-n-3	N	N	LEX-ring-A-n-2-8	A	2	8
PWN-ring-n-3	N	N	LEX-ring-A-n-2-9	A	2	9
PWN-ring-n-3	N	N	LEX-ring-A-n-3	A	3	0
PWN-ring-n-3	N	N	LEX-ring-A-n-3-1	A	3	1
PWN-ring-n-3	N	N	LEX-ring-A-n-3-2	A	3	2
PWN-ring-n-3	N	N	LEX-ring-A-n-4	A	4	0
PWN-ring-n-3	N	N	LEX-ring-A-n-5	A	5	0
PWN-ring-n-3	N	N	LEX-ring-A-n-6	A	6	0
PWN-ring-n-3	N	N	LEX-ring-B-n-1	B	1	0
PWN-ring-n-3	N	N	LEX-ring-B-n-1-1	B	1	1
PWN-ring-n-3	N	N	LEX-ring-B-n-1-2	B	1	2
PWN-ring-n-3	N	N	LEX-ring-B-n-1-3	B	1	3
PWN-ring-n-3	N	N	LEX-ring-B-n-1-4	B	1	4
PWN-ring-n-3	N	N	LEX-ring-B-n-2	B	2	0
PWN-ring-n-4	N	N	LEX-ring-A-n-1	A	1	0
PWN-ring-n-4	N	N	LEX-ring-A-n-1-1	A	1	1
PWN-ring-n-4	N	N	LEX-ring-A-n-2	A	2	0
PWN-ring-n-4	N	N	LEX-ring-A-n-2-1	A	2	1
PWN-ring-n-4	N	N	LEX-ring-A-n-2-2	A	2	2
PWN-ring-n-4	N	N	LEX-ring-A-n-2-3	A	2	3
PWN-ring-n-4	N	N	LEX-ring-A-n-2-4	A	2	4
PWN-ring-n-4	N	N	LEX-ring-A-n-2-5	A	2	5
PWN-ring-n-4	N	N	LEX-ring-A-n-2-6	A	2	6
PWN-ring-n-4	N	N	LEX-ring-A-n-2-7	A	2	7
PWN-ring-n-4	N	N	LEX-ring-A-n-2-8	A	2	8
PWN-ring-n-4	N	N	LEX-ring-A-n-2-9	A	2	9
PWN-ring-n-4	N	N	LEX-ring-A-n-3	A	3	0
PWN-ring-n-4	N	N	LEX-ring-A-n-3-1	A	3	1
PWN-ring-n-4	N	N	LEX-ring-A-n-3-2	A	3	2
PWN-ring-n-4	N	N	LEX-ring-A-n-4	A	4	0
PWN-ring-n-4	Y	Y	LEX-ring-A-n-5	A	5	0
PWN-ring-n-4	N	N	LEX-ring-A-n-6	A	6	0
PWN-ring-n-4	N	N	LEX-ring-B-n-1	B	1	0
PWN-ring-n-4	N	N	LEX-ring-B-n-1-1	B	1	1
PWN-ring-n-4	N	N	LEX-ring-B-n-1-2	B	1	2
PWN-ring-n-4	N	N	LEX-ring-B-n-1-3	B	1	3
PWN-ring-n-4	N	N	LEX-ring-B-n-1-4	B	1	4
PWN-ring-n-4	N	N	LEX-ring-B-n-2	B	2	0
PWN-ring-n-5	N	N	LEX-ring-A-n-1	A	1	0
PWN-ring-n-5	N	N	LEX-ring-A-n-1-1	A	1	1
PWN-ring-n-5	N	N	LEX-ring-A-n-2	A	2	0
PWN-ring-n-5	N	N	LEX-ring-A-n-2-1	A	2	1
PWN-ring-n-5	N	N	LEX-ring-A-n-2-2	A	2	2
PWN-ring-n-5	N	N	LEX-ring-A-n-2-3	A	2	3
PWN-ring-n-5	N	N	LEX-ring-A-n-2-4	A	2	4
PWN-ring-n-5	N	N	LEX-ring-A-n-2-5	A	2	5
PWN-ring-n-5	N	N	LEX-ring-A-n-2-6	A	2	6
PWN-ring-n-5	N	N	LEX-ring-A-n-2-7	A	2	7
PWN-ring-n-5	N	N	LEX-ring-A-n-2-8	A	2	8
PWN-ring-n-5	N	N	LEX-ring-A-n-2-9	A	2	9
PWN-ring-n-5	N	N	LEX-ring-A-n-3	A	3	0
PWN-ring-n-5	N	N	LEX-ring-A-n-3-1	A	3	1
PWN-ring-n-5	N	N	LEX-ring-A-n-3-2	A	3	2
PWN-ring-n-5	Y	Y	LEX-ring-A-n-4	A	4	0
PWN-ring-n-5	N	N	LEX-ring-A-n-5	A	5	0
PWN-ring-n-5	N	N	LEX-ring-A-n-6	A	6	0
PWN-ring-n-5	N	N	LEX-ring-B-n-1	B	1	0
PWN-ring-n-5	N	N	LEX-ring-B-n-1-1	B	1	1
PWN-ring-n-5	N	N	LEX-ring-B-n-1-2	B	1	2
PWN-ring-n-5	N	N	LEX-ring-B-n-1-3	B	1	3
PWN-ring-n-5	N	N	LEX-ring-B-n-1-4	B	1	4
PWN-ring-n-5	N	N	LEX-ring-B-n-2	B	2	0
PWN-ring-n-6	N	N	LEX-ring-A-n-1	A	1	0
PWN-ring-n-6	N	N	LEX-ring-A-n-1-1	A	1	1
PWN-ring-n-6	N	N	LEX-ring-A-n-2	A	2	0
PWN-ring-n-6	N	N	LEX-ring-A-n-2-1	A	2	1
PWN-ring-n-6	N	N	LEX-ring-A-n-2-2	A	2	2
PWN-ring-n-6	N	N	LEX-ring-A-n-2-3	A	2	3
PWN-ring-n-6	N	N	LEX-ring-A-n-2-4	A	2	4
PWN-ring-n-6	N	N	LEX-ring-A-n-2-5	A	2	5
PWN-ring-n-6	N	N	LEX-ring-A-n-2-6	A	2	6
PWN-ring-n-6	N	N	LEX-ring-A-n-2-7	A	2	7
PWN-ring-n-6	N	N	LEX-ring-A-n-2-8	A	2	8
PWN-ring-n-6	N	N	LEX-ring-A-n-2-9	A	2	9
PWN-ring-n-6	N	N	LEX-ring-A-n-3	A	3	0
PWN-ring-n-6	N	N	LEX-ring-A-n-3-1	A	3	1
PWN-ring-n-6	N	N	LEX-ring-A-n-3-2	A	3	2
PWN-ring-n-6	N	N	LEX-ring-A-n-4	A	4	0
PWN-ring-n-6	N	N	LEX-ring-A-n-5	A	5	0
PWN-ring-n-6	N	N	LEX-ring-A-n-6	A	6	0
PWN-ring-n-6	Y	Y	LEX-ring-B-n-1	B	1	0
PWN-ring-n-6	Y	Y	LEX-ring-B-n-1-1	B	1	1
PWN-ring-n-6	N	N	LEX-ring-B-n-1-2	B	1	2
PWN-ring-n-6	N	N	LEX-ring-B-n-1-3	B	1	3
PWN-ring-n-6	N	N	LEX-ring-B-n-1-4	B	1	4
PWN-ring-n-6	N	N	LEX-ring-B-n-2	B	2	0
PWN-ring-n-7	N	N	LEX-ring-A-n-1	A	1	0
PWN-ring-n-7	N	N	LEX-ring-A-n-1-1	A	1	1
PWN-ring-n-7	N	N	LEX-ring-A-n-2	A	2	0
PWN-ring-n-7	N	N	LEX-ring-A-n-2-1	A	2	1
PWN-ring-n-7	N	N	LEX-ring-A-n-2-2	A	2	2
PWN-ring-n-7	N	N	LEX-ring-A-n-2-3	A	2	3
PWN-ring-n-7	N	N	LEX-ring-A-n-2-4	A	2	4
PWN-ring-n-7	N	N	LEX-ring-A-n-2-5	A	2	5
PWN-ring-n-7	N	N	LEX-ring-A-n-2-6	A	2	6
PWN-ring-n-7	N	N	LEX-ring-A-n-2-7	A	2	7
PWN-ring-n-7	N	N	LEX-ring-A-n-2-8	A	2	8
PWN-ring-n-7	N	N	LEX-ring-A-n-2-9	A	2	9
PWN-ring-n-7	N	N	LEX-ring-A-n-3	A	3	0
PWN-ring-n-7	Y	Y	LEX-ring-A-n-3-1	A	3	1
PWN-ring-n-7	N	N	LEX-ring-A-n-3-2	A	3	2
PWN-ring-n-7	N	N	LEX-ring-A-n-4	A	4	0
PWN-ring-n-7	N	N	LEX-ring-A-n-5	A	5	0
PWN-ring-n-7	N	N	LEX-ring-A-n-6	A	6	0
PWN-ring-n-7	N	N	LEX-ring-B-n-1	B	1	0
PWN-ring-n-7	N	N	LEX-ring-B-n-1-1	B	1	1
PWN-ring-n-7	N	N	LEX-ring-B-n-1-2	B	1	2
PWN-ring-n-7	N	N	LEX-ring-B-n-1-3	B	1	3
PWN-ring-n-7	N	N	LEX-ring-B-n-1-4	B	1	4
PWN-ring-n-7	N	N	LEX-ring-B-n-2	B	2	0
PWN-ring-n-8	Y	Y	LEX-ring-A-n-1	A	1	0
PWN-ring-n-8	N	N	LEX-ring-A-n-1-1	A	1	1
PWN-ring-n-8	N	N	LEX-ring-A-n-2	A	2	0
PWN-ring-n-8	N	N	LEX-ring-A-n-2-1	A	2	1
PWN-ring-n-8	N	N	LEX-ring-A-n-2-2	A	2	2
PWN-ring-n-8	N	N	LEX-ring-A-n-2-3	A	2	3
PWN-ring-n-8	N	N	LEX-ring-A-n-2-4	A	2	4
PWN-ring-n-8	N	N	LEX-ring-A-n-2-5	A	2	5
PWN-ring-n-8	N	N	LEX-ring-A-n-2-6	A	2	6
PWN-ring-n-8	N	N	LEX-ring-A-n-2-7	A	2	7
PWN-ring-n-8	N	N	LEX-ring-A-n-2-8	A	2	8
PWN-ring-n-8	N	N	LEX-ring-A-n-2-9	A	2	9
PWN-ring-n-8	N	N	LEX-ring-A-n-3	A	3	0
PWN-ring-n-8	N	N	LEX-ring-A-n-3-1	A	3	1
PWN-ring-n-8	N	N	LEX-ring-A-n-3-2	A	3	2
PWN-ring-n-8	N	N	LEX-ring-A-n-4	A	4	0
PWN-ring-n-8	N	N	LEX-ring-A-n-5	A	5	0
PWN-ring-n-8	N	N	LEX-ring-A-n-6	A	6	0
PWN-ring-n-8	N	N	LEX-ring-B-n-1	B	1	0
PWN-ring-n-8	N	N	LEX-ring-B-n-1-1	B	1	1
PWN-ring-n-8	N	N	LEX-ring-B-n-1-2	B	1	2
PWN-ring-n-8	N	N	LEX-ring-B-n-1-3	B	1	3
PWN-ring-n-8	N	N	LEX-ring-B-n-1-4	B	1	4
PWN-ring-n-8	N	N	LEX-ring-B-n-2	B	2	0
PWN-ring-n-9	N	N	LEX-ring-A-n-1	A	1	0
PWN-ring-n-9	Y	Y	LEX-ring-A-n-1-1	A	1	1
PWN-ring-n-9	N	N	LEX-ring-A-n-2	A	2	0
PWN-ring-n-9	N	N	LEX-ring-A-n-2-1	A	2	1
PWN-ring-n-9	N	N	LEX-ring-A-n-2-2	A	2	2
PWN-ring-n-9	N	N	LEX-ring-A-n-2-3	A	2	3
PWN-ring-n-9	N	N	LEX-ring-A-n-2-4	A	2	4
PWN-ring-n-9	N	N	LEX-ring-A-n-2-5	A	2	5
PWN-ring-n-9	N	N	LEX-ring-A-n-2-6	A	2	6
PWN-ring-n-9	N	N	LEX-ring-A-n-2-7	A	2	7
PWN-ring-n-9	N	N	LEX-ring-A-n-2-8	A	2	8
PWN-ring-n-9	N	N	LEX-ring-A-n-2-9	A	2	9
PWN-ring-n-9	N	N	LEX-ring-A-n-3	A	3	0
PWN-ring-n-9	N	N	LEX-ring-A-n-3-1	A	3	1
PWN-ring-n-9	N	N	LEX-ring-A-n-3-2	A	3	2
PWN-ring-n-9	N	N	LEX-ring-A-n-4	A	4	0
PWN-ring-n-9	N	N	LEX-ring-A-n-5	A	5	0
PWN-ring-n-9	N	N	LEX-ring-A-n-6	A	6	0
PWN-ring-n-9	N	N	LEX-ring-B-n-1	B	1	0
PWN-ring-n-9	N	N	LEX-ring-B-n-1-1	B	1	1
PWN-ring-n-9	N	N	LEX-ring-B-n-1-2	B	1	2
PWN-ring-n-9	N	N	LEX-ring-B-n-1-3	B	1	3
PWN-ring-n-9	N	N	LEX-ring-B-n-1-4	B	1	4
PWN-ring-n-9	N	N	LEX-ring-B-n-2	B	2	0
PWN-rock-n-1	N	N	LEX-rock-A-n-1	A	1	0
PWN-rock-n-1	Y	Y	LEX-rock-A-n-1-1	A	1	1
PWN-rock-n-1	N	N	LEX-rock-A-n-1-2	A	1	2
PWN-rock-n-1	Y	Y	LEX-rock-A-n-2	A	2	0
PWN-rock-n-1	Y	Y	LEX-rock-A-n-2-1	A	2	1
PWN-rock-n-1	N	N	LEX-rock-A-n-2-2	A	2	2
PWN-rock-n-1	N	N	LEX-rock-A-n-2-3	A	2	3
PWN-rock-n-1	N	N	LEX-rock-A-n-2-4	A	2	4
PWN-rock-n-1	N	N	LEX-rock-A-n-2-5	A	2	5
PWN-rock-n-1	N	N	LEX-rock-A-n-3	A	3	0
PWN-rock-n-1	N	N	LEX-rock-A-n-3-1	A	3	1
PWN-rock-n-1	N	N	LEX-rock-A-n-4	A	4	0
PWN-rock-n-1	N	N	LEX-rock-B-n-1	B	1	0
PWN-rock-n-1	N	N	LEX-rock-B-n-1-1	B	1	1
PWN-rock-n-1	N	N	LEX-rock-B-n-2	B	2	0
PWN-rock-n-2	Y	Y	LEX-rock-A-n-1	A	1	0
PWN-rock-n-2	N	N	LEX-rock-A-n-1-1	A	1	1
PWN-rock-n-2	Y	Y	LEX-rock-A-n-1-2	A	1	2
PWN-rock-n-2	N	N	LEX-rock-A-n-2	A	2	0
PWN-rock-n-2	N	N	LEX-rock-A-n-2-1	A	2	1
PWN-rock-n-2	N	N	LEX-rock-A-n-2-2	A	2	2
PWN-rock-n-2	N	N	LEX-rock-A-n-2-3	A	2	3
PWN-rock-n-2	N	N	LEX-rock-A-n-2-4	A	2	4
PWN-rock-n-2	N	N	LEX-rock-A-n-2-5	A	2	5
PWN-rock-n-2	N	N	LEX-rock-A-n-3	A	3	0
PWN-rock-n-2	N	N	LEX-rock-A-n-3-1	A	3	1
PWN-rock-n-2	N	N	LEX-rock-A-n-4	A	4	0
PWN-rock-n-2	N	N	LEX-rock-B-n-1	B	1	0
PWN-rock-n-2	N	N	LEX-rock-B-n-1-1	B	1	1
PWN-rock-n-2	N	N	LEX-rock-B-n-2	B	2	0
PWN-rock-n-4	N	N	LEX-rock-A-n-1	A	1	0
PWN-rock-n-4	N	N	LEX-rock-A-n-1-1	A	1	1
PWN-rock-n-4	N	N	LEX-rock-A-n-1-2	A	1	2
PWN-rock-n-4	N	N	LEX-rock-A-n-2	A	2	0
PWN-rock-n-4	N	N	LEX-rock-A-n-2-1	A	2	1
PWN-rock-n-4	N	N	LEX-rock-A-n-2-2	A	2	2
PWN-rock-n-4	N	N	LEX-rock-A-n-2-3	A	2	3
PWN-rock-n-4	N	N	LEX-rock-A-n-2-4	A	2	4
PWN-rock-n-4	N	N	LEX-rock-A-n-2-5	A	2	5
PWN-rock-n-4	Y	Y	LEX-rock-A-n-3	A	3	0
PWN-rock-n-4	N	N	LEX-rock-A-n-3-1	A	3	1
PWN-rock-n-4	N	N	LEX-rock-A-n-4	A	4	0
PWN-rock-n-4	N	N	LEX-rock-B-n-1	B	1	0
PWN-rock-n-4	N	N	LEX-rock-B-n-1-1	B	1	1
PWN-rock-n-4	N	N	LEX-rock-B-n-2	B	2	0
PWN-rock-n-5	N	N	LEX-rock-A-n-1	A	1	0
PWN-rock-n-5	N	N	LEX-rock-A-n-1-1	A	1	1
PWN-rock-n-5	N	N	LEX-rock-A-n-1-2	A	1	2
PWN-rock-n-5	N	N	LEX-rock-A-n-2	A	2	0
PWN-rock-n-5	N	N	LEX-rock-A-n-2-1	A	2	1
PWN-rock-n-5	Y	Y	LEX-rock-A-n-2-2	A	2	2
PWN-rock-n-5	N	N	LEX-rock-A-n-2-3	A	2	3
PWN-rock-n-5	N	N	LEX-rock-A-n-2-4	A	2	4
PWN-rock-n-5	N	N	LEX-rock-A-n-2-5	A	2	5
PWN-rock-n-5	N	N	LEX-rock-A-n-3	A	3	0
PWN-rock-n-5	N	N	LEX-rock-A-n-3-1	A	3	1
PWN-rock-n-5	N	N	LEX-rock-A-n-4	A	4	0
PWN-rock-n-5	N	N	LEX-rock-B-n-1	B	1	0
PWN-rock-n-5	N	N	LEX-rock-B-n-1-1	B	1	1
PWN-rock-n-5	N	N	LEX-rock-B-n-2	B	2	0
PWN-rock-n-6	N	N	LEX-rock-A-n-1	A	1	0
PWN-rock-n-6	N	N	LEX-rock-A-n-1-1	A	1	1
PWN-rock-n-6	N	N	LEX-rock-A-n-1-2	A	1	2
PWN-rock-n-6	N	N	LEX-rock-A-n-2	A	2	0
PWN-rock-n-6	N	N	LEX-rock-A-n-2-1	A	2	1
PWN-rock-n-6	N	N	LEX-rock-A-n-2-2	A	2	2
PWN-rock-n-6	N	N	LEX-rock-A-n-2-3	A	2	3
PWN-rock-n-6	N	N	LEX-rock-A-n-2-4	A	2	4
PWN-rock-n-6	N	N	LEX-rock-A-n-2-5	A	2	5
PWN-rock-n-6	N	N	LEX-rock-A-n-3	A	3	0
PWN-rock-n-6	N	N	LEX-rock-A-n-3-1	A	3	1
PWN-rock-n-6	N	N	LEX-rock-A-n-4	A	4	0
PWN-rock-n-6	Y	Y	LEX-rock-B-n-1	B	1	0
PWN-rock-n-6	Y	Y	LEX-rock-B-n-1-1	B	1	1
PWN-rock-n-6	N	N	LEX-rock-B-n-2	B	2	0
PWN-rock-n-7	N	N	LEX-rock-A-n-1	A	1	0
PWN-rock-n-7	N	N	LEX-rock-A-n-1-1	A	1	1
PWN-rock-n-7	N	N	LEX-rock-A-n-1-2	A	1	2
PWN-rock-n-7	N	N	LEX-rock-A-n-2	A	2	0
PWN-rock-n-7	N	N	LEX-rock-A-n-2-1	A	2	1
PWN-rock-n-7	N	N	LEX-rock-A-n-2-2	A	2	2
PWN-rock-n-7	N	N	LEX-rock-A-n-2-3	A	2	3
PWN-rock-n-7	N	N	LEX-rock-A-n-2-4	A	2	4
PWN-rock-n-7	N	N	LEX-rock-A-n-2-5	A	2	5
PWN-rock-n-7	N	N	LEX-rock-A-n-3	A	3	0
PWN-rock-n-7	N	N	LEX-rock-A-n-3-1	A	3	1
PWN-rock-n-7	N	N	LEX-rock-A-n-4	A	4	0
PWN-rock-n-7	N	N	LEX-rock-B-n-1	B	1	0
PWN-rock-n-7	N	N	LEX-rock-B-n-1-1	B	1	1
PWN-rock-n-7	N	N	LEX-rock-B-n-2	B	2	0
PWN-rose-n-1	Y	Y	LEX-rose-A-n-1	A	1	0
PWN-rose-n-1	N	N	LEX-rose-A-n-1-1	A	1	1
PWN-rose-n-1	N	N	LEX-rose-A-n-1-2	A	1	2
PWN-rose-n-1	N	N	LEX-rose-A-n-1-3	A	1	3
PWN-rose-n-1	N	N	LEX-rose-A-n-1-4	A	1	4
PWN-rose-n-1	N	N	LEX-rose-A-n-2	A	2	0
PWN-rose-n-1	N	N	LEX-rose-A-n-2-1	A	2	1
PWN-rose-n-1	N	N	LEX-rose-A-n-3	A	3	0
PWN-rose-n-1	N	N	LEX-rose-A-n-3-1	A	3	1
PWN-rose-n-1	N	N	LEX-rose-A-n-4	A	4	0
PWN-rose-n-1	N	N	LEX-rose-A-n-5	A	5	0
PWN-rose-n-1	N	N	LEX-rose-C-n-1	C	1	0
PWN-rose-n-2	N	N	LEX-rose-A-n-1	A	1	0
PWN-rose-n-2	N	N	LEX-rose-A-n-1-1	A	1	1
PWN-rose-n-2	N	N	LEX-rose-A-n-1-2	A	1	2
PWN-rose-n-2	N	N	LEX-rose-A-n-1-3	A	1	3
PWN-rose-n-2	N	N	LEX-rose-A-n-1-4	A	1	4
PWN-rose-n-2	N	N	LEX-rose-A-n-2	A	2	0
PWN-rose-n-2	N	N	LEX-rose-A-n-2-1	A	2	1
PWN-rose-n-2	N	N	LEX-rose-A-n-3	A	3	0
PWN-rose-n-2	N	N	LEX-rose-A-n-3-1	A	3	1
PWN-rose-n-2	N	N	LEX-rose-A-n-4	A	4	0
PWN-rose-n-2	N	N	LEX-rose-A-n-5	A	5	0
PWN-rose-n-2	Y	Y	LEX-rose-C-n-1	C	1	0
PWN-rose-n-3	N	N	LEX-rose-A-n-1	A	1	0
PWN-rose-n-3	N	N	LEX-rose-A-n-1-1	A	1	1
PWN-rose-n-3	N	N	LEX-rose-A-n-1-2	A	1	2
PWN-rose-n-3	N	N	LEX-rose-A-n-1-3	A	1	3
PWN-rose-n-3	N	N	LEX-rose-A-n-1-4	A	1	4
PWN-rose-n-3	N	N	LEX-rose-A-n-2	A	2	0
PWN-rose-n-3	N	N	LEX-rose-A-n-2-1	A	2	1
PWN-rose-n-3	Y	Y	LEX-rose-A-n-3	A	3	0
PWN-rose-n-3	N	N	LEX-rose-A-n-3-1	A	3	1
PWN-rose-n-3	N	N	LEX-rose-A-n-4	A	4	0
PWN-rose-n-3	N	N	LEX-rose-A-n-5	A	5	0
PWN-rose-n-3	N	N	LEX-rose-C-n-1	C	1	0
PWN-saw-n-1	N	N	LEX-saw-A-n-1	A	1	0
PWN-saw-n-1	N	N	LEX-saw-A-n-1-1	A	1	1
PWN-saw-n-1	N	N	LEX-saw-A-n-1-2	A	1	2
PWN-saw-n-1	Y	Y	LEX-saw-C-n-1	C	1	0
PWN-saw-n-2	Y	Y	LEX-saw-A-n-1	A	1	0
PWN-saw-n-2	N	N	LEX-saw-A-n-1-1	A	1	1
PWN-saw-n-2	N	N	LEX-saw-A-n-1-2	A	1	2
PWN-saw-n-2	N	N	LEX-saw-C-n-1	C	1	0
PWN-saw-n-3	N	N	LEX-saw-A-n-1	A	1	0
PWN-saw-n-3	Y	Y	LEX-saw-A-n-1-1	A	1	1
PWN-saw-n-3	N	N	LEX-saw-A-n-1-2	A	1	2
PWN-saw-n-3	N	N	LEX-saw-C-n-1	C	1	0
PWN-scale-n-1	N	N	LEX-scale-A-n-1	A	1	0
PWN-scale-n-1	N	N	LEX-scale-A-n-2	A	2	0
PWN-scale-n-1	N	N	LEX-scale-A-n-2-1	A	2	1
PWN-scale-n-1	N	N	LEX-scale-A-n-2-2	A	2	2
PWN-scale-n-1	N	N	LEX-scale-A-n-3	A	3	0
PWN-scale-n-1	N	N	LEX-scale-A-n-3-1	A	3	1
PWN-scale-n-1	N	N	LEX-scale-A-n-3-2	A	3	2
PWN-scale-n-1	N	N	LEX-scale-A-n-3-3	A	3	3
PWN-scale-n-1	N	N	LEX-scale-B-n-1	B	1	0
PWN-scale-n-1	N	N	LEX-scale-B-n-1-1	B	1	1
PWN-scale-n-1	N	N	LEX-scale-B-n-1-2	B	1	2
PWN-scale-n-1	N	N	LEX-scale-B-n-2	B	2	0
PWN-scale-n-1	Y	Y	LEX-scale-C-n-1	C	1	0
PWN-scale-n-1	N	N	LEX-scale-C-n-1-1	C	1	1
PWN-scale-n-1	N	N	LEX-scale-C-n-1-2	C	1	2
PWN-scale-n-1	N	N	LEX-scale-C-n-1-3	C	1	3
PWN-scale-n-1	N	N	LEX-scale-C-n-1-4	C	1	4
PWN-scale-n-1	N	N	LEX-scale-C-n-2	C	2	0
PWN-scale-n-1	N	N	LEX-scale-C-n-2-1	C	2	1
PWN-scale-n-1	N	N	LEX-scale-C-n-3	C	3	0
PWN-scale-n-1	N	N	LEX-scale-C-n-3-1	C	3	1
PWN-scale-n-1	N	N	LEX-scale-C-n-4	C	4	0
PWN-scale-n-1	N	N	LEX-scale-C-n-5	C	5	0
PWN-scale-n-2	N	N	LEX-scale-A-n-1	A	1	0
PWN-scale-n-2	N	N	LEX-scale-A-n-2	A	2	0
PWN-scale-n-2	N	N	LEX-scale-A-n-2-1	A	2	1
PWN-scale-n-2	N	N	LEX-scale-A-n-2-2	A	2	2
PWN-scale-n-2	N	N	LEX-scale-A-n-3	A	3	0
PWN-scale-n-2	N	N	LEX-scale-A-n-3-1	A	3	1
PWN-scale-n-2	N	N	LEX-scale-A-n-3-2	A	3	2
PWN-scale-n-2	N	N	LEX-scale-A-n-3-3	A	3	3
PWN-scale-n-2	N	N	LEX-scale-B-n-1	B	1	0
PWN-scale-n-2	N	N	LEX-scale-B-n-1-1	B	1	1
PWN-scale-n-2	N	N	LEX-scale-B-n-1-2	B	1	2
PWN-scale-n-2	N	N	LEX-scale-B-n-2	B	2	0
PWN-scale-n-2	N	N	LEX-scale-C-n-1	C	1	0
PWN-scale-n-2	N	N	LEX-scale-C-n-1-1	C	1	1
PWN-scale-n-2	N	N	LEX-scale-C-n-1-2	C	1	2
PWN-scale-n-2	N	N	LEX-scale-C-n-1-3	C	1	3
PWN-scale-n-2	N	N	LEX-scale-C-n-1-4	C	1	4
PWN-scale-n-2	Y	Y	LEX-scale-C-n-2	C	2	0
PWN-scale-n-2	N	N	LEX-scale-C-n-2-1	C	2	1
PWN-scale-n-2	N	N	LEX-scale-C-n-3	C	3	0
PWN-scale-n-2	N	N	LEX-scale-C-n-3-1	C	3	1
PWN-scale-n-2	N	N	LEX-scale-C-n-4	C	4	0
PWN-scale-n-2	N	N	LEX-scale-C-n-5	C	5	0
PWN-scale-n-3	N	N	LEX-scale-A-n-1	A	1	0
PWN-scale-n-3	N	N	LEX-scale-A-n-2	A	2	0
PWN-scale-n-3	N	N	LEX-scale-A-n-2-1	A	2	1
PWN-scale-n-3	N	N	LEX-scale-A-n-2-2	A	2	2
PWN-scale-n-3	N	N	LEX-scale-A-n-3	A	3	0
PWN-scale-n-3	N	N	LEX-scale-A-n-3-1	A	3	1
PWN-scale-n-3	N	N	LEX-scale-A-n-3-2	A	3	2
PWN-scale-n-3	N	N	LEX-scale-A-n-3-3	A	3	3
PWN-scale-n-3	N	N	LEX-scale-B-n-1	B	1	0
PWN-scale-n-3	N	N	LEX-scale-B-n-1-1	B	1	1
PWN-scale-n-3	N	N	LEX-scale-B-n-1-2	B	1	2
PWN-scale-n-3	N	N	LEX-scale-B-n-2	B	2	0
PWN-scale-n-3	N	N	LEX-scale-C-n-1	C	1	0
PWN-scale-n-3	N	N	LEX-scale-C-n-1-1	C	1	1
PWN-scale-n-3	N	N	LEX-scale-C-n-1-2	C	1	2
PWN-scale-n-3	N	N	LEX-scale-C-n-1-3	C	1	3
PWN-scale-n-3	N	N	LEX-scale-C-n-1-4	C	1	4
PWN-scale-n-3	N	N	LEX-scale-C-n-2	C	2	0
PWN-scale-n-3	Y	Y	LEX-scale-C-n-2-1	C	2	1
PWN-scale-n-3	N	N	LEX-scale-C-n-3	C	3	0
PWN-scale-n-3	N	N	LEX-scale-C-n-3-1	C	3	1
PWN-scale-n-3	N	N	LEX-scale-C-n-4	C	4	0
PWN-scale-n-3	N	N	LEX-scale-C-n-5	C	5	0
PWN-scale-n-4	N	N	LEX-scale-A-n-1	A	1	0
PWN-scale-n-4	N	N	LEX-scale-A-n-2	A	2	0
PWN-scale-n-4	Y	Y	LEX-scale-A-n-2-1	A	2	1
PWN-scale-n-4	N	N	LEX-scale-A-n-2-2	A	2	2
PWN-scale-n-4	N	N	LEX-scale-A-n-3	A	3	0
PWN-scale-n-4	N	N	LEX-scale-A-n-3-1	A	3	1
PWN-scale-n-4	N	N	LEX-scale-A-n-3-2	A	3	2
PWN-scale-n-4	N	N	LEX-scale-A-n-3-3	A	3	3
PWN-scale-n-4	N	N	LEX-scale-B-n-1	B	1	0
PWN-scale-n-4	N	N	LEX-scale-B-n-1-1	B	1	1
PWN-scale-n-4	N	N	LEX-scale-B-n-1-2	B	1	2
PWN-scale-n-4	N	N	LEX-scale-B-n-2	B	2	0
PWN-scale-n-4	N	N	LEX-scale-C-n-1	C	1	0
PWN-scale-n-4	N	N	LEX-scale-C-n-1-1	C	1	1
PWN-scale-n-4	N	N	LEX-scale-C-n-1-2	C	1	2
PWN-scale-n-4	N	N	LEX-scale-C-n-1-3	C	1	3
PWN-scale-n-4	N	N	LEX-scale-C-n-1-4	C	1	4
PWN-scale-n-4	N	N	LEX-scale-C-n-2	C	2	0
PWN-scale-n-4	N	N	LEX-scale-C-n-2-1	C	2	1
PWN-scale-n-4	N	N	LEX-scale-C-n-3	C	3	0
PWN-scale-n-4	N	N	LEX-scale-C-n-3-1	C	3	1
PWN-scale-n-4	N	N	LEX-scale-C-n-4	C	4	0
PWN-scale-n-4	N	N	LEX-scale-C-n-5	C	5	0
PWN-scale-n-5	N	N	LEX-scale-A-n-1	A	1	0
PWN-scale-n-5	Y	Y	LEX-scale-A-n-2	A	2	0
PWN-scale-n-5	N	N	LEX-scale-A-n-2-1	A	2	1
PWN-scale-n-5	N	N	LEX-scale-A-n-2-2	A	2	2
PWN-scale-n-5	N	N	LEX-scale-A-n-3	A	3	0
PWN-scale-n-5	N	N	LEX-scale-A-n-3-1	A	3	1
PWN-scale-n-5	N	N	LEX-scale-A-n-3-2	A	3	2
PWN-scale-n-5	N	N	LEX-scale-A-n-3-3	A	3	3
PWN-scale-n-5	N	N	LEX-scale-B-n-1	B	1	0
PWN-scale-n-5	N	N	LEX-scale-B-n-1-1	B	1	1
PWN-scale-n-5	N	N	LEX-scale-B-n-1-2	B	1	2
PWN-scale-n-5	N	N	LEX-scale-B-n-2	B	2	0
PWN-scale-n-5	N	N	LEX-scale-C-n-1	C	1	0
PWN-scale-n-5	N	N	LEX-scale-C-n-1-1	C	1	1
PWN-scale-n-5	N	N	LEX-scale-C-n-1-2	C	1	2
PWN-scale-n-5	N	N	LEX-scale-C-n-1-3	C	1	3
PWN-scale-n-5	N	N	LEX-scale-C-n-1-4	C	1	4
PWN-scale-n-5	N	N	LEX-scale-C-n-2	C	2	0
PWN-scale-n-5	N	N	LEX-scale-C-n-2-1	C	2	1
PWN-scale-n-5	N	N	LEX-scale-C-n-3	C	3	0
PWN-scale-n-5	N	N	LEX-scale-C-n-3-1	C	3	1
PWN-scale-n-5	N	N	LEX-scale-C-n-4	C	4	0
PWN-scale-n-5	N	N	LEX-scale-C-n-5	C	5	0
PWN-scale-n-6	N	N	LEX-scale-A-n-1	A	1	0
PWN-scale-n-6	N	N	LEX-scale-A-n-2	A	2	0
PWN-scale-n-6	N	N	LEX-scale-A-n-2-1	A	2	1
PWN-scale-n-6	N	N	LEX-scale-A-n-2-2	A	2	2
PWN-scale-n-6	N	N	LEX-scale-A-n-3	A	3	0
PWN-scale-n-6	N	N	LEX-scale-A-n-3-1	A	3	1
PWN-scale-n-6	N	N	LEX-scale-A-n-3-2	A	3	2
PWN-scale-n-6	N	N	LEX-scale-A-n-3-3	A	3	3
PWN-scale-n-6	N	N	LEX-scale-B-n-1	B	1	0
PWN-scale-n-6	N	N	LEX-scale-B-n-1-1	B	1	1
PWN-scale-n-6	N	N	LEX-scale-B-n-1-2	B	1	2
PWN-scale-n-6	N	N	LEX-scale-B-n-2	B	2	0
PWN-scale-n-6	N	N	LEX-scale-C-n-1	C	1	0
PWN-scale-n-6	N	N	LEX-scale-C-n-1-1	C	1	1
PWN-scale-n-6	N	N	LEX-scale-C-n-1-2	C	1	2
PWN-scale-n-6	N	N	LEX-scale-C-n-1-3	C	1	3
PWN-scale-n-6	N	N	LEX-scale-C-n-1-4	C	1	4
PWN-scale-n-6	N	N	LEX-scale-C-n-2	C	2	0
PWN-scale-n-6	N	N	LEX-scale-C-n-2-1	C	2	1
PWN-scale-n-6	Y	Y	LEX-scale-C-n-3	C	3	0
PWN-scale-n-6	N	N	LEX-scale-C-n-3-1	C	3	1
PWN-scale-n-6	N	N	LEX-scale-C-n-4	C	4	0
PWN-scale-n-6	N	N	LEX-scale-C-n-5	C	5	0
PWN-scale-n-7	N	N	LEX-scale-A-n-1	A	1	0
PWN-scale-n-7	N	N	LEX-scale-A-n-2	A	2	0
PWN-scale-n-7	N	N	LEX-scale-A-n-2-1	A	2	1
PWN-scale-n-7	N	N	LEX-scale-A-n-2-2	A	2	2
PWN-scale-n-7	N	N	LEX-scale-A-n-3	A	3	0
PWN-scale-n-7	N	N	LEX-scale-A-n-3-1	A	3	1
PWN-scale-n-7	N	N	LEX-scale-A-n-3-2	A	3	2
PWN-scale-n-7	N	N	LEX-scale-A-n-3-3	A	3	3
PWN-scale-n-7	Y	Y	LEX-scale-B-n-1	B	1	0
PWN-scale-n-7	N	N	LEX-scale-B-n-1-1	B	1	1
PWN-scale-n-7	N	N	LEX-scale-B-n-1-2	B	1	2
PWN-scale-n-7	N	N	LEX-scale-B-n-2	B	2	0
PWN-scale-n-7	N	N	LEX-scale-C-n-1	C	1	0
PWN-scale-n-7	N	N	LEX-scale-C-n-1-1	C	1	1
PWN-scale-n-7	N	N	LEX-scale-C-n-1-2	C	1	2
PWN-scale-n-7	N	N	LEX-scale-C-n-1-3	C	1	3
PWN-scale-n-7	N	N	LEX-scale-C-n-1-4	C	1	4
PWN-scale-n-7	N	N	LEX-scale-C-n-2	C	2	0
PWN-scale-n-7	N	N	LEX-scale-C-n-2-1	C	2	1
PWN-scale-n-7	N	N	LEX-scale-C-n-3	C	3	0
PWN-scale-n-7	N	N	LEX-scale-C-n-3-1	C	3	1
PWN-scale-n-7	N	N	LEX-scale-C-n-4	C	4	0
PWN-scale-n-7	N	N	LEX-scale-C-n-5	C	5	0
PWN-scale-n-8	N	N	LEX-scale-A-n-1	A	1	0
PWN-scale-n-8	N	N	LEX-scale-A-n-2	A	2	0
PWN-scale-n-8	N	N	LEX-scale-A-n-2-1	A	2	1
PWN-scale-n-8	N	N	LEX-scale-A-n-2-2	A	2	2
PWN-scale-n-8	N	N	LEX-scale-A-n-3	A	3	0
PWN-scale-n-8	N	N	LEX-scale-A-n-3-1	A	3	1
PWN-scale-n-8	N	N	LEX-scale-A-n-3-2	A	3	2
PWN-scale-n-8	N	N	LEX-scale-A-n-3-3	A	3	3
PWN-scale-n-8	N	N	LEX-scale-B-n-1	B	1	0
PWN-scale-n-8	N	N	LEX-scale-B-n-1-1	B	1	1
PWN-scale-n-8	N	N	LEX-scale-B-n-1-2	B	1	2
PWN-scale-n-8	N	N	LEX-scale-B-n-2	B	2	0
PWN-scale-n-8	N	N	LEX-scale-C-n-1	C	1	0
PWN-scale-n-8	N	N	LEX-scale-C-n-1-1	C	1	1
PWN-scale-n-8	N	N	LEX-scale-C-n-1-2	C	1	2
PWN-scale-n-8	Y	Y	LEX-scale-C-n-1-3	C	1	3
PWN-scale-n-8	N	N	LEX-scale-C-n-1-4	C	1	4
PWN-scale-n-8	N	N	LEX-scale-C-n-2	C	2	0
PWN-scale-n-8	N	N	LEX-scale-C-n-2-1	C	2	1
PWN-scale-n-8	N	N	LEX-scale-C-n-3	C	3	0
PWN-scale-n-8	N	N	LEX-scale-C-n-3-1	C	3	1
PWN-scale-n-8	N	N	LEX-scale-C-n-4	C	4	0
PWN-scale-n-8	N	N	LEX-scale-C-n-5	C	5	0
PWN-scale-n-9	N	N	LEX-scale-A-n-1	A	1	0
PWN-scale-n-9	N	N	LEX-scale-A-n-2	A	2	0
PWN-scale-n-9	N	N	LEX-scale-A-n-2-1	A	2	1
PWN-scale-n-9	N	N	LEX-scale-A-n-2-2	A	2	2
PWN-scale-n-9	N	N	LEX-scale-A-n-3	A	3	0
PWN-scale-n-9	N	N	LEX-scale-A-n-3-1	A	3	1
PWN-scale-n-9	N	N	LEX-scale-A-n-3-2	A	3	2
PWN-scale-n-9	N	N	LEX-scale-A-n-3-3	A	3	3
PWN-scale-n-9	N	N	LEX-scale-B-n-1	B	1	0
PWN-scale-n-9	N	N	LEX-scale-B-n-1-1	B	1	1
PWN-scale-n-9	N	N	LEX-scale-B-n-1-2	B	1	2
PWN-scale-n-9	N	N	LEX-scale-B-n-2	B	2	0
PWN-scale-n-9	N	N	LEX-scale-C-n-1	C	1	0
PWN-scale-n-9	N	N	LEX-scale-C-n-1-1	C	1	1
PWN-scale-n-9	N	N	LEX-scale-C-n-1-2	C	1	2
PWN-scale-n-9	N	N	LEX-scale-C-n-1-3	C	1	3
PWN-scale-n-9	N	N	LEX-scale-C-n-1-4	C	1	4
PWN-scale-n-9	N	N	LEX-scale-C-n-2	C	2	0
PWN-scale-n-9	N	N	LEX-scale-C-n-2-1	C	2	1
PWN-scale-n-9	N	N	LEX-scale-C-n-3	C	3	0
PWN-scale-n-9	N	N	LEX-scale-C-n-3-1	C	3	1
PWN-scale-n-9	N	N	LEX-scale-C-n-4	C	4	0
PWN-scale-n-9	N	N	LEX-scale-C-n-5	C	5	0
PWN-scale-n-10	Y	Y	LEX-scale-A-n-1	A	1	0
PWN-scale-n-10	N	N	LEX-scale-A-n-2	A	2	0
PWN-scale-n-10	N	N	LEX-scale-A-n-2-1	A	2	1
PWN-scale-n-10	N	N	LEX-scale-A-n-2-2	A	2	2
PWN-scale-n-10	N	N	LEX-scale-A-n-3	A	3	0
PWN-scale-n-10	N	N	LEX-scale-A-n-3-1	A	3	1
PWN-scale-n-10	N	N	LEX-scale-A-n-3-2	A	3	2
PWN-scale-n-10	N	N	LEX-scale-A-n-3-3	A	3	3
PWN-scale-n-10	N	N	LEX-scale-B-n-1	B	1	0
PWN-scale-n-10	N	N	LEX-scale-B-n-1-1	B	1	1
PWN-scale-n-10	N	N	LEX-scale-B-n-1-2	B	1	2
PWN-scale-n-10	N	N	LEX-scale-B-n-2	B	2	0
PWN-scale-n-10	N	N	LEX-scale-C-n-1	C	1	0
PWN-scale-n-10	N	N	LEX-scale-C-n-1-1	C	1	1
PWN-scale-n-10	N	N	LEX-scale-C-n-1-2	C	1	2
PWN-scale-n-10	N	N	LEX-scale-C-n-1-3	C	1	3
PWN-scale-n-10	N	N	LEX-scale-C-n-1-4	C	1	4
PWN-scale-n-10	N	N	LEX-scale-C-n-2	C	2	0
PWN-scale-n-10	N	N	LEX-scale-C-n-2-1	C	2	1
PWN-scale-n-10	N	N	LEX-scale-C-n-3	C	3	0
PWN-scale-n-10	N	N	LEX-scale-C-n-3-1	C	3	1
PWN-scale-n-10	N	N	LEX-scale-C-n-4	C	4	0
PWN-scale-n-10	N	N	LEX-scale-C-n-5	C	5	0
PWN-ship-n-1	Y	Y	LEX-ship-A-n-1	A	1	0
PWN-ship-n-1	Y	Y	LEX-ship-A-n-1-1	A	1	1
PWN-ship-n-1	Y	Y	LEX-ship-A-n-1-2	A	1	2
PWN-ship-n-1	N	N	LEX-ship-A-n-2	A	2	0
PWN-ship-n-1	N	N	LEX-ship-A-n-3	A	3	0
PWN-ship-n-1	N	N	LEX-ship-B-n-1	B	1	0
PWN-sink-n-1	Y	Y	LEX-sink-B-n-1	B	1	0
PWN-sink-n-1	N	N	LEX-sink-B-n-2	B	2	0
PWN-sink-n-1	N	N	LEX-sink-B-n-2-1	B	2	1
PWN-sink-n-1	N	N	LEX-sink-B-n-3	B	3	0
PWN-sink-n-1	N	N	LEX-sink-B-n-4	B	4	0
PWN-sink-n-1	N	N	LEX-sink-B-n-4-1	B	4	1
PWN-sink-n-2	N	N	LEX-sink-B-n-1	B	1	0
PWN-sink-n-2	N	N	LEX-sink-B-n-2	B	2	0
PWN-sink-n-2	Y	Y	LEX-sink-B-n-2-1	B	2	1
PWN-sink-n-2	N	N	LEX-sink-B-n-3	B	3	0
PWN-sink-n-2	N	N	LEX-sink-B-n-4	B	4	0
PWN-sink-n-2	N	N	LEX-sink-B-n-4-1	B	4	1
PWN-sink-n-3	N	N	LEX-sink-B-n-1	B	1	0
PWN-sink-n-3	Y	Y	LEX-sink-B-n-2	B	2	0
PWN-sink-n-3	N	N	LEX-sink-B-n-2-1	B	2	1
PWN-sink-n-3	Y	Y	LEX-sink-B-n-3	B	3	0
PWN-sink-n-3	N	N	LEX-sink-B-n-4	B	4	0
PWN-sink-n-3	N	N	LEX-sink-B-n-4-1	B	4	1
PWN-sink-n-4	N	N	LEX-sink-B-n-1	B	1	0
PWN-sink-n-4	N	N	LEX-sink-B-n-2	B	2	0
PWN-sink-n-4	N	N	LEX-sink-B-n-2-1	B	2	1
PWN-sink-n-4	N	N	LEX-sink-B-n-3	B	3	0
PWN-sink-n-4	N	N	LEX-sink-B-n-4	B	4	0
PWN-sink-n-4	N	N	LEX-sink-B-n-4-1	B	4	1
PWN-stalk-n-1	N	N	LEX-stalk-A-n-1	A	1	0
PWN-stalk-n-1	N	N	LEX-stalk-A-n-1-1	A	1	1
PWN-stalk-n-1	N	N	LEX-stalk-A-n-1-2	A	1	2
PWN-stalk-n-1	N	N	LEX-stalk-A-n-1-3	A	1	3
PWN-stalk-n-1	N	N	LEX-stalk-A-n-1-4	A	1	4
PWN-stalk-n-1	N	N	LEX-stalk-B-n-1	B	1	0
PWN-stalk-n-1	N	N	LEX-stalk-B-n-2	B	2	0
PWN-stalk-n-2	Y	Y	LEX-stalk-A-n-1	A	1	0
PWN-stalk-n-2	Y	Y	LEX-stalk-A-n-1-1	A	1	1
PWN-stalk-n-2	N	N	LEX-stalk-A-n-1-2	A	1	2
PWN-stalk-n-2	N	N	LEX-stalk-A-n-1-3	A	1	3
PWN-stalk-n-2	N	N	LEX-stalk-A-n-1-4	A	1	4
PWN-stalk-n-2	N	N	LEX-stalk-B-n-1	B	1	0
PWN-stalk-n-2	N	N	LEX-stalk-B-n-2	B	2	0
PWN-stalk-n-3	N	N	LEX-stalk-A-n-1	A	1	0
PWN-stalk-n-3	N	N	LEX-stalk-A-n-1-1	A	1	1
PWN-stalk-n-3	N	N	LEX-stalk-A-n-1-2	A	1	2
PWN-stalk-n-3	N	N	LEX-stalk-A-n-1-3	A	1	3
PWN-stalk-n-3	N	N	LEX-stalk-A-n-1-4	A	1	4
PWN-stalk-n-3	Y	Y	LEX-stalk-B-n-1	B	1	0
PWN-stalk-n-3	N	N	LEX-stalk-B-n-2	B	2	0
PWN-stalk-n-4	N	N	LEX-stalk-A-n-1	A	1	0
PWN-stalk-n-4	N	N	LEX-stalk-A-n-1-1	A	1	1
PWN-stalk-n-4	N	N	LEX-stalk-A-n-1-2	A	1	2
PWN-stalk-n-4	N	N	LEX-stalk-A-n-1-3	A	1	3
PWN-stalk-n-4	N	N	LEX-stalk-A-n-1-4	A	1	4
PWN-stalk-n-4	Y	Y	LEX-stalk-B-n-1	B	1	0
PWN-stalk-n-4	N	N	LEX-stalk-B-n-2	B	2	0
PWN-stalk-n-5	N	N	LEX-stalk-A-n-1	A	1	0
PWN-stalk-n-5	N	N	LEX-stalk-A-n-1-1	A	1	1
PWN-stalk-n-5	N	N	LEX-stalk-A-n-1-2	A	1	2
PWN-stalk-n-5	N	N	LEX-stalk-A-n-1-3	A	1	3
PWN-stalk-n-5	N	N	LEX-stalk-A-n-1-4	A	1	4
PWN-stalk-n-5	N	N	LEX-stalk-B-n-1	B	1	0
PWN-stalk-n-5	Y	Y	LEX-stalk-B-n-2	B	2	0
PWN-trip-n-1	Y	Y	LEX-trip-A-n-1	A	1	0
PWN-trip-n-1	N	N	LEX-trip-A-n-1-1	A	1	1
PWN-trip-n-1	N	N	LEX-trip-A-n-2	A	2	0
PWN-trip-n-1	N	N	LEX-trip-A-n-2-1	A	2	1
PWN-trip-n-1	N	N	LEX-trip-A-n-3	A	3	0
PWN-trip-n-1	N	N	LEX-trip-A-n-3-1	A	3	1
PWN-trip-n-1	N	N	LEX-trip-A-n-3-2	A	3	2
PWN-trip-n-1	N	N	LEX-trip-A-n-4	A	4	0
PWN-trip-n-1	N	N	LEX-trip-A-n-5	A	5	0
PWN-trip-n-1	N	N	LEX-trip-B-n-1	B	1	0
PWN-trip-n-1	N	N	LEX-trip-B-n-2	B	2	0
PWN-trip-n-2	N	N	LEX-trip-A-n-1	A	1	0
PWN-trip-n-2	N	N	LEX-trip-A-n-1-1	A	1	1
PWN-trip-n-2	N	N	LEX-trip-A-n-2	A	2	0
PWN-trip-n-2	N	N	LEX-trip-A-n-2-1	A	2	1
PWN-trip-n-2	Y	Y	LEX-trip-A-n-3	A	3	0
PWN-trip-n-2	N	N	LEX-trip-A-n-3-1	A	3	1
PWN-trip-n-2	N	N	LEX-trip-A-n-3-2	A	3	2
PWN-trip-n-2	N	N	LEX-trip-A-n-4	A	4	0
PWN-trip-n-2	N	N	LEX-trip-A-n-5	A	5	0
PWN-trip-n-2	N	N	LEX-trip-B-n-1	B	1	0
PWN-trip-n-2	N	N	LEX-trip-B-n-2	B	2	0
PWN-trip-n-3	N	N	LEX-trip-A-n-1	A	1	0
PWN-trip-n-3	N	N	LEX-trip-A-n-1-1	A	1	1
PWN-trip-n-3	Y	Y	LEX-trip-A-n-2	A	2	0
PWN-trip-n-3	N	N	LEX-trip-A-n-2-1	A	2	1
PWN-trip-n-3	N	N	LEX-trip-A-n-3	A	3	0
PWN-trip-n-3	N	N	LEX-trip-A-n-3-1	A	3	1
PWN-trip-n-3	N	N	LEX-trip-A-n-3-2	A	3	2
PWN-trip-n-3	N	N	LEX-trip-A-n-4	A	4	0
PWN-trip-n-3	N	N	LEX-trip-A-n-5	A	5	0
PWN-trip-n-3	N	N	LEX-trip-B-n-1	B	1	0
PWN-trip-n-3	N	N	LEX-trip-B-n-2	B	2	0
PWN-trip-n-4	N	N	LEX-trip-A-n-1	A	1	0
PWN-trip-n-4	N	N	LEX-trip-A-n-1-1	A	1	1
PWN-trip-n-4	N	N	LEX-trip-A-n-2	A	2	0
PWN-trip-n-4	N	N	LEX-trip-A-n-2-1	A	2	1
PWN-trip-n-4	N	N	LEX-trip-A-n-3	A	3	0
PWN-trip-n-4	Y	Y	LEX-trip-A-n-3-1	A	3	1
PWN-trip-n-4	N	N	LEX-trip-A-n-3-2	A	3	2
PWN-trip-n-4	N	N	LEX-trip-A-n-4	A	4	0
PWN-trip-n-4	N	N	LEX-trip-A-n-5	A	5	0
PWN-trip-n-4	N	N	LEX-trip-B-n-1	B	1	0
PWN-trip-n-4	N	N	LEX-trip-B-n-2	B	2	0
PWN-trip-n-5	N	N	LEX-trip-A-n-1	A	1	0
PWN-trip-n-5	N	N	LEX-trip-A-n-1-1	A	1	1
PWN-trip-n-5	N	N	LEX-trip-A-n-2	A	2	0
PWN-trip-n-5	N	N	LEX-trip-A-n-2-1	A	2	1
PWN-trip-n-5	N	N	LEX-trip-A-n-3	A	3	0
PWN-trip-n-5	N	N	LEX-trip-A-n-3-1	A	3	1
PWN-trip-n-5	N	N	LEX-trip-A-n-3-2	A	3	2
PWN-trip-n-5	Y	Y	LEX-trip-A-n-4	A	4	0
PWN-trip-n-5	N	N	LEX-trip-A-n-5	A	5	0
PWN-trip-n-5	N	N	LEX-trip-B-n-1	B	1	0
PWN-trip-n-5	N	N	LEX-trip-B-n-2	B	2	0
PWN-trip-n-6	N	N	LEX-trip-A-n-1	A	1	0
PWN-trip-n-6	N	N	LEX-trip-A-n-1-1	A	1	1
PWN-trip-n-6	N	N	LEX-trip-A-n-2	A	2	0
PWN-trip-n-6	N	N	LEX-trip-A-n-2-1	A	2	1
PWN-trip-n-6	N	N	LEX-trip-A-n-3	A	3	0
PWN-trip-n-6	N	N	LEX-trip-A-n-3-1	A	3	1
PWN-trip-n-6	N	N	LEX-trip-A-n-3-2	A	3	2
PWN-trip-n-6	N	N	LEX-trip-A-n-4	A	4	0
PWN-trip-n-6	Y	Y	LEX-trip-A-n-5	A	5	0
PWN-trip-n-6	N	N	LEX-trip-B-n-1	B	1	0
PWN-trip-n-6	N	N	LEX-trip-B-n-2	B	2	0
PWN-trip-n-7	N	N	LEX-trip-A-n-1	A	1	0
PWN-trip-n-7	N	N	LEX-trip-A-n-1-1	A	1	1
PWN-trip-n-7	N	N	LEX-trip-A-n-2	A	2	0
PWN-trip-n-7	Y	Y	LEX-trip-A-n-2-1	A	2	1
PWN-trip-n-7	N	N	LEX-trip-A-n-3	A	3	0
PWN-trip-n-7	N	N	LEX-trip-A-n-3-1	A	3	1
PWN-trip-n-7	N	N	LEX-trip-A-n-3-2	A	3	2
PWN-trip-n-7	N	N	LEX-trip-A-n-4	A	4	0
PWN-trip-n-7	N	N	LEX-trip-A-n-5	A	5	0
PWN-trip-n-7	N	N	LEX-trip-B-n-1	B	1	0
PWN-trip-n-7	N	N	LEX-trip-B-n-2	B	2	0
PWN-well-n-1	Y	Y	LEX-well-B-n-1	B	1	0
PWN-well-n-1	N	N	LEX-well-B-n-1-1	B	1	1
PWN-well-n-1	N	N	LEX-well-B-n-1-3	B	1	3
PWN-well-n-1	N	N	LEX-well-B-n-2	B	2	0
PWN-well-n-1	N	N	LEX-well-B-n-3	B	3	0
PWN-well-n-1	N	N	LEX-well-B-n-3-1	B	3	1
PWN-well-n-1	N	N	LEX-well-B-n-4	B	4	0
PWN-well-n-1	N	N	LEX-well-B-n-4-1	B	4	1
PWN-well-n-1	N	N	LEX-well-B-n-5	B	5	0
PWN-well-n-2	N	N	LEX-well-B-n-1	B	1	0
PWN-well-n-2	N	N	LEX-well-B-n-1-1	B	1	1
PWN-well-n-2	Y	Y	LEX-well-B-n-1-3	B	1	3
PWN-well-n-2	N	N	LEX-well-B-n-2	B	2	0
PWN-well-n-2	N	N	LEX-well-B-n-3	B	3	0
PWN-well-n-2	N	N	LEX-well-B-n-3-1	B	3	1
PWN-well-n-2	N	N	LEX-well-B-n-4	B	4	0
PWN-well-n-2	N	N	LEX-well-B-n-4-1	B	4	1
PWN-well-n-2	N	N	LEX-well-B-n-5	B	5	0
PWN-well-n-3	N	N	LEX-well-B-n-1	B	1	0
PWN-well-n-3	N	N	LEX-well-B-n-1-1	B	1	1
PWN-well-n-3	N	N	LEX-well-B-n-1-3	B	1	3
PWN-well-n-3	Y	Y	LEX-well-B-n-2	B	2	0
PWN-well-n-3	N	N	LEX-well-B-n-3	B	3	0
PWN-well-n-3	N	N	LEX-well-B-n-3-1	B	3	1
PWN-well-n-3	N	N	LEX-well-B-n-4	B	4	0
PWN-well-n-3	N	N	LEX-well-B-n-4-1	B	4	1
PWN-well-n-3	N	N	LEX-well-B-n-5	B	5	0
PWN-well-n-4	N	N	LEX-well-B-n-1	B	1	0
PWN-well-n-4	N	N	LEX-well-B-n-1-1	B	1	1
PWN-well-n-4	N	N	LEX-well-B-n-1-3	B	1	3
PWN-well-n-4	N	N	LEX-well-B-n-2	B	2	0
PWN-well-n-4	Y	Y	LEX-well-B-n-3	B	3	0
PWN-well-n-4	N	N	LEX-well-B-n-3-1	B	3	1
PWN-well-n-4	N	N	LEX-well-B-n-4	B	4	0
PWN-well-n-4	N	N	LEX-well-B-n-4-1	B	4	1
PWN-well-n-4	N	N	LEX-well-B-n-5	B	5	0
PWN-well-n-5	N	N	LEX-well-B-n-1	B	1	0
PWN-well-n-5	N	N	LEX-well-B-n-1-1	B	1	1
PWN-well-n-5	N	N	LEX-well-B-n-1-3	B	1	3
PWN-well-n-5	N	N	LEX-well-B-n-2	B	2	0
PWN-well-n-5	N	N	LEX-well-B-n-3	B	3	0
PWN-well-n-5	N	N	LEX-well-B-n-3-1	B	3	1
PWN-well-n-5	N	N	LEX-well-B-n-4	B	4	0
PWN-well-n-5	N	N	LEX-well-B-n-4-1	B	4	1
PWN-well-n-5	N	N	LEX-well-B-n-5	B	5	0
