PWNsynset	choiceE	choiceM	LEXsense	EG	sup	subno
PWN-angle-v-1	N	N	LEX-angle-A-v-1	A	1	0
PWN-angle-v-1	Y	Y	LEX-angle-A-v-1-1	A	1	1
PWN-angle-v-1	N	N	LEX-angle-A-v-1-2	A	1	2
PWN-angle-v-1	N	N	LEX-angle-B-v-1	B	1	0
PWN-angle-v-1	N	N	LEX-angle-B-v-2	B	2	0
PWN-angle-v-2	Y	Y	LEX-angle-A-v-1	A	1	0
PWN-angle-v-2	Y	Y	LEX-angle-A-v-1-1	A	1	1
PWN-angle-v-2	N	N	LEX-angle-A-v-1-2	A	1	2
PWN-angle-v-2	N	N	LEX-angle-B-v-1	B	1	0
PWN-angle-v-2	N	N	LEX-angle-B-v-2	B	2	0
PWN-angle-v-3	N	N	LEX-angle-A-v-1	A	1	0
PWN-angle-v-3	N	N	LEX-angle-A-v-1-1	A	1	1
PWN-angle-v-3	N	N	LEX-angle-A-v-1-2	A	1	2
PWN-angle-v-3	N	N	LEX-angle-B-v-1	B	1	0
PWN-angle-v-3	Y	Y	LEX-angle-B-v-2	B	2	0
PWN-angle-v-4	N	N	LEX-angle-A-v-1	A	1	0
PWN-angle-v-4	N	N	LEX-angle-A-v-1-1	A	1	1
PWN-angle-v-4	N	N	LEX-angle-A-v-1-2	A	1	2
PWN-angle-v-4	Y	Y	LEX-angle-B-v-1	B	1	0
PWN-angle-v-4	N	N	LEX-angle-B-v-2	B	2	0
PWN-angle-v-5	N	N	LEX-angle-A-v-1	A	1	0
PWN-angle-v-5	N	N	LEX-angle-A-v-1-1	A	1	1
PWN-angle-v-5	Y	Y	LEX-angle-A-v-1-2	A	1	2
PWN-angle-v-5	N	N	LEX-angle-B-v-1	B	1	0
PWN-angle-v-5	N	N	LEX-angle-B-v-2	B	2	0
PWN-band-v-1	Y	Y	LEX-band-A-v-1	A	1	0
PWN-band-v-1	N	N	LEX-band-A-v-1-1	A	1	1
PWN-band-v-1	N	N	LEX-band-A-v-2	A	2	0
PWN-band-v-1	N	N	LEX-band-A-v-3	A	3	0
PWN-band-v-1	N	N	LEX-band-A-v-3-1	A	3	1
PWN-band-v-1	N	N	LEX-band-B-v-1	B	1	0
PWN-band-v-2	N	N	LEX-band-A-v-1	A	1	0
PWN-band-v-2	Y	Y	LEX-band-A-v-1-1	A	1	1
PWN-band-v-2	N	N	LEX-band-A-v-2	A	2	0
PWN-band-v-2	N	N	LEX-band-A-v-3	A	3	0
PWN-band-v-2	N	N	LEX-band-A-v-3-1	A	3	1
PWN-band-v-2	N	N	LEX-band-B-v-1	B	1	0
PWN-bank-v-1	N	N	LEX-bank-A-v-1	A	1	0
PWN-bank-v-1	N	N	LEX-bank-A-v-1-1	A	1	1
PWN-bank-v-1	N	N	LEX-bank-A-v-1-2	A	1	2
PWN-bank-v-1	N	N	LEX-bank-A-v-1-3	A	1	3
PWN-bank-v-1	Y	Y	LEX-bank-A-v-2	A	2	0
PWN-bank-v-1	N	N	LEX-bank-A-v-2-1	A	2	1
PWN-bank-v-1	N	N	LEX-bank-A-v-3	A	3	0
PWN-bank-v-1	N	N	LEX-bank-A-v-4	A	4	0
PWN-bank-v-1	N	N	LEX-bank-A-v-5	A	5	0
PWN-bank-v-1	N	N	LEX-bank-B-v-1	B	1	0
PWN-bank-v-1	N	N	LEX-bank-B-v-1-1	B	1	1
PWN-bank-v-1	N	N	LEX-bank-B-v-1-2	B	1	2
PWN-bank-v-1	N	N	LEX-bank-B-v-1-3	B	1	3
PWN-bank-v-2	N	N	LEX-bank-A-v-1	A	1	0
PWN-bank-v-2	N	N	LEX-bank-A-v-1-1	A	1	1
PWN-bank-v-2	N	N	LEX-bank-A-v-1-2	A	1	2
PWN-bank-v-2	Y	Y	LEX-bank-A-v-1-3	A	1	3
PWN-bank-v-2	N	N	LEX-bank-A-v-2	A	2	0
PWN-bank-v-2	N	N	LEX-bank-A-v-2-1	A	2	1
PWN-bank-v-2	N	N	LEX-bank-A-v-3	A	3	0
PWN-bank-v-2	N	N	LEX-bank-A-v-4	A	4	0
PWN-bank-v-2	N	N	LEX-bank-A-v-5	A	5	0
PWN-bank-v-2	N	N	LEX-bank-B-v-1	B	1	0
PWN-bank-v-2	N	N	LEX-bank-B-v-1-1	B	1	1
PWN-bank-v-2	N	N	LEX-bank-B-v-1-2	B	1	2
PWN-bank-v-2	N	N	LEX-bank-B-v-1-3	B	1	3
PWN-bank-v-3	N	N	LEX-bank-A-v-1	A	1	0
PWN-bank-v-3	N	N	LEX-bank-A-v-1-1	A	1	1
PWN-bank-v-3	N	N	LEX-bank-A-v-1-2	A	1	2
PWN-bank-v-3	N	N	LEX-bank-A-v-1-3	A	1	3
PWN-bank-v-3	N	N	LEX-bank-A-v-2	A	2	0
PWN-bank-v-3	N	N	LEX-bank-A-v-2-1	A	2	1
PWN-bank-v-3	N	N	LEX-bank-A-v-3	A	3	0
PWN-bank-v-3	N	N	LEX-bank-A-v-4	A	4	0
PWN-bank-v-3	N	N	LEX-bank-A-v-5	A	5	0
PWN-bank-v-3	N	N	LEX-bank-B-v-1	B	1	0
PWN-bank-v-3	Y	Y	LEX-bank-B-v-1-1	B	1	1
PWN-bank-v-3	N	N	LEX-bank-B-v-1-2	B	1	2
PWN-bank-v-3	N	N	LEX-bank-B-v-1-3	B	1	3
PWN-bank-v-4	N	N	LEX-bank-A-v-1	A	1	0
PWN-bank-v-4	N	N	LEX-bank-A-v-1-1	A	1	1
PWN-bank-v-4	N	N	LEX-bank-A-v-1-2	A	1	2
PWN-bank-v-4	N	N	LEX-bank-A-v-1-3	A	1	3
PWN-bank-v-4	N	N	LEX-bank-A-v-2	A	2	0
PWN-bank-v-4	N	N	LEX-bank-A-v-2-1	A	2	1
PWN-bank-v-4	N	N	LEX-bank-A-v-3	A	3	0
PWN-bank-v-4	N	N	LEX-bank-A-v-4	A	4	0
PWN-bank-v-4	N	N	LEX-bank-A-v-5	A	5	0
PWN-bank-v-4	N	N	LEX-bank-B-v-1	B	1	0
PWN-bank-v-4	N	N	LEX-bank-B-v-1-1	B	1	1
PWN-bank-v-4	N	N	LEX-bank-B-v-1-2	B	1	2
PWN-bank-v-4	N	N	LEX-bank-B-v-1-3	B	1	3
PWN-bank-v-5	N	N	LEX-bank-A-v-1	A	1	0
PWN-bank-v-5	N	N	LEX-bank-A-v-1-1	A	1	1
PWN-bank-v-5	N	N	LEX-bank-A-v-1-2	A	1	2
PWN-bank-v-5	N	N	LEX-bank-A-v-1-3	A	1	3
PWN-bank-v-5	N	N	LEX-bank-A-v-2	A	2	0
PWN-bank-v-5	N	N	LEX-bank-A-v-2-1	A	2	1
PWN-bank-v-5	N	N	LEX-bank-A-v-3	A	3	0
PWN-bank-v-5	N	N	LEX-bank-A-v-4	A	4	0
PWN-bank-v-5	N	N	LEX-bank-A-v-5	A	5	0
PWN-bank-v-5	N	N	LEX-bank-B-v-1	B	1	0
PWN-bank-v-5	N	N	LEX-bank-B-v-1-1	B	1	1
PWN-bank-v-5	N	N	LEX-bank-B-v-1-2	B	1	2
PWN-bank-v-5	N	N	LEX-bank-B-v-1-3	B	1	3
PWN-bank-v-6	N	N	LEX-bank-A-v-1	A	1	0
PWN-bank-v-6	N	N	LEX-bank-A-v-1-1	A	1	1
PWN-bank-v-6	N	N	LEX-bank-A-v-1-2	A	1	2
PWN-bank-v-6	N	N	LEX-bank-A-v-1-3	A	1	3
PWN-bank-v-6	N	N	LEX-bank-A-v-2	A	2	0
PWN-bank-v-6	N	N	LEX-bank-A-v-2-1	A	2	1
PWN-bank-v-6	N	N	LEX-bank-A-v-3	A	3	0
PWN-bank-v-6	N	N	LEX-bank-A-v-4	A	4	0
PWN-bank-v-6	N	N	LEX-bank-A-v-5	A	5	0
PWN-bank-v-6	Y	Y	LEX-bank-B-v-1	B	1	0
PWN-bank-v-6	N	N	LEX-bank-B-v-1-1	B	1	1
PWN-bank-v-6	N	N	LEX-bank-B-v-1-2	B	1	2
PWN-bank-v-6	N	N	LEX-bank-B-v-1-3	B	1	3
PWN-bank-v-7	N	N	LEX-bank-A-v-1	A	1	0
PWN-bank-v-7	N	N	LEX-bank-A-v-1-1	A	1	1
PWN-bank-v-7	Y	Y	LEX-bank-A-v-1-2	A	1	2
PWN-bank-v-7	N	N	LEX-bank-A-v-1-3	A	1	3
PWN-bank-v-7	N	N	LEX-bank-A-v-2	A	2	0
PWN-bank-v-7	N	N	LEX-bank-A-v-2-1	A	2	1
PWN-bank-v-7	N	N	LEX-bank-A-v-3	A	3	0
PWN-bank-v-7	N	N	LEX-bank-A-v-4	A	4	0
PWN-bank-v-7	N	N	LEX-bank-A-v-5	A	5	0
PWN-bank-v-7	N	N	LEX-bank-B-v-1	B	1	0
PWN-bank-v-7	N	N	LEX-bank-B-v-1-1	B	1	1
PWN-bank-v-7	N	N	LEX-bank-B-v-1-2	B	1	2
PWN-bank-v-7	N	N	LEX-bank-B-v-1-3	B	1	3
PWN-bank-v-8	N	N	LEX-bank-A-v-1	A	1	0
PWN-bank-v-8	N	N	LEX-bank-A-v-1-1	A	1	1
PWN-bank-v-8	N	N	LEX-bank-A-v-1-2	A	1	2
PWN-bank-v-8	N	N	LEX-bank-A-v-1-3	A	1	3
PWN-bank-v-8	N	N	LEX-bank-A-v-2	A	2	0
PWN-bank-v-8	N	N	LEX-bank-A-v-2-1	A	2	1
PWN-bank-v-8	N	N	LEX-bank-A-v-3	A	3	0
PWN-bank-v-8	N	N	LEX-bank-A-v-4	A	4	0
PWN-bank-v-8	N	N	LEX-bank-A-v-5	A	5	0
PWN-bank-v-8	N	N	LEX-bank-B-v-1	B	1	0
PWN-bank-v-8	N	N	LEX-bank-B-v-1-1	B	1	1
PWN-bank-v-8	N	N	LEX-bank-B-v-1-2	B	1	2
PWN-bank-v-8	N	N	LEX-bank-B-v-1-3	B	1	3
PWN-bark-v-1	N	N	LEX-bark-A-v-1	A	1	0
PWN-bark-v-1	N	N	LEX-bark-A-v-1-1	A	1	1
PWN-bark-v-1	Y	Y	LEX-bark-A-v-2	A	2	0
PWN-bark-v-1	N	N	LEX-bark-A-v-2-1	A	2	1
PWN-bark-v-1	N	N	LEX-bark-B-v-1	B	1	0
PWN-bark-v-1	N	N	LEX-bark-B-v-1-1	B	1	1
PWN-bark-v-1	N	N	LEX-bark-B-v-2	B	2	0
PWN-bark-v-2	N	N	LEX-bark-A-v-1	A	1	0
PWN-bark-v-2	N	N	LEX-bark-A-v-1-1	A	1	1
PWN-bark-v-2	N	N	LEX-bark-A-v-2	A	2	0
PWN-bark-v-2	N	N	LEX-bark-A-v-2-1	A	2	1
PWN-bark-v-2	N	N	LEX-bark-B-v-1	B	1	0
PWN-bark-v-2	N	N	LEX-bark-B-v-1-1	B	1	1
PWN-bark-v-2	N	N	LEX-bark-B-v-2	B	2	0
PWN-bark-v-3	N	N	LEX-bark-A-v-1	A	1	0
PWN-bark-v-3	N	N	LEX-bark-A-v-1-1	A	1	1
PWN-bark-v-3	N	N	LEX-bark-A-v-2	A	2	0
PWN-bark-v-3	N	N	LEX-bark-A-v-2-1	A	2	1
PWN-bark-v-3	Y	Y	LEX-bark-B-v-1	B	1	0
PWN-bark-v-3	N	N	LEX-bark-B-v-1-1	B	1	1
PWN-bark-v-3	N	N	LEX-bark-B-v-2	B	2	0
PWN-bark-v-4	Y	Y	LEX-bark-A-v-1	A	1	0
PWN-bark-v-4	Y	Y	LEX-bark-A-v-1-1	A	1	1
PWN-bark-v-4	N	N	LEX-bark-A-v-2	A	2	0
PWN-bark-v-4	N	N	LEX-bark-A-v-2-1	A	2	1
PWN-bark-v-4	N	N	LEX-bark-B-v-1	B	1	0
PWN-bark-v-4	N	N	LEX-bark-B-v-1-1	B	1	1
PWN-bark-v-4	N	N	LEX-bark-B-v-2	B	2	0
PWN-bark-v-5	N	N	LEX-bark-A-v-1	A	1	0
PWN-bark-v-5	N	N	LEX-bark-A-v-1-1	A	1	1
PWN-bark-v-5	N	N	LEX-bark-A-v-2	A	2	0
PWN-bark-v-5	N	N	LEX-bark-A-v-2-1	A	2	1
PWN-bark-v-5	N	N	LEX-bark-B-v-1	B	1	0
PWN-bark-v-5	N	N	LEX-bark-B-v-1-1	B	1	1
PWN-bark-v-5	Y	Y	LEX-bark-B-v-2	B	2	0
PWN-bat-v-1	N	N	LEX-bat-A-v-1	A	1	0
PWN-bat-v-1	N	N	LEX-bat-A-v-1-1	A	1	1
PWN-bat-v-1	N	N	LEX-bat-A-v-2	A	2	0
PWN-bat-v-1	N	N	LEX-bat-C-v-1	C	1	0
PWN-bat-v-2	N	N	LEX-bat-A-v-1	A	1	0
PWN-bat-v-2	N	N	LEX-bat-A-v-1-1	A	1	1
PWN-bat-v-2	N	N	LEX-bat-A-v-2	A	2	0
PWN-bat-v-2	Y	Y	LEX-bat-C-v-1	C	1	0
PWN-bat-v-3	Y	Y	LEX-bat-A-v-1	A	1	0
PWN-bat-v-3	N	N	LEX-bat-A-v-1-1	A	1	1
PWN-bat-v-3	N	N	LEX-bat-A-v-2	A	2	0
PWN-bat-v-3	N	N	LEX-bat-C-v-1	C	1	0
PWN-bat-v-4	Y	Y	LEX-bat-A-v-1	A	1	0
PWN-bat-v-4	N	N	LEX-bat-A-v-1-1	A	1	1
PWN-bat-v-4	N	N	LEX-bat-A-v-2	A	2	0
PWN-bat-v-4	N	N	LEX-bat-C-v-1	C	1	0
PWN-bat-v-5	N	N	LEX-bat-A-v-1	A	1	0
PWN-bat-v-5	N	N	LEX-bat-A-v-1-1	A	1	1
PWN-bat-v-5	N	N	LEX-bat-A-v-2	A	2	0
PWN-bat-v-5	N	N	LEX-bat-C-v-1	C	1	0
PWN-can-v-1	N	N	LEX-can-A-v-1	A	1	0
PWN-can-v-1	N	N	LEX-can-A-v-1-1	A	1	1
PWN-can-v-1	N	N	LEX-can-A-v-1-2	A	1	2
PWN-can-v-1	N	N	LEX-can-A-v-1-3	A	1	3
PWN-can-v-1	N	N	LEX-can-A-v-1-4	A	1	4
PWN-can-v-1	N	N	LEX-can-A-v-2	A	2	0
PWN-can-v-1	N	N	LEX-can-A-v-3	A	3	0
PWN-can-v-1	N	N	LEX-can-A-v-3-1	A	3	1
PWN-can-v-1	Y	Y	LEX-can-B-v-1	B	1	0
PWN-can-v-1	N	N	LEX-can-B-v-2	B	2	0
PWN-can-v-1	N	N	LEX-can-B-v-2-1	B	2	1
PWN-can-v-2	N	N	LEX-can-A-v-1	A	1	0
PWN-can-v-2	N	N	LEX-can-A-v-1-1	A	1	1
PWN-can-v-2	N	N	LEX-can-A-v-1-2	A	1	2
PWN-can-v-2	N	N	LEX-can-A-v-1-3	A	1	3
PWN-can-v-2	N	N	LEX-can-A-v-1-4	A	1	4
PWN-can-v-2	N	N	LEX-can-A-v-2	A	2	0
PWN-can-v-2	N	N	LEX-can-A-v-3	A	3	0
PWN-can-v-2	N	N	LEX-can-A-v-3-1	A	3	1
PWN-can-v-2	N	N	LEX-can-B-v-1	B	1	0
PWN-can-v-2	Y	Y	LEX-can-B-v-2	B	2	0
PWN-can-v-2	N	N	LEX-can-B-v-2-1	B	2	1
PWN-clip-v-1	Y	Y	LEX-clip-B-v-1	B	1	0
PWN-clip-v-1	Y	Y	LEX-clip-B-v-1-1	B	1	1
PWN-clip-v-1	N	N	LEX-clip-B-v-1-2	B	1	2
PWN-clip-v-1	N	N	LEX-clip-B-v-1-3	B	1	3
PWN-clip-v-1	N	N	LEX-clip-B-v-1-4	B	1	4
PWN-clip-v-1	N	N	LEX-clip-B-v-1-5	B	1	5
PWN-clip-v-1	N	N	LEX-clip-B-v-1-6	B	1	6
PWN-clip-v-1	N	N	LEX-clip-B-v-1-7	B	1	7
PWN-clip-v-1	N	N	LEX-clip-B-v-2	B	2	0
PWN-clip-v-1	N	N	LEX-clip-B-v-3	B	3	0
PWN-clip-v-1	N	N	LEX-clip-B-v-4	B	4	0
PWN-clip-v-2	N	N	LEX-clip-B-v-1	B	1	0
PWN-clip-v-2	N	N	LEX-clip-B-v-1-1	B	1	1
PWN-clip-v-2	N	N	LEX-clip-B-v-1-2	B	1	2
PWN-clip-v-2	N	N	LEX-clip-B-v-1-3	B	1	3
PWN-clip-v-2	N	N	LEX-clip-B-v-1-4	B	1	4
PWN-clip-v-2	N	N	LEX-clip-B-v-1-5	B	1	5
PWN-clip-v-2	N	N	LEX-clip-B-v-1-6	B	1	6
PWN-clip-v-2	N	N	LEX-clip-B-v-1-7	B	1	7
PWN-clip-v-2	N	N	LEX-clip-B-v-2	B	2	0
PWN-clip-v-2	N	N	LEX-clip-B-v-3	B	3	0
PWN-clip-v-2	Y	Y	LEX-clip-B-v-4	B	4	0
PWN-clip-v-3	N	N	LEX-clip-B-v-1	B	1	0
PWN-clip-v-3	N	N	LEX-clip-B-v-1-1	B	1	1
PWN-clip-v-3	N	N	LEX-clip-B-v-1-2	B	1	2
PWN-clip-v-3	N	N	LEX-clip-B-v-1-3	B	1	3
PWN-clip-v-3	N	N	LEX-clip-B-v-1-4	B	1	4
PWN-clip-v-3	N	N	LEX-clip-B-v-1-5	B	1	5
PWN-clip-v-3	N	N	LEX-clip-B-v-1-6	B	1	6
PWN-clip-v-3	N	N	LEX-clip-B-v-1-7	B	1	7
PWN-clip-v-3	N	N	LEX-clip-B-v-2	B	2	0
PWN-clip-v-3	N	N	LEX-clip-B-v-3	B	3	0
PWN-clip-v-3	N	N	LEX-clip-B-v-4	B	4	0
PWN-clip-v-4	Y	Y	LEX-clip-B-v-1	B	1	0
PWN-clip-v-4	N	N	LEX-clip-B-v-1-1	B	1	1
PWN-clip-v-4	N	N	LEX-clip-B-v-1-2	B	1	2
PWN-clip-v-4	N	N	LEX-clip-B-v-1-3	B	1	3
PWN-clip-v-4	N	N	LEX-clip-B-v-1-4	B	1	4
PWN-clip-v-4	N	N	LEX-clip-B-v-1-5	B	1	5
PWN-clip-v-4	N	N	LEX-clip-B-v-1-6	B	1	6
PWN-clip-v-4	N	N	LEX-clip-B-v-1-7	B	1	7
PWN-clip-v-4	N	N	LEX-clip-B-v-2	B	2	0
PWN-clip-v-4	N	N	LEX-clip-B-v-3	B	3	0
PWN-clip-v-4	N	N	LEX-clip-B-v-4	B	4	0
PWN-clip-v-5	N	N	LEX-clip-B-v-1	B	1	0
PWN-clip-v-5	N	N	LEX-clip-B-v-1-1	B	1	1
PWN-clip-v-5	N	N	LEX-clip-B-v-1-2	B	1	2
PWN-clip-v-5	N	N	LEX-clip-B-v-1-3	B	1	3
PWN-clip-v-5	N	N	LEX-clip-B-v-1-4	B	1	4
PWN-clip-v-5	N	N	LEX-clip-B-v-1-5	B	1	5
PWN-clip-v-5	N	N	LEX-clip-B-v-1-6	B	1	6
PWN-clip-v-5	N	N	LEX-clip-B-v-1-7	B	1	7
PWN-clip-v-5	N	N	LEX-clip-B-v-2	B	2	0
PWN-clip-v-5	N	N	LEX-clip-B-v-3	B	3	0
PWN-clip-v-5	N	N	LEX-clip-B-v-4	B	4	0
PWN-date-v-1	N	N	LEX-date-A-v-1	A	1	0
PWN-date-v-1	N	N	LEX-date-A-v-1-1	A	1	1
PWN-date-v-1	N	N	LEX-date-A-v-1-2	A	1	2
PWN-date-v-1	N	N	LEX-date-A-v-2	A	2	0
PWN-date-v-1	N	N	LEX-date-A-v-2-1	A	2	1
PWN-date-v-1	Y	Y	LEX-date-A-v-3	A	3	0
PWN-date-v-2	N	N	LEX-date-A-v-1	A	1	0
PWN-date-v-2	Y	Y	LEX-date-A-v-1-1	A	1	1
PWN-date-v-2	N	N	LEX-date-A-v-1-2	A	1	2
PWN-date-v-2	N	N	LEX-date-A-v-2	A	2	0
PWN-date-v-2	N	N	LEX-date-A-v-2-1	A	2	1
PWN-date-v-2	N	N	LEX-date-A-v-3	A	3	0
PWN-date-v-3	Y	Y	LEX-date-A-v-1	A	1	0
PWN-date-v-3	N	N	LEX-date-A-v-1-1	A	1	1
PWN-date-v-3	Y	Y	LEX-date-A-v-1-2	A	1	2
PWN-date-v-3	N	N	LEX-date-A-v-2	A	2	0
PWN-date-v-3	N	N	LEX-date-A-v-2-1	A	2	1
PWN-date-v-3	N	N	LEX-date-A-v-3	A	3	0
PWN-date-v-4	N	N	LEX-date-A-v-1	A	1	0
PWN-date-v-4	N	N	LEX-date-A-v-1-1	A	1	1
PWN-date-v-4	N	N	LEX-date-A-v-1-2	A	1	2
PWN-date-v-4	N	N	LEX-date-A-v-2	A	2	0
PWN-date-v-4	N	N	LEX-date-A-v-2-1	A	2	1
PWN-date-v-4	Y	Y	LEX-date-A-v-3	A	3	0
PWN-date-v-5	N	N	LEX-date-A-v-1	A	1	0
PWN-date-v-5	Y	Y	LEX-date-A-v-1-1	A	1	1
PWN-date-v-5	N	N	LEX-date-A-v-1-2	A	1	2
PWN-date-v-5	N	N	LEX-date-A-v-2	A	2	0
PWN-date-v-5	N	N	LEX-date-A-v-2-1	A	2	1
PWN-date-v-5	N	N	LEX-date-A-v-3	A	3	0
PWN-duck-v-1	Y	Y	LEX-duck-B-v-1	B	1	0
PWN-duck-v-1	N	N	LEX-duck-B-v-1-1	B	1	1
PWN-duck-v-1	Y	Y	LEX-duck-B-v-1-2	B	1	2
PWN-duck-v-1	N	N	LEX-duck-B-v-1-3	B	1	3
PWN-duck-v-1	N	N	LEX-duck-B-v-2	B	2	0
PWN-duck-v-1	N	N	LEX-duck-B-v-3	B	3	0
PWN-duck-v-2	N	N	LEX-duck-B-v-1	B	1	0
PWN-duck-v-2	N	N	LEX-duck-B-v-1-1	B	1	1
PWN-duck-v-2	N	N	LEX-duck-B-v-1-2	B	1	2
PWN-duck-v-2	N	N	LEX-duck-B-v-1-3	B	1	3
PWN-duck-v-2	Y	Y	LEX-duck-B-v-2	B	2	0
PWN-duck-v-2	N	N	LEX-duck-B-v-3	B	3	0
PWN-duck-v-3	N	N	LEX-duck-B-v-1	B	1	0
PWN-duck-v-3	N	N	LEX-duck-B-v-1-1	B	1	1
PWN-duck-v-3	N	N	LEX-duck-B-v-1-2	B	1	2
PWN-duck-v-3	N	N	LEX-duck-B-v-1-3	B	1	3
PWN-duck-v-3	Y	Y	LEX-duck-B-v-2	B	2	0
PWN-duck-v-3	N	N	LEX-duck-B-v-3	B	3	0
PWN-duck-v-4	N	N	LEX-duck-B-v-1	B	1	0
PWN-duck-v-4	N	N	LEX-duck-B-v-1-1	B	1	1
PWN-duck-v-4	N	N	LEX-duck-B-v-1-2	B	1	2
PWN-duck-v-4	Y	Y	LEX-duck-B-v-1-3	B	1	3
PWN-duck-v-4	N	N	LEX-duck-B-v-2	B	2	0
PWN-duck-v-4	N	N	LEX-duck-B-v-3	B	3	0
PWN-file-v-1	N	N	LEX-file-A-v-1	A	1	0
PWN-file-v-1	Y	Y	LEX-file-A-v-1-1	A	1	1
PWN-file-v-1	N	N	LEX-file-A-v-1-2	A	1	2
PWN-file-v-1	N	N	LEX-file-B-v-1	B	1	0
PWN-file-v-1	N	N	LEX-file-C-v-1	C	1	0
PWN-file-v-1	N	N	LEX-file-C-v-1-1	C	1	1
PWN-file-v-2	N	N	LEX-file-A-v-1	A	1	0
PWN-file-v-2	N	N	LEX-file-A-v-1-1	A	1	1
PWN-file-v-2	N	N	LEX-file-A-v-1-2	A	1	2
PWN-file-v-2	N	N	LEX-file-B-v-1	B	1	0
PWN-file-v-2	Y	Y	LEX-file-C-v-1	C	1	0
PWN-file-v-2	Y	Y	LEX-file-C-v-1-1	C	1	1
PWN-file-v-3	N	N	LEX-file-A-v-1	A	1	0
PWN-file-v-3	N	N	LEX-file-A-v-1-1	A	1	1
PWN-file-v-3	N	N	LEX-file-A-v-1-2	A	1	2
PWN-file-v-3	Y	Y	LEX-file-B-v-1	B	1	0
PWN-file-v-3	N	N	LEX-file-C-v-1	C	1	0
PWN-file-v-3	N	N	LEX-file-C-v-1-1	C	1	1
PWN-file-v-4	N	N	LEX-file-A-v-1	A	1	0
PWN-file-v-4	Y	Y	LEX-file-A-v-1-1	A	1	1
PWN-file-v-4	N	N	LEX-file-A-v-1-2	A	1	2
PWN-file-v-4	N	N	LEX-file-B-v-1	B	1	0
PWN-file-v-4	N	N	LEX-file-C-v-1	C	1	0
PWN-file-v-4	N	N	LEX-file-C-v-1-1	C	1	1
PWN-file-v-5	Y	Y	LEX-file-A-v-1	A	1	0
PWN-file-v-5	N	N	LEX-file-A-v-1-1	A	1	1
PWN-file-v-5	N	N	LEX-file-A-v-1-2	A	1	2
PWN-file-v-5	N	N	LEX-file-B-v-1	B	1	0
PWN-file-v-5	N	N	LEX-file-C-v-1	C	1	0
PWN-file-v-5	N	N	LEX-file-C-v-1-1	C	1	1
PWN-fly-v-1	Y	Y	LEX-fly-A-v-1	A	1	0
PWN-fly-v-1	Y	Y	LEX-fly-A-v-1-1	A	1	1
PWN-fly-v-1	N	N	LEX-fly-A-v-1-2	A	1	2
PWN-fly-v-1	N	N	LEX-fly-A-v-1-3	A	1	3
PWN-fly-v-1	N	N	LEX-fly-A-v-1-4	A	1	4
PWN-fly-v-1	N	N	LEX-fly-A-v-1-5	A	1	5
PWN-fly-v-1	N	N	LEX-fly-A-v-2	A	2	0
PWN-fly-v-1	N	N	LEX-fly-A-v-2-1	A	2	1
PWN-fly-v-1	N	N	LEX-fly-A-v-2-2	A	2	2
PWN-fly-v-1	N	N	LEX-fly-A-v-2-3	A	2	3
PWN-fly-v-1	N	N	LEX-fly-A-v-3	A	3	0
PWN-fly-v-1	N	N	LEX-fly-A-v-3-1	A	3	1
PWN-fly-v-1	N	N	LEX-fly-A-v-4	A	4	0
PWN-fly-v-1	N	N	LEX-fly-A-v-4-1	A	4	1
PWN-fly-v-1	N	N	LEX-fly-A-v-4-2	A	4	2
PWN-fly-v-1	N	N	LEX-fly-A-v-4-3	A	4	3
PWN-fly-v-1	N	N	LEX-fly-A-v-4-4	A	4	4
PWN-fly-v-1	N	N	LEX-fly-A-v-5	A	5	0
PWN-fly-v-2	N	N	LEX-fly-A-v-1	A	1	0
PWN-fly-v-2	N	N	LEX-fly-A-v-1-1	A	1	1
PWN-fly-v-2	N	N	LEX-fly-A-v-1-2	A	1	2
PWN-fly-v-2	N	N	LEX-fly-A-v-1-3	A	1	3
PWN-fly-v-2	N	N	LEX-fly-A-v-1-4	A	1	4
PWN-fly-v-2	N	N	LEX-fly-A-v-1-5	A	1	5
PWN-fly-v-2	N	N	LEX-fly-A-v-2	A	2	0
PWN-fly-v-2	N	N	LEX-fly-A-v-2-1	A	2	1
PWN-fly-v-2	N	N	LEX-fly-A-v-2-2	A	2	2
PWN-fly-v-2	N	N	LEX-fly-A-v-2-3	A	2	3
PWN-fly-v-2	N	N	LEX-fly-A-v-3	A	3	0
PWN-fly-v-2	N	N	LEX-fly-A-v-3-1	A	3	1
PWN-fly-v-2	Y	Y	LEX-fly-A-v-4	A	4	0
PWN-fly-v-2	N	N	LEX-fly-A-v-4-1	A	4	1
PWN-fly-v-2	N	N	LEX-fly-A-v-4-2	A	4	2
PWN-fly-v-2	N	N	LEX-fly-A-v-4-3	A	4	3
PWN-fly-v-2	N	N	LEX-fly-A-v-4-4	A	4	4
PWN-fly-v-2	N	N	LEX-fly-A-v-5	A	5	0
PWN-fly-v-3	N	N	LEX-fly-A-v-1	A	1	0
PWN-fly-v-3	N	N	LEX-fly-A-v-1-1	A	1	1
PWN-fly-v-3	Y	Y	LEX-fly-A-v-1-2	A	1	2
PWN-fly-v-3	N	N	LEX-fly-A-v-1-3	A	1	3
PWN-fly-v-3	N	N	LEX-fly-A-v-1-4	A	1	4
PWN-fly-v-3	N	N	LEX-fly-A-v-1-5	A	1	5
PWN-fly-v-3	N	N	LEX-fly-A-v-2	A	2	0
PWN-fly-v-3	N	N	LEX-fly-A-v-2-1	A	2	1
PWN-fly-v-3	N	N	LEX-fly-A-v-2-2	A	2	2
PWN-fly-v-3	N	N	LEX-fly-A-v-2-3	A	2	3
PWN-fly-v-3	N	N	LEX-fly-A-v-3	A	3	0
PWN-fly-v-3	N	N	LEX-fly-A-v-3-1	A	3	1
PWN-fly-v-3	N	N	LEX-fly-A-v-4	A	4	0
PWN-fly-v-3	N	N	LEX-fly-A-v-4-1	A	4	1
PWN-fly-v-3	N	N	LEX-fly-A-v-4-2	A	4	2
PWN-fly-v-3	N	N	LEX-fly-A-v-4-3	A	4	3
PWN-fly-v-3	N	N	LEX-fly-A-v-4-4	A	4	4
PWN-fly-v-3	N	N	LEX-fly-A-v-5	A	5	0
PWN-fly-v-4	N	N	LEX-fly-A-v-1	A	1	0
PWN-fly-v-4	N	N	LEX-fly-A-v-1-1	A	1	1
PWN-fly-v-4	N	N	LEX-fly-A-v-1-2	A	1	2
PWN-fly-v-4	Y	Y	LEX-fly-A-v-1-3	A	1	3
PWN-fly-v-4	N	N	LEX-fly-A-v-1-4	A	1	4
PWN-fly-v-4	N	N	LEX-fly-A-v-1-5	A	1	5
PWN-fly-v-4	N	N	LEX-fly-A-v-2	A	2	0
PWN-fly-v-4	N	N	LEX-fly-A-v-2-1	A	2	1
PWN-fly-v-4	N	N	LEX-fly-A-v-2-2	A	2	2
PWN-fly-v-4	N	N	LEX-fly-A-v-2-3	A	2	3
PWN-fly-v-4	N	N	LEX-fly-A-v-3	A	3	0
PWN-fly-v-4	N	N	LEX-fly-A-v-3-1	A	3	1
PWN-fly-v-4	N	N	LEX-fly-A-v-4	A	4	0
PWN-fly-v-4	N	N	LEX-fly-A-v-4-1	A	4	1
PWN-fly-v-4	N	N	LEX-fly-A-v-4-2	A	4	2
PWN-fly-v-4	N	N	LEX-fly-A-v-4-3	A	4	3
PWN-fly-v-4	N	N	LEX-fly-A-v-4-4	A	4	4
PWN-fly-v-4	N	N	LEX-fly-A-v-5	A	5	0
PWN-fly-v-5	N	N	LEX-fly-A-v-1	A	1	0
PWN-fly-v-5	N	N	LEX-fly-A-v-1-1	A	1	1
PWN-fly-v-5	N	N	LEX-fly-A-v-1-2	A	1	2
PWN-fly-v-5	N	N	LEX-fly-A-v-1-3	A	1	3
PWN-fly-v-5	N	N	LEX-fly-A-v-1-4	A	1	4
PWN-fly-v-5	Y	Y	LEX-fly-A-v-1-5	A	1	5
PWN-fly-v-5	N	N	LEX-fly-A-v-2	A	2	0
PWN-fly-v-5	N	N	LEX-fly-A-v-2-1	A	2	1
PWN-fly-v-5	N	N	LEX-fly-A-v-2-2	A	2	2
PWN-fly-v-5	N	N	LEX-fly-A-v-2-3	A	2	3
PWN-fly-v-5	N	N	LEX-fly-A-v-3	A	3	0
PWN-fly-v-5	N	N	LEX-fly-A-v-3-1	A	3	1
PWN-fly-v-5	N	N	LEX-fly-A-v-4	A	4	0
PWN-fly-v-5	N	N	LEX-fly-A-v-4-1	A	4	1
PWN-fly-v-5	N	N	LEX-fly-A-v-4-2	A	4	2
PWN-fly-v-5	N	N	LEX-fly-A-v-4-3	A	4	3
PWN-fly-v-5	N	N	LEX-fly-A-v-4-4	A	4	4
PWN-fly-v-5	N	N	LEX-fly-A-v-5	A	5	0
PWN-fly-v-6	N	N	LEX-fly-A-v-1	A	1	0
PWN-fly-v-6	N	N	LEX-fly-A-v-1-1	A	1	1
PWN-fly-v-6	N	N	LEX-fly-A-v-1-2	A	1	2
PWN-fly-v-6	N	N	LEX-fly-A-v-1-3	A	1	3
PWN-fly-v-6	N	N	LEX-fly-A-v-1-4	A	1	4
PWN-fly-v-6	N	N	LEX-fly-A-v-1-5	A	1	5
PWN-fly-v-6	N	N	LEX-fly-A-v-2	A	2	0
PWN-fly-v-6	Y	Y	LEX-fly-A-v-2-1	A	2	1
PWN-fly-v-6	Y	Y	LEX-fly-A-v-2-2	A	2	2
PWN-fly-v-6	N	N	LEX-fly-A-v-2-3	A	2	3
PWN-fly-v-6	N	N	LEX-fly-A-v-3	A	3	0
PWN-fly-v-6	N	N	LEX-fly-A-v-3-1	A	3	1
PWN-fly-v-6	N	N	LEX-fly-A-v-4	A	4	0
PWN-fly-v-6	N	N	LEX-fly-A-v-4-1	A	4	1
PWN-fly-v-6	N	N	LEX-fly-A-v-4-2	A	4	2
PWN-fly-v-6	N	N	LEX-fly-A-v-4-3	A	4	3
PWN-fly-v-6	N	N	LEX-fly-A-v-4-4	A	4	4
PWN-fly-v-6	N	N	LEX-fly-A-v-5	A	5	0
PWN-fly-v-7	N	N	LEX-fly-A-v-1	A	1	0
PWN-fly-v-7	N	N	LEX-fly-A-v-1-1	A	1	1
PWN-fly-v-7	N	N	LEX-fly-A-v-1-2	A	1	2
PWN-fly-v-7	N	N	LEX-fly-A-v-1-3	A	1	3
PWN-fly-v-7	N	N	LEX-fly-A-v-1-4	A	1	4
PWN-fly-v-7	N	N	LEX-fly-A-v-1-5	A	1	5
PWN-fly-v-7	N	N	LEX-fly-A-v-2	A	2	0
PWN-fly-v-7	N	N	LEX-fly-A-v-2-1	A	2	1
PWN-fly-v-7	N	N	LEX-fly-A-v-2-2	A	2	2
PWN-fly-v-7	N	N	LEX-fly-A-v-2-3	A	2	3
PWN-fly-v-7	N	N	LEX-fly-A-v-3	A	3	0
PWN-fly-v-7	N	N	LEX-fly-A-v-3-1	A	3	1
PWN-fly-v-7	N	N	LEX-fly-A-v-4	A	4	0
PWN-fly-v-7	N	N	LEX-fly-A-v-4-1	A	4	1
PWN-fly-v-7	N	N	LEX-fly-A-v-4-2	A	4	2
PWN-fly-v-7	N	N	LEX-fly-A-v-4-3	A	4	3
PWN-fly-v-7	N	N	LEX-fly-A-v-4-4	A	4	4
PWN-fly-v-7	N	N	LEX-fly-A-v-5	A	5	0
PWN-fly-v-8	N	N	LEX-fly-A-v-1	A	1	0
PWN-fly-v-8	N	N	LEX-fly-A-v-1-1	A	1	1
PWN-fly-v-8	N	N	LEX-fly-A-v-1-2	A	1	2
PWN-fly-v-8	N	N	LEX-fly-A-v-1-3	A	1	3
PWN-fly-v-8	N	N	LEX-fly-A-v-1-4	A	1	4
PWN-fly-v-8	N	N	LEX-fly-A-v-1-5	A	1	5
PWN-fly-v-8	N	N	LEX-fly-A-v-2	A	2	0
PWN-fly-v-8	N	N	LEX-fly-A-v-2-1	A	2	1
PWN-fly-v-8	N	N	LEX-fly-A-v-2-2	A	2	2
PWN-fly-v-8	N	N	LEX-fly-A-v-2-3	A	2	3
PWN-fly-v-8	N	N	LEX-fly-A-v-3	A	3	0
PWN-fly-v-8	N	N	LEX-fly-A-v-3-1	A	3	1
PWN-fly-v-8	N	N	LEX-fly-A-v-4	A	4	0
PWN-fly-v-8	N	N	LEX-fly-A-v-4-1	A	4	1
PWN-fly-v-8	Y	Y	LEX-fly-A-v-4-2	A	4	2
PWN-fly-v-8	N	N	LEX-fly-A-v-4-3	A	4	3
PWN-fly-v-8	N	N	LEX-fly-A-v-4-4	A	4	4
PWN-fly-v-8	N	N	LEX-fly-A-v-5	A	5	0
PWN-fly-v-9	N	N	LEX-fly-A-v-1	A	1	0
PWN-fly-v-9	Y	Y	LEX-fly-A-v-1-1	A	1	1
PWN-fly-v-9	N	N	LEX-fly-A-v-1-2	A	1	2
PWN-fly-v-9	N	N	LEX-fly-A-v-1-3	A	1	3
PWN-fly-v-9	N	N	LEX-fly-A-v-1-4	A	1	4
PWN-fly-v-9	N	N	LEX-fly-A-v-1-5	A	1	5
PWN-fly-v-9	N	N	LEX-fly-A-v-2	A	2	0
PWN-fly-v-9	N	N	LEX-fly-A-v-2-1	A	2	1
PWN-fly-v-9	N	N	LEX-fly-A-v-2-2	A	2	2
PWN-fly-v-9	N	N	LEX-fly-A-v-2-3	A	2	3
PWN-fly-v-9	N	N	LEX-fly-A-v-3	A	3	0
PWN-fly-v-9	N	N	LEX-fly-A-v-3-1	A	3	1
PWN-fly-v-9	N	N	LEX-fly-A-v-4	A	4	0
PWN-fly-v-9	N	N	LEX-fly-A-v-4-1	A	4	1
PWN-fly-v-9	N	N	LEX-fly-A-v-4-2	A	4	2
PWN-fly-v-9	N	N	LEX-fly-A-v-4-3	A	4	3
PWN-fly-v-9	N	N	LEX-fly-A-v-4-4	A	4	4
PWN-fly-v-9	N	N	LEX-fly-A-v-5	A	5	0
PWN-fly-v-10	N	N	LEX-fly-A-v-1	A	1	0
PWN-fly-v-10	N	N	LEX-fly-A-v-1-1	A	1	1
PWN-fly-v-10	N	N	LEX-fly-A-v-1-2	A	1	2
PWN-fly-v-10	N	N	LEX-fly-A-v-1-3	A	1	3
PWN-fly-v-10	N	N	LEX-fly-A-v-1-4	A	1	4
PWN-fly-v-10	N	N	LEX-fly-A-v-1-5	A	1	5
PWN-fly-v-10	N	N	LEX-fly-A-v-2	A	2	0
PWN-fly-v-10	N	N	LEX-fly-A-v-2-1	A	2	1
PWN-fly-v-10	N	N	LEX-fly-A-v-2-2	A	2	2
PWN-fly-v-10	N	N	LEX-fly-A-v-2-3	A	2	3
PWN-fly-v-10	Y	Y	LEX-fly-A-v-3	A	3	0
PWN-fly-v-10	Y	Y	LEX-fly-A-v-3-1	A	3	1
PWN-fly-v-10	N	N	LEX-fly-A-v-4	A	4	0
PWN-fly-v-10	N	N	LEX-fly-A-v-4-1	A	4	1
PWN-fly-v-10	N	N	LEX-fly-A-v-4-2	A	4	2
PWN-fly-v-10	N	N	LEX-fly-A-v-4-3	A	4	3
PWN-fly-v-10	N	N	LEX-fly-A-v-4-4	A	4	4
PWN-fly-v-10	N	N	LEX-fly-A-v-5	A	5	0
PWN-fly-v-11	N	N	LEX-fly-A-v-1	A	1	0
PWN-fly-v-11	N	N	LEX-fly-A-v-1-1	A	1	1
PWN-fly-v-11	N	N	LEX-fly-A-v-1-2	A	1	2
PWN-fly-v-11	N	N	LEX-fly-A-v-1-3	A	1	3
PWN-fly-v-11	N	N	LEX-fly-A-v-1-4	A	1	4
PWN-fly-v-11	N	N	LEX-fly-A-v-1-5	A	1	5
PWN-fly-v-11	N	N	LEX-fly-A-v-2	A	2	0
PWN-fly-v-11	N	N	LEX-fly-A-v-2-1	A	2	1
PWN-fly-v-11	N	N	LEX-fly-A-v-2-2	A	2	2
PWN-fly-v-11	N	N	LEX-fly-A-v-2-3	A	2	3
PWN-fly-v-11	N	N	LEX-fly-A-v-3	A	3	0
PWN-fly-v-11	N	N	LEX-fly-A-v-3-1	A	3	1
PWN-fly-v-11	N	N	LEX-fly-A-v-4	A	4	0
PWN-fly-v-11	N	N	LEX-fly-A-v-4-1	A	4	1
PWN-fly-v-11	N	N	LEX-fly-A-v-4-2	A	4	2
PWN-fly-v-11	Y	Y	LEX-fly-A-v-4-3	A	4	3
PWN-fly-v-11	Y	Y	LEX-fly-A-v-4-4	A	4	4
PWN-fly-v-11	N	N	LEX-fly-A-v-5	A	5	0
PWN-fly-v-12	N	N	LEX-fly-A-v-1	A	1	0
PWN-fly-v-12	Y	Y	LEX-fly-A-v-1-1	A	1	1
PWN-fly-v-12	N	N	LEX-fly-A-v-1-2	A	1	2
PWN-fly-v-12	N	N	LEX-fly-A-v-1-3	A	1	3
PWN-fly-v-12	N	N	LEX-fly-A-v-1-4	A	1	4
PWN-fly-v-12	N	N	LEX-fly-A-v-1-5	A	1	5
PWN-fly-v-12	N	N	LEX-fly-A-v-2	A	2	0
PWN-fly-v-12	N	N	LEX-fly-A-v-2-1	A	2	1
PWN-fly-v-12	N	N	LEX-fly-A-v-2-2	A	2	2
PWN-fly-v-12	N	N	LEX-fly-A-v-2-3	A	2	3
PWN-fly-v-12	N	N	LEX-fly-A-v-3	A	3	0
PWN-fly-v-12	N	N	LEX-fly-A-v-3-1	A	3	1
PWN-fly-v-12	N	N	LEX-fly-A-v-4	A	4	0
PWN-fly-v-12	N	N	LEX-fly-A-v-4-1	A	4	1
PWN-fly-v-12	N	N	LEX-fly-A-v-4-2	A	4	2
PWN-fly-v-12	N	N	LEX-fly-A-v-4-3	A	4	3
PWN-fly-v-12	N	N	LEX-fly-A-v-4-4	A	4	4
PWN-fly-v-12	N	N	LEX-fly-A-v-5	A	5	0
PWN-fly-v-13	N	N	LEX-fly-A-v-1	A	1	0
PWN-fly-v-13	N	N	LEX-fly-A-v-1-1	A	1	1
PWN-fly-v-13	N	N	LEX-fly-A-v-1-2	A	1	2
PWN-fly-v-13	N	N	LEX-fly-A-v-1-3	A	1	3
PWN-fly-v-13	N	N	LEX-fly-A-v-1-4	A	1	4
PWN-fly-v-13	N	N	LEX-fly-A-v-1-5	A	1	5
PWN-fly-v-13	N	N	LEX-fly-A-v-2	A	2	0
PWN-fly-v-13	N	N	LEX-fly-A-v-2-1	A	2	1
PWN-fly-v-13	N	N	LEX-fly-A-v-2-2	A	2	2
PWN-fly-v-13	Y	Y	LEX-fly-A-v-2-3	A	2	3
PWN-fly-v-13	N	N	LEX-fly-A-v-3	A	3	0
PWN-fly-v-13	N	N	LEX-fly-A-v-3-1	A	3	1
PWN-fly-v-13	N	N	LEX-fly-A-v-4	A	4	0
PWN-fly-v-13	N	N	LEX-fly-A-v-4-1	A	4	1
PWN-fly-v-13	N	N	LEX-fly-A-v-4-2	A	4	2
PWN-fly-v-13	N	N	LEX-fly-A-v-4-3	A	4	3
PWN-fly-v-13	N	N	LEX-fly-A-v-4-4	A	4	4
PWN-fly-v-13	N	N	LEX-fly-A-v-5	A	5	0
PWN-fly-v-14	N	N	LEX-fly-A-v-1	A	1	0
PWN-fly-v-14	N	N	LEX-fly-A-v-1-1	A	1	1
PWN-fly-v-14	N	N	LEX-fly-A-v-1-2	A	1	2
PWN-fly-v-14	N	N	LEX-fly-A-v-1-3	A	1	3
PWN-fly-v-14	N	N	LEX-fly-A-v-1-4	A	1	4
PWN-fly-v-14	N	N	LEX-fly-A-v-1-5	A	1	5
PWN-fly-v-14	N	N	LEX-fly-A-v-2	A	2	0
PWN-fly-v-14	N	N	LEX-fly-A-v-2-1	A	2	1
PWN-fly-v-14	N	N	LEX-fly-A-v-2-2	A	2	2
PWN-fly-v-14	N	N	LEX-fly-A-v-2-3	A	2	3
PWN-fly-v-14	N	N	LEX-fly-A-v-3	A	3	0
PWN-fly-v-14	N	N	LEX-fly-A-v-3-1	A	3	1
PWN-fly-v-14	N	N	LEX-fly-A-v-4	A	4	0
PWN-fly-v-14	N	N	LEX-fly-A-v-4-1	A	4	1
PWN-fly-v-14	N	N	LEX-fly-A-v-4-2	A	4	2
PWN-fly-v-14	N	N	LEX-fly-A-v-4-3	A	4	3
PWN-fly-v-14	N	N	LEX-fly-A-v-4-4	A	4	4
PWN-fly-v-14	N	N	LEX-fly-A-v-5	A	5	0
PWN-gloss-v-1	N	N	LEX-gloss-A-v-1	A	1	0
PWN-gloss-v-1	N	N	LEX-gloss-A-v-2	A	2	0
PWN-gloss-v-1	N	N	LEX-gloss-B-v-1	B	1	0
PWN-gloss-v-1	N	N	LEX-gloss-B-v-1-1	B	1	1
PWN-gloss-v-2	N	N	LEX-gloss-A-v-1	A	1	0
PWN-gloss-v-2	N	N	LEX-gloss-A-v-2	A	2	0
PWN-gloss-v-2	Y	Y	LEX-gloss-B-v-1	B	1	0
PWN-gloss-v-2	N	N	LEX-gloss-B-v-1-1	B	1	1
PWN-gloss-v-3	N	N	LEX-gloss-A-v-1	A	1	0
PWN-gloss-v-3	N	N	LEX-gloss-A-v-2	A	2	0
PWN-gloss-v-3	Y	Y	LEX-gloss-B-v-1	B	1	0
PWN-gloss-v-3	N	N	LEX-gloss-B-v-1-1	B	1	1
PWN-gloss-v-4	N	N	LEX-gloss-A-v-1	A	1	0
PWN-gloss-v-4	Y	Y	LEX-gloss-A-v-2	A	2	0
PWN-gloss-v-4	N	N	LEX-gloss-B-v-1	B	1	0
PWN-gloss-v-4	N	N	LEX-gloss-B-v-1-1	B	1	1
PWN-match-v-1	Y	Y	LEX-match-A-v-1	A	1	0
PWN-match-v-1	N	N	LEX-match-A-v-1-1	A	1	1
PWN-match-v-1	N	N	LEX-match-A-v-2	A	2	0
PWN-match-v-1	N	N	LEX-match-A-v-2-1	A	2	1
PWN-match-v-1	N	N	LEX-match-A-v-2-2	A	2	2
PWN-match-v-1	N	N	LEX-match-A-v-3	A	3	0
PWN-match-v-2	N	N	LEX-match-A-v-1	A	1	0
PWN-match-v-2	N	N	LEX-match-A-v-1-1	A	1	1
PWN-match-v-2	N	N	LEX-match-A-v-2	A	2	0
PWN-match-v-2	N	N	LEX-match-A-v-2-1	A	2	1
PWN-match-v-2	N	N	LEX-match-A-v-2-2	A	2	2
PWN-match-v-2	N	N	LEX-match-A-v-3	A	3	0
PWN-match-v-3	N	N	LEX-match-A-v-1	A	1	0
PWN-match-v-3	Y	Y	LEX-match-A-v-1-1	A	1	1
PWN-match-v-3	N	N	LEX-match-A-v-2	A	2	0
PWN-match-v-3	N	N	LEX-match-A-v-2-1	A	2	1
PWN-match-v-3	N	N	LEX-match-A-v-2-2	A	2	2
PWN-match-v-3	N	N	LEX-match-A-v-3	A	3	0
PWN-match-v-4	N	N	LEX-match-A-v-1	A	1	0
PWN-match-v-4	N	N	LEX-match-A-v-1-1	A	1	1
PWN-match-v-4	Y	Y	LEX-match-A-v-2	A	2	0
PWN-match-v-4	N	N	LEX-match-A-v-2-1	A	2	1
PWN-match-v-4	N	N	LEX-match-A-v-2-2	A	2	2
PWN-match-v-4	N	N	LEX-match-A-v-3	A	3	0
PWN-match-v-5	Y	Y	LEX-match-A-v-1	A	1	0
PWN-match-v-5	Y	Y	LEX-match-A-v-1-1	A	1	1
PWN-match-v-5	N	N	LEX-match-A-v-2	A	2	0
PWN-match-v-5	N	N	LEX-match-A-v-2-1	A	2	1
PWN-match-v-5	N	N	LEX-match-A-v-2-2	A	2	2
PWN-match-v-5	N	N	LEX-match-A-v-3	A	3	0
PWN-match-v-6	N	N	LEX-match-A-v-1	A	1	0
PWN-match-v-6	N	N	LEX-match-A-v-1-1	A	1	1
PWN-match-v-6	N	N	LEX-match-A-v-2	A	2	0
PWN-match-v-6	N	N	LEX-match-A-v-2-1	A	2	1
PWN-match-v-6	N	N	LEX-match-A-v-2-2	A	2	2
PWN-match-v-6	N	N	LEX-match-A-v-3	A	3	0
PWN-match-v-7	N	N	LEX-match-A-v-1	A	1	0
PWN-match-v-7	N	N	LEX-match-A-v-1-1	A	1	1
PWN-match-v-7	N	N	LEX-match-A-v-2	A	2	0
PWN-match-v-7	N	N	LEX-match-A-v-2-1	A	2	1
PWN-match-v-7	N	N	LEX-match-A-v-2-2	A	2	2
PWN-match-v-7	Y	Y	LEX-match-A-v-3	A	3	0
PWN-match-v-8	Y	Y	LEX-match-A-v-1	A	1	0
PWN-match-v-8	N	N	LEX-match-A-v-1-1	A	1	1
PWN-match-v-8	Y	Y	LEX-match-A-v-2	A	2	0
PWN-match-v-8	N	N	LEX-match-A-v-2-1	A	2	1
PWN-match-v-8	N	N	LEX-match-A-v-2-2	A	2	2
PWN-match-v-8	N	N	LEX-match-A-v-3	A	3	0
PWN-match-v-9	Y	Y	LEX-match-A-v-1	A	1	0
PWN-match-v-9	N	N	LEX-match-A-v-1-1	A	1	1
PWN-match-v-9	N	N	LEX-match-A-v-2	A	2	0
PWN-match-v-9	N	N	LEX-match-A-v-2-1	A	2	1
PWN-match-v-9	N	N	LEX-match-A-v-2-2	A	2	2
PWN-match-v-9	N	N	LEX-match-A-v-3	A	3	0
PWN-mean-v-1	Y	Y	LEX-mean-A-v-1	A	1	0
PWN-mean-v-1	N	N	LEX-mean-A-v-1-1	A	1	1
PWN-mean-v-1	Y	Y	LEX-mean-A-v-1-2	A	1	2
PWN-mean-v-1	N	N	LEX-mean-A-v-1-3	A	1	3
PWN-mean-v-1	N	N	LEX-mean-A-v-2	A	2	0
PWN-mean-v-1	N	N	LEX-mean-A-v-2-1	A	2	1
PWN-mean-v-1	N	N	LEX-mean-A-v-2-2	A	2	2
PWN-mean-v-1	N	N	LEX-mean-A-v-2-3	A	2	3
PWN-mean-v-1	N	N	LEX-mean-A-v-2-4	A	2	4
PWN-mean-v-1	N	N	LEX-mean-A-v-3	A	3	0
PWN-mean-v-1	N	N	LEX-mean-A-v-3-1	A	3	1
PWN-mean-v-2	N	N	LEX-mean-A-v-1	A	1	0
PWN-mean-v-2	N	N	LEX-mean-A-v-1-1	A	1	1
PWN-mean-v-2	N	N	LEX-mean-A-v-1-2	A	1	2
PWN-mean-v-2	N	N	LEX-mean-A-v-1-3	A	1	3
PWN-mean-v-2	N	N	LEX-mean-A-v-2	A	2	0
PWN-mean-v-2	N	N	LEX-mean-A-v-2-1	A	2	1
PWN-mean-v-2	N	N	LEX-mean-A-v-2-2	A	2	2
PWN-mean-v-2	N	N	LEX-mean-A-v-2-3	A	2	3
PWN-mean-v-2	N	N	LEX-mean-A-v-2-4	A	2	4
PWN-mean-v-2	Y	Y	LEX-mean-A-v-3	A	3	0
PWN-mean-v-2	Y	Y	LEX-mean-A-v-3-1	A	3	1
PWN-mean-v-3	N	N	LEX-mean-A-v-1	A	1	0
PWN-mean-v-3	Y	Y	LEX-mean-A-v-1-1	A	1	1
PWN-mean-v-3	N	N	LEX-mean-A-v-1-2	A	1	2
PWN-mean-v-3	N	N	LEX-mean-A-v-1-3	A	1	3
PWN-mean-v-3	N	N	LEX-mean-A-v-2	A	2	0
PWN-mean-v-3	N	N	LEX-mean-A-v-2-1	A	2	1
PWN-mean-v-3	N	N	LEX-mean-A-v-2-2	A	2	2
PWN-mean-v-3	N	N	LEX-mean-A-v-2-3	A	2	3
PWN-mean-v-3	N	N	LEX-mean-A-v-2-4	A	2	4
PWN-mean-v-3	N	N	LEX-mean-A-v-3	A	3	0
PWN-mean-v-3	N	N	LEX-mean-A-v-3-1	A	3	1
PWN-mean-v-4	N	N	LEX-mean-A-v-1	A	1	0
PWN-mean-v-4	N	N	LEX-mean-A-v-1-1	A	1	1
PWN-mean-v-4	N	N	LEX-mean-A-v-1-2	A	1	2
PWN-mean-v-4	N	N	LEX-mean-A-v-1-3	A	1	3
PWN-mean-v-4	Y	Y	LEX-mean-A-v-2	A	2	0
PWN-mean-v-4	N	N	LEX-mean-A-v-2-1	A	2	1
PWN-mean-v-4	N	N	LEX-mean-A-v-2-2	A	2	2
PWN-mean-v-4	Y	Y	LEX-mean-A-v-2-3	A	2	3
PWN-mean-v-4	N	N	LEX-mean-A-v-2-4	A	2	4
PWN-mean-v-4	N	N	LEX-mean-A-v-3	A	3	0
PWN-mean-v-4	N	N	LEX-mean-A-v-3-1	A	3	1
PWN-mean-v-6	Y	Y	LEX-mean-A-v-1	A	1	0
PWN-mean-v-6	N	N	LEX-mean-A-v-1-1	A	1	1
PWN-mean-v-6	Y	Y	LEX-mean-A-v-1-2	A	1	2
PWN-mean-v-6	N	N	LEX-mean-A-v-1-3	A	1	3
PWN-mean-v-6	N	N	LEX-mean-A-v-2	A	2	0
PWN-mean-v-6	N	N	LEX-mean-A-v-2-1	A	2	1
PWN-mean-v-6	N	N	LEX-mean-A-v-2-2	A	2	2
PWN-mean-v-6	N	N	LEX-mean-A-v-2-3	A	2	3
PWN-mean-v-6	N	N	LEX-mean-A-v-2-4	A	2	4
PWN-mean-v-6	N	N	LEX-mean-A-v-3	A	3	0
PWN-mean-v-6	N	N	LEX-mean-A-v-3-1	A	3	1
PWN-mean-v-7	N	N	LEX-mean-A-v-1	A	1	0
PWN-mean-v-7	N	N	LEX-mean-A-v-1-1	A	1	1
PWN-mean-v-7	N	N	LEX-mean-A-v-1-2	A	1	2
PWN-mean-v-7	N	N	LEX-mean-A-v-1-3	A	1	3
PWN-mean-v-7	Y	Y	LEX-mean-A-v-2	A	2	0
PWN-mean-v-7	Y	Y	LEX-mean-A-v-2-1	A	2	1
PWN-mean-v-7	Y	Y	LEX-mean-A-v-2-2	A	2	2
PWN-mean-v-7	N	N	LEX-mean-A-v-2-3	A	2	3
PWN-mean-v-7	N	N	LEX-mean-A-v-2-4	A	2	4
PWN-mean-v-7	N	N	LEX-mean-A-v-3	A	3	0
PWN-mean-v-7	N	N	LEX-mean-A-v-3-1	A	3	1
PWN-palm-v-1	Y	Y	LEX-palm-B-v-1	B	1	0
PWN-palm-v-1	N	N	LEX-palm-B-v-2	B	2	0
PWN-ring-v-1	N	N	LEX-ring-A-v-1	A	1	0
PWN-ring-v-1	N	N	LEX-ring-A-v-1-1	A	1	1
PWN-ring-v-1	N	N	LEX-ring-A-v-1-2	A	1	2
PWN-ring-v-1	N	N	LEX-ring-A-v-2	A	2	0
PWN-ring-v-1	N	N	LEX-ring-A-v-2-1	A	2	1
PWN-ring-v-1	N	N	LEX-ring-A-v-3	A	3	0
PWN-ring-v-1	N	N	LEX-ring-A-v-4	A	4	0
PWN-ring-v-1	Y	Y	LEX-ring-B-v-1	B	1	0
PWN-ring-v-1	N	N	LEX-ring-B-v-1-1	B	1	1
PWN-ring-v-1	N	N	LEX-ring-B-v-1-2	B	1	2
PWN-ring-v-1	N	N	LEX-ring-B-v-1-3	B	1	3
PWN-ring-v-1	N	N	LEX-ring-B-v-1-4	B	1	4
PWN-ring-v-1	N	N	LEX-ring-B-v-2	B	2	0
PWN-ring-v-1	N	N	LEX-ring-B-v-3	B	3	0
PWN-ring-v-1	N	N	LEX-ring-B-v-3-1	B	3	1
PWN-ring-v-1	N	N	LEX-ring-B-v-3-2	B	3	2
PWN-ring-v-1	N	N	LEX-ring-B-v-3-3	B	3	3
PWN-ring-v-2	N	N	LEX-ring-A-v-1	A	1	0
PWN-ring-v-2	N	N	LEX-ring-A-v-1-1	A	1	1
PWN-ring-v-2	N	N	LEX-ring-A-v-1-2	A	1	2
PWN-ring-v-2	N	N	LEX-ring-A-v-2	A	2	0
PWN-ring-v-2	N	N	LEX-ring-A-v-2-1	A	2	1
PWN-ring-v-2	N	N	LEX-ring-A-v-3	A	3	0
PWN-ring-v-2	N	N	LEX-ring-A-v-4	A	4	0
PWN-ring-v-2	Y	Y	LEX-ring-B-v-1	B	1	0
PWN-ring-v-2	N	N	LEX-ring-B-v-1-1	B	1	1
PWN-ring-v-2	N	N	LEX-ring-B-v-1-2	B	1	2
PWN-ring-v-2	N	N	LEX-ring-B-v-1-3	B	1	3
PWN-ring-v-2	N	N	LEX-ring-B-v-1-4	B	1	4
PWN-ring-v-2	N	N	LEX-ring-B-v-2	B	2	0
PWN-ring-v-2	Y	Y	LEX-ring-B-v-3	B	3	0
PWN-ring-v-2	N	N	LEX-ring-B-v-3-1	B	3	1
PWN-ring-v-2	N	N	LEX-ring-B-v-3-2	B	3	2
PWN-ring-v-2	N	N	LEX-ring-B-v-3-3	B	3	3
PWN-ring-v-3	N	N	LEX-ring-A-v-1	A	1	0
PWN-ring-v-3	N	N	LEX-ring-A-v-1-1	A	1	1
PWN-ring-v-3	N	N	LEX-ring-A-v-1-2	A	1	2
PWN-ring-v-3	N	N	LEX-ring-A-v-2	A	2	0
PWN-ring-v-3	N	N	LEX-ring-A-v-2-1	A	2	1
PWN-ring-v-3	N	N	LEX-ring-A-v-3	A	3	0
PWN-ring-v-3	N	N	LEX-ring-A-v-4	A	4	0
PWN-ring-v-3	N	N	LEX-ring-B-v-1	B	1	0
PWN-ring-v-3	Y	Y	LEX-ring-B-v-1-1	B	1	1
PWN-ring-v-3	N	N	LEX-ring-B-v-1-2	B	1	2
PWN-ring-v-3	N	N	LEX-ring-B-v-1-3	B	1	3
PWN-ring-v-3	N	N	LEX-ring-B-v-1-4	B	1	4
PWN-ring-v-3	N	N	LEX-ring-B-v-2	B	2	0
PWN-ring-v-3	N	N	LEX-ring-B-v-3	B	3	0
PWN-ring-v-3	N	N	LEX-ring-B-v-3-1	B	3	1
PWN-ring-v-3	N	N	LEX-ring-B-v-3-2	B	3	2
PWN-ring-v-3	N	N	LEX-ring-B-v-3-3	B	3	3
PWN-ring-v-4	N	N	LEX-ring-A-v-1	A	1	0
PWN-ring-v-4	N	N	LEX-ring-A-v-1-1	A	1	1
PWN-ring-v-4	N	N	LEX-ring-A-v-1-2	A	1	2
PWN-ring-v-4	N	N	LEX-ring-A-v-2	A	2	0
PWN-ring-v-4	N	N	LEX-ring-A-v-2-1	A	2	1
PWN-ring-v-4	N	N	LEX-ring-A-v-3	A	3	0
PWN-ring-v-4	N	N	LEX-ring-A-v-4	A	4	0
PWN-ring-v-4	N	N	LEX-ring-B-v-1	B	1	0
PWN-ring-v-4	N	N	LEX-ring-B-v-1-1	B	1	1
PWN-ring-v-4	N	N	LEX-ring-B-v-1-2	B	1	2
PWN-ring-v-4	N	N	LEX-ring-B-v-1-3	B	1	3
PWN-ring-v-4	N	N	LEX-ring-B-v-1-4	B	1	4
PWN-ring-v-4	Y	Y	LEX-ring-B-v-2	B	2	0
PWN-ring-v-4	N	N	LEX-ring-B-v-3	B	3	0
PWN-ring-v-4	N	N	LEX-ring-B-v-3-1	B	3	1
PWN-ring-v-4	N	N	LEX-ring-B-v-3-2	B	3	2
PWN-ring-v-4	N	N	LEX-ring-B-v-3-3	B	3	3
PWN-ring-v-5	Y	Y	LEX-ring-A-v-1	A	1	0
PWN-ring-v-5	N	N	LEX-ring-A-v-1-1	A	1	1
PWN-ring-v-5	N	N	LEX-ring-A-v-1-2	A	1	2
PWN-ring-v-5	N	N	LEX-ring-A-v-2	A	2	0
PWN-ring-v-5	N	N	LEX-ring-A-v-2-1	A	2	1
PWN-ring-v-5	N	N	LEX-ring-A-v-3	A	3	0
PWN-ring-v-5	N	N	LEX-ring-A-v-4	A	4	0
PWN-ring-v-5	N	N	LEX-ring-B-v-1	B	1	0
PWN-ring-v-5	N	N	LEX-ring-B-v-1-1	B	1	1
PWN-ring-v-5	N	N	LEX-ring-B-v-1-2	B	1	2
PWN-ring-v-5	N	N	LEX-ring-B-v-1-3	B	1	3
PWN-ring-v-5	N	N	LEX-ring-B-v-1-4	B	1	4
PWN-ring-v-5	N	N	LEX-ring-B-v-2	B	2	0
PWN-ring-v-5	N	N	LEX-ring-B-v-3	B	3	0
PWN-ring-v-5	N	N	LEX-ring-B-v-3-1	B	3	1
PWN-ring-v-5	N	N	LEX-ring-B-v-3-2	B	3	2
PWN-ring-v-5	N	N	LEX-ring-B-v-3-3	B	3	3
PWN-ring-v-6	N	N	LEX-ring-A-v-1	A	1	0
PWN-ring-v-6	N	N	LEX-ring-A-v-1-1	A	1	1
PWN-ring-v-6	N	N	LEX-ring-A-v-1-2	A	1	2
PWN-ring-v-6	Y	Y	LEX-ring-A-v-2	A	2	0
PWN-ring-v-6	N	N	LEX-ring-A-v-2-1	A	2	1
PWN-ring-v-6	N	N	LEX-ring-A-v-3	A	3	0
PWN-ring-v-6	N	N	LEX-ring-A-v-4	A	4	0
PWN-ring-v-6	N	N	LEX-ring-B-v-1	B	1	0
PWN-ring-v-6	N	N	LEX-ring-B-v-1-1	B	1	1
PWN-ring-v-6	N	N	LEX-ring-B-v-1-2	B	1	2
PWN-ring-v-6	N	N	LEX-ring-B-v-1-3	B	1	3
PWN-ring-v-6	N	N	LEX-ring-B-v-1-4	B	1	4
PWN-ring-v-6	N	N	LEX-ring-B-v-2	B	2	0
PWN-ring-v-6	N	N	LEX-ring-B-v-3	B	3	0
PWN-ring-v-6	N	N	LEX-ring-B-v-3-1	B	3	1
PWN-ring-v-6	N	N	LEX-ring-B-v-3-2	B	3	2
PWN-ring-v-6	N	N	LEX-ring-B-v-3-3	B	3	3
PWN-rock-v-1	Y	Y	LEX-rock-B-v-1	B	1	0
PWN-rock-v-1	Y	Y	LEX-rock-B-v-1-1	B	1	1
PWN-rock-v-1	N	N	LEX-rock-B-v-1-2	B	1	2
PWN-rock-v-1	N	N	LEX-rock-B-v-2	B	2	0
PWN-rock-v-1	N	N	LEX-rock-B-v-2-1	B	2	1
PWN-rock-v-1	N	N	LEX-rock-B-v-2-2	B	2	2
PWN-rock-v-1	N	N	LEX-rock-B-v-3	B	3	0
PWN-rock-v-2	Y	Y	LEX-rock-B-v-1	B	1	0
PWN-rock-v-2	Y	Y	LEX-rock-B-v-1-1	B	1	1
PWN-rock-v-2	N	N	LEX-rock-B-v-1-2	B	1	2
PWN-rock-v-2	N	N	LEX-rock-B-v-2	B	2	0
PWN-rock-v-2	N	N	LEX-rock-B-v-2-1	B	2	1
PWN-rock-v-2	N	N	LEX-rock-B-v-2-2	B	2	2
PWN-rock-v-2	N	N	LEX-rock-B-v-3	B	3	0
PWN-saw-v-1	Y	Y	LEX-saw-A-v-1	A	1	0
PWN-saw-v-1	Y	Y	LEX-saw-A-v-1-1	A	1	1
PWN-saw-v-1	N	N	LEX-saw-A-v-1-2	A	1	2
PWN-saw-v-1	N	N	LEX-saw-A-v-1-3	A	1	3
PWN-saw-v-1	N	N	LEX-saw-A-v-2	A	2	0
PWN-scale-v-1	N	N	LEX-scale-A-v-1	A	1	0
PWN-scale-v-1	N	N	LEX-scale-A-v-1-1	A	1	1
PWN-scale-v-1	N	N	LEX-scale-A-v-2	A	2	0
PWN-scale-v-1	N	N	LEX-scale-A-v-2-1	A	2	1
PWN-scale-v-1	Y	Y	LEX-scale-B-v-1	B	1	0
PWN-scale-v-1	N	N	LEX-scale-C-v-1	C	1	0
PWN-scale-v-1	N	N	LEX-scale-C-v-2	C	2	0
PWN-scale-v-1	N	N	LEX-scale-C-v-2-1	C	2	1
PWN-scale-v-1	N	N	LEX-scale-C-v-3	C	3	0
PWN-scale-v-2	N	N	LEX-scale-A-v-1	A	1	0
PWN-scale-v-2	N	N	LEX-scale-A-v-1-1	A	1	1
PWN-scale-v-2	N	N	LEX-scale-A-v-2	A	2	0
PWN-scale-v-2	N	N	LEX-scale-A-v-2-1	A	2	1
PWN-scale-v-2	N	N	LEX-scale-B-v-1	B	1	0
PWN-scale-v-2	N	N	LEX-scale-C-v-1	C	1	0
PWN-scale-v-2	Y	Y	LEX-scale-C-v-2	C	2	0
PWN-scale-v-2	Y	Y	LEX-scale-C-v-2-1	C	2	1
PWN-scale-v-2	N	N	LEX-scale-C-v-3	C	3	0
PWN-scale-v-3	N	N	LEX-scale-A-v-1	A	1	0
PWN-scale-v-3	N	N	LEX-scale-A-v-1-1	A	1	1
PWN-scale-v-3	N	N	LEX-scale-A-v-2	A	2	0
PWN-scale-v-3	N	N	LEX-scale-A-v-2-1	A	2	1
PWN-scale-v-3	N	N	LEX-scale-B-v-1	B	1	0
PWN-scale-v-3	N	N	LEX-scale-C-v-1	C	1	0
PWN-scale-v-3	N	N	LEX-scale-C-v-2	C	2	0
PWN-scale-v-3	N	N	LEX-scale-C-v-2-1	C	2	1
PWN-scale-v-3	N	N	LEX-scale-C-v-3	C	3	0
PWN-scale-v-4	N	N	LEX-scale-A-v-1	A	1	0
PWN-scale-v-4	N	N	LEX-scale-A-v-1-1	A	1	1
PWN-scale-v-4	N	N	LEX-scale-A-v-2	A	2	0
PWN-scale-v-4	N	N	LEX-scale-A-v-2-1	A	2	1
PWN-scale-v-4	N	N	LEX-scale-B-v-1	B	1	0
PWN-scale-v-4	Y	Y	LEX-scale-C-v-1	C	1	0
PWN-scale-v-4	N	N	LEX-scale-C-v-2	C	2	0
PWN-scale-v-4	N	N	LEX-scale-C-v-2-1	C	2	1
PWN-scale-v-4	N	N	LEX-scale-C-v-3	C	3	0
PWN-scale-v-5	N	N	LEX-scale-A-v-1	A	1	0
PWN-scale-v-5	N	N	LEX-scale-A-v-1-1	A	1	1
PWN-scale-v-5	N	N	LEX-scale-A-v-2	A	2	0
PWN-scale-v-5	N	N	LEX-scale-A-v-2-1	A	2	1
PWN-scale-v-5	N	N	LEX-scale-B-v-1	B	1	0
PWN-scale-v-5	Y	Y	LEX-scale-C-v-1	C	1	0
PWN-scale-v-5	N	N	LEX-scale-C-v-2	C	2	0
PWN-scale-v-5	N	N	LEX-scale-C-v-2-1	C	2	1
PWN-scale-v-5	N	N	LEX-scale-C-v-3	C	3	0
PWN-scale-v-6	Y	Y	LEX-scale-A-v-1	A	1	0
PWN-scale-v-6	N	N	LEX-scale-A-v-1-1	A	1	1
PWN-scale-v-6	N	N	LEX-scale-A-v-2	A	2	0
PWN-scale-v-6	N	N	LEX-scale-A-v-2-1	A	2	1
PWN-scale-v-6	N	N	LEX-scale-B-v-1	B	1	0
PWN-scale-v-6	N	N	LEX-scale-C-v-1	C	1	0
PWN-scale-v-6	N	N	LEX-scale-C-v-2	C	2	0
PWN-scale-v-6	N	N	LEX-scale-C-v-2-1	C	2	1
PWN-scale-v-6	N	N	LEX-scale-C-v-3	C	3	0
PWN-scale-v-7	N	N	LEX-scale-A-v-1	A	1	0
PWN-scale-v-7	N	N	LEX-scale-A-v-1-1	A	1	1
PWN-scale-v-7	N	N	LEX-scale-A-v-2	A	2	0
PWN-scale-v-7	N	N	LEX-scale-A-v-2-1	A	2	1
PWN-scale-v-7	Y	Y	LEX-scale-B-v-1	B	1	0
PWN-scale-v-7	N	N	LEX-scale-C-v-1	C	1	0
PWN-scale-v-7	N	N	LEX-scale-C-v-2	C	2	0
PWN-scale-v-7	N	N	LEX-scale-C-v-2-1	C	2	1
PWN-scale-v-7	N	N	LEX-scale-C-v-3	C	3	0
PWN-scale-v-8	N	N	LEX-scale-A-v-1	A	1	0
PWN-scale-v-8	N	N	LEX-scale-A-v-1-1	A	1	1
PWN-scale-v-8	N	N	LEX-scale-A-v-2	A	2	0
PWN-scale-v-8	N	N	LEX-scale-A-v-2-1	A	2	1
PWN-scale-v-8	N	N	LEX-scale-B-v-1	B	1	0
PWN-scale-v-8	N	N	LEX-scale-C-v-1	C	1	0
PWN-scale-v-8	Y	Y	LEX-scale-C-v-2	C	2	0
PWN-scale-v-8	N	N	LEX-scale-C-v-2-1	C	2	1
PWN-scale-v-8	N	N	LEX-scale-C-v-3	C	3	0
PWN-ship-v-1	Y	Y	LEX-ship-A-v-1	A	1	0
PWN-ship-v-1	Y	Y	LEX-ship-A-v-1-1	A	1	1
PWN-ship-v-1	N	N	LEX-ship-A-v-1-2	A	1	2
PWN-ship-v-1	N	N	LEX-ship-A-v-1-3	A	1	3
PWN-ship-v-1	N	N	LEX-ship-A-v-1-4	A	1	4
PWN-ship-v-1	N	N	LEX-ship-A-v-1-5	A	1	5
PWN-ship-v-1	N	N	LEX-ship-A-v-2	A	2	0
PWN-ship-v-1	N	N	LEX-ship-A-v-3	A	3	0
PWN-ship-v-1	N	N	LEX-ship-A-v-3-1	A	3	1
PWN-ship-v-1	N	N	LEX-ship-B-v-1	B	1	0
PWN-ship-v-2	N	N	LEX-ship-A-v-1	A	1	0
PWN-ship-v-2	N	N	LEX-ship-A-v-1-1	A	1	1
PWN-ship-v-2	N	N	LEX-ship-A-v-1-2	A	1	2
PWN-ship-v-2	N	N	LEX-ship-A-v-1-3	A	1	3
PWN-ship-v-2	N	N	LEX-ship-A-v-1-4	A	1	4
PWN-ship-v-2	Y	Y	LEX-ship-A-v-1-5	A	1	5
PWN-ship-v-2	N	N	LEX-ship-A-v-2	A	2	0
PWN-ship-v-2	N	N	LEX-ship-A-v-3	A	3	0
PWN-ship-v-2	N	N	LEX-ship-A-v-3-1	A	3	1
PWN-ship-v-2	N	N	LEX-ship-B-v-1	B	1	0
PWN-ship-v-3	N	N	LEX-ship-A-v-1	A	1	0
PWN-ship-v-3	N	N	LEX-ship-A-v-1-1	A	1	1
PWN-ship-v-3	N	N	LEX-ship-A-v-1-2	A	1	2
PWN-ship-v-3	N	N	LEX-ship-A-v-1-3	A	1	3
PWN-ship-v-3	Y	Y	LEX-ship-A-v-1-4	A	1	4
PWN-ship-v-3	N	N	LEX-ship-A-v-1-5	A	1	5
PWN-ship-v-3	N	N	LEX-ship-A-v-2	A	2	0
PWN-ship-v-3	N	N	LEX-ship-A-v-3	A	3	0
PWN-ship-v-3	N	N	LEX-ship-A-v-3-1	A	3	1
PWN-ship-v-3	N	N	LEX-ship-B-v-1	B	1	0
PWN-ship-v-4	N	N	LEX-ship-A-v-1	A	1	0
PWN-ship-v-4	N	N	LEX-ship-A-v-1-1	A	1	1
PWN-ship-v-4	N	N	LEX-ship-A-v-1-2	A	1	2
PWN-ship-v-4	N	N	LEX-ship-A-v-1-3	A	1	3
PWN-ship-v-4	N	N	LEX-ship-A-v-1-4	A	1	4
PWN-ship-v-4	N	N	LEX-ship-A-v-1-5	A	1	5
PWN-ship-v-4	N	N	LEX-ship-A-v-2	A	2	0
PWN-ship-v-4	N	N	LEX-ship-A-v-3	A	3	0
PWN-ship-v-4	N	N	LEX-ship-A-v-3-1	A	3	1
PWN-ship-v-4	N	N	LEX-ship-B-v-1	B	1	0
PWN-ship-v-5	N	N	LEX-ship-A-v-1	A	1	0
PWN-ship-v-5	N	N	LEX-ship-A-v-1-1	A	1	1
PWN-ship-v-5	N	N	LEX-ship-A-v-1-2	A	1	2
PWN-ship-v-5	N	N	LEX-ship-A-v-1-3	A	1	3
PWN-ship-v-5	N	N	LEX-ship-A-v-1-4	A	1	4
PWN-ship-v-5	N	N	LEX-ship-A-v-1-5	A	1	5
PWN-ship-v-5	N	N	LEX-ship-A-v-2	A	2	0
PWN-ship-v-5	N	N	LEX-ship-A-v-3	A	3	0
PWN-ship-v-5	N	N	LEX-ship-A-v-3-1	A	3	1
PWN-ship-v-5	N	N	LEX-ship-B-v-1	B	1	0
PWN-sink-v-1	N	N	LEX-sink-A-v-1	A	1	0
PWN-sink-v-1	N	N	LEX-sink-A-v-1-1	A	1	1
PWN-sink-v-1	N	N	LEX-sink-A-v-1-2	A	1	2
PWN-sink-v-1	N	N	LEX-sink-A-v-1-3	A	1	3
PWN-sink-v-1	N	N	LEX-sink-A-v-1-4	A	1	4
PWN-sink-v-1	N	N	LEX-sink-A-v-1-5	A	1	5
PWN-sink-v-1	Y	Y	LEX-sink-A-v-2	A	2	0
PWN-sink-v-1	Y	Y	LEX-sink-A-v-2-1	A	2	1
PWN-sink-v-1	N	N	LEX-sink-A-v-2-2	A	2	2
PWN-sink-v-1	N	N	LEX-sink-A-v-3	A	3	0
PWN-sink-v-1	N	N	LEX-sink-A-v-3-1	A	3	1
PWN-sink-v-1	N	N	LEX-sink-A-v-3-2	A	3	2
PWN-sink-v-1	N	N	LEX-sink-A-v-4	A	4	0
PWN-sink-v-1	N	N	LEX-sink-A-v-4-1	A	4	1
PWN-sink-v-1	N	N	LEX-sink-A-v-4-2	A	4	2
PWN-sink-v-1	N	N	LEX-sink-A-v-4-3	A	4	3
PWN-sink-v-1	N	N	LEX-sink-A-v-4-4	A	4	4
PWN-sink-v-1	N	N	LEX-sink-A-v-4-5	A	4	5
PWN-sink-v-1	N	N	LEX-sink-A-v-5	A	5	0
PWN-sink-v-2	N	N	LEX-sink-A-v-1	A	1	0
PWN-sink-v-2	N	N	LEX-sink-A-v-1-1	A	1	1
PWN-sink-v-2	Y	Y	LEX-sink-A-v-1-2	A	1	2
PWN-sink-v-2	N	N	LEX-sink-A-v-1-3	A	1	3
PWN-sink-v-2	N	N	LEX-sink-A-v-1-4	A	1	4
PWN-sink-v-2	N	N	LEX-sink-A-v-1-5	A	1	5
PWN-sink-v-2	N	N	LEX-sink-A-v-2	A	2	0
PWN-sink-v-2	N	N	LEX-sink-A-v-2-1	A	2	1
PWN-sink-v-2	N	N	LEX-sink-A-v-2-2	A	2	2
PWN-sink-v-2	N	N	LEX-sink-A-v-3	A	3	0
PWN-sink-v-2	N	N	LEX-sink-A-v-3-1	A	3	1
PWN-sink-v-2	N	N	LEX-sink-A-v-3-2	A	3	2
PWN-sink-v-2	N	N	LEX-sink-A-v-4	A	4	0
PWN-sink-v-2	N	N	LEX-sink-A-v-4-1	A	4	1
PWN-sink-v-2	N	N	LEX-sink-A-v-4-2	A	4	2
PWN-sink-v-2	N	N	LEX-sink-A-v-4-3	A	4	3
PWN-sink-v-2	N	N	LEX-sink-A-v-4-4	A	4	4
PWN-sink-v-2	N	N	LEX-sink-A-v-4-5	A	4	5
PWN-sink-v-2	N	N	LEX-sink-A-v-5	A	5	0
PWN-sink-v-3	N	N	LEX-sink-A-v-1	A	1	0
PWN-sink-v-3	N	N	LEX-sink-A-v-1-1	A	1	1
PWN-sink-v-3	N	N	LEX-sink-A-v-1-2	A	1	2
PWN-sink-v-3	N	N	LEX-sink-A-v-1-3	A	1	3
PWN-sink-v-3	N	N	LEX-sink-A-v-1-4	A	1	4
PWN-sink-v-3	N	N	LEX-sink-A-v-1-5	A	1	5
PWN-sink-v-3	N	N	LEX-sink-A-v-2	A	2	0
PWN-sink-v-3	N	N	LEX-sink-A-v-2-1	A	2	1
PWN-sink-v-3	N	N	LEX-sink-A-v-2-2	A	2	2
PWN-sink-v-3	N	N	LEX-sink-A-v-3	A	3	0
PWN-sink-v-3	Y	Y	LEX-sink-A-v-3-1	A	3	1
PWN-sink-v-3	N	N	LEX-sink-A-v-3-2	A	3	2
PWN-sink-v-3	N	N	LEX-sink-A-v-4	A	4	0
PWN-sink-v-3	N	N	LEX-sink-A-v-4-1	A	4	1
PWN-sink-v-3	N	N	LEX-sink-A-v-4-2	A	4	2
PWN-sink-v-3	N	N	LEX-sink-A-v-4-3	A	4	3
PWN-sink-v-3	N	N	LEX-sink-A-v-4-4	A	4	4
PWN-sink-v-3	N	N	LEX-sink-A-v-4-5	A	4	5
PWN-sink-v-3	N	N	LEX-sink-A-v-5	A	5	0
PWN-sink-v-4	N	N	LEX-sink-A-v-1	A	1	0
PWN-sink-v-4	Y	Y	LEX-sink-A-v-1-1	A	1	1
PWN-sink-v-4	N	N	LEX-sink-A-v-1-2	A	1	2
PWN-sink-v-4	N	N	LEX-sink-A-v-1-3	A	1	3
PWN-sink-v-4	N	N	LEX-sink-A-v-1-4	A	1	4
PWN-sink-v-4	N	N	LEX-sink-A-v-1-5	A	1	5
PWN-sink-v-4	N	N	LEX-sink-A-v-2	A	2	0
PWN-sink-v-4	N	N	LEX-sink-A-v-2-1	A	2	1
PWN-sink-v-4	N	N	LEX-sink-A-v-2-2	A	2	2
PWN-sink-v-4	N	N	LEX-sink-A-v-3	A	3	0
PWN-sink-v-4	N	N	LEX-sink-A-v-3-1	A	3	1
PWN-sink-v-4	N	N	LEX-sink-A-v-3-2	A	3	2
PWN-sink-v-4	N	N	LEX-sink-A-v-4	A	4	0
PWN-sink-v-4	N	N	LEX-sink-A-v-4-1	A	4	1
PWN-sink-v-4	N	N	LEX-sink-A-v-4-2	A	4	2
PWN-sink-v-4	N	N	LEX-sink-A-v-4-3	A	4	3
PWN-sink-v-4	N	N	LEX-sink-A-v-4-4	A	4	4
PWN-sink-v-4	N	N	LEX-sink-A-v-4-5	A	4	5
PWN-sink-v-4	N	N	LEX-sink-A-v-5	A	5	0
PWN-sink-v-5	N	N	LEX-sink-A-v-1	A	1	0
PWN-sink-v-5	N	N	LEX-sink-A-v-1-1	A	1	1
PWN-sink-v-5	N	N	LEX-sink-A-v-1-2	A	1	2
PWN-sink-v-5	N	N	LEX-sink-A-v-1-3	A	1	3
PWN-sink-v-5	N	N	LEX-sink-A-v-1-4	A	1	4
PWN-sink-v-5	N	N	LEX-sink-A-v-1-5	A	1	5
PWN-sink-v-5	N	N	LEX-sink-A-v-2	A	2	0
PWN-sink-v-5	N	N	LEX-sink-A-v-2-1	A	2	1
PWN-sink-v-5	Y	Y	LEX-sink-A-v-2-2	A	2	2
PWN-sink-v-5	N	N	LEX-sink-A-v-3	A	3	0
PWN-sink-v-5	N	N	LEX-sink-A-v-3-1	A	3	1
PWN-sink-v-5	N	N	LEX-sink-A-v-3-2	A	3	2
PWN-sink-v-5	N	N	LEX-sink-A-v-4	A	4	0
PWN-sink-v-5	N	N	LEX-sink-A-v-4-1	A	4	1
PWN-sink-v-5	N	N	LEX-sink-A-v-4-2	A	4	2
PWN-sink-v-5	N	N	LEX-sink-A-v-4-3	A	4	3
PWN-sink-v-5	N	N	LEX-sink-A-v-4-4	A	4	4
PWN-sink-v-5	N	N	LEX-sink-A-v-4-5	A	4	5
PWN-sink-v-5	N	N	LEX-sink-A-v-5	A	5	0
PWN-sink-v-6	N	N	LEX-sink-A-v-1	A	1	0
PWN-sink-v-6	N	N	LEX-sink-A-v-1-1	A	1	1
PWN-sink-v-6	N	N	LEX-sink-A-v-1-2	A	1	2
PWN-sink-v-6	N	N	LEX-sink-A-v-1-3	A	1	3
PWN-sink-v-6	N	N	LEX-sink-A-v-1-4	A	1	4
PWN-sink-v-6	N	N	LEX-sink-A-v-1-5	A	1	5
PWN-sink-v-6	Y	Y	LEX-sink-A-v-2	A	2	0
PWN-sink-v-6	N	N	LEX-sink-A-v-2-1	A	2	1
PWN-sink-v-6	N	N	LEX-sink-A-v-2-2	A	2	2
PWN-sink-v-6	N	N	LEX-sink-A-v-3	A	3	0
PWN-sink-v-6	N	N	LEX-sink-A-v-3-1	A	3	1
PWN-sink-v-6	N	N	LEX-sink-A-v-3-2	A	3	2
PWN-sink-v-6	N	N	LEX-sink-A-v-4	A	4	0
PWN-sink-v-6	N	N	LEX-sink-A-v-4-1	A	4	1
PWN-sink-v-6	N	N	LEX-sink-A-v-4-2	A	4	2
PWN-sink-v-6	N	N	LEX-sink-A-v-4-3	A	4	3
PWN-sink-v-6	N	N	LEX-sink-A-v-4-4	A	4	4
PWN-sink-v-6	N	N	LEX-sink-A-v-4-5	A	4	5
PWN-sink-v-6	N	N	LEX-sink-A-v-5	A	5	0
PWN-sink-v-7	N	N	LEX-sink-A-v-1	A	1	0
PWN-sink-v-7	N	N	LEX-sink-A-v-1-1	A	1	1
PWN-sink-v-7	N	N	LEX-sink-A-v-1-2	A	1	2
PWN-sink-v-7	N	N	LEX-sink-A-v-1-3	A	1	3
PWN-sink-v-7	N	N	LEX-sink-A-v-1-4	A	1	4
PWN-sink-v-7	N	N	LEX-sink-A-v-1-5	A	1	5
PWN-sink-v-7	N	N	LEX-sink-A-v-2	A	2	0
PWN-sink-v-7	N	N	LEX-sink-A-v-2-1	A	2	1
PWN-sink-v-7	N	N	LEX-sink-A-v-2-2	A	2	2
PWN-sink-v-7	Y	Y	LEX-sink-A-v-3	A	3	0
PWN-sink-v-7	N	N	LEX-sink-A-v-3-1	A	3	1
PWN-sink-v-7	N	N	LEX-sink-A-v-3-2	A	3	2
PWN-sink-v-7	N	N	LEX-sink-A-v-4	A	4	0
PWN-sink-v-7	N	N	LEX-sink-A-v-4-1	A	4	1
PWN-sink-v-7	N	N	LEX-sink-A-v-4-2	A	4	2
PWN-sink-v-7	N	N	LEX-sink-A-v-4-3	A	4	3
PWN-sink-v-7	N	N	LEX-sink-A-v-4-4	A	4	4
PWN-sink-v-7	N	N	LEX-sink-A-v-4-5	A	4	5
PWN-sink-v-7	N	N	LEX-sink-A-v-5	A	5	0
PWN-sink-v-8	N	N	LEX-sink-A-v-1	A	1	0
PWN-sink-v-8	N	N	LEX-sink-A-v-1-1	A	1	1
PWN-sink-v-8	N	N	LEX-sink-A-v-1-2	A	1	2
PWN-sink-v-8	N	N	LEX-sink-A-v-1-3	A	1	3
PWN-sink-v-8	N	N	LEX-sink-A-v-1-4	A	1	4
PWN-sink-v-8	N	N	LEX-sink-A-v-1-5	A	1	5
PWN-sink-v-8	N	N	LEX-sink-A-v-2	A	2	0
PWN-sink-v-8	N	N	LEX-sink-A-v-2-1	A	2	1
PWN-sink-v-8	N	N	LEX-sink-A-v-2-2	A	2	2
PWN-sink-v-8	N	N	LEX-sink-A-v-3	A	3	0
PWN-sink-v-8	N	N	LEX-sink-A-v-3-1	A	3	1
PWN-sink-v-8	N	N	LEX-sink-A-v-3-2	A	3	2
PWN-sink-v-8	N	N	LEX-sink-A-v-4	A	4	0
PWN-sink-v-8	N	N	LEX-sink-A-v-4-1	A	4	1
PWN-sink-v-8	N	N	LEX-sink-A-v-4-2	A	4	2
PWN-sink-v-8	N	N	LEX-sink-A-v-4-3	A	4	3
PWN-sink-v-8	N	N	LEX-sink-A-v-4-4	A	4	4
PWN-sink-v-8	N	N	LEX-sink-A-v-4-5	A	4	5
PWN-sink-v-8	N	N	LEX-sink-A-v-5	A	5	0
PWN-sink-v-9	N	N	LEX-sink-A-v-1	A	1	0
PWN-sink-v-9	N	N	LEX-sink-A-v-1-1	A	1	1
PWN-sink-v-9	N	N	LEX-sink-A-v-1-2	A	1	2
PWN-sink-v-9	N	N	LEX-sink-A-v-1-3	A	1	3
PWN-sink-v-9	N	N	LEX-sink-A-v-1-4	A	1	4
PWN-sink-v-9	N	N	LEX-sink-A-v-1-5	A	1	5
PWN-sink-v-9	N	N	LEX-sink-A-v-2	A	2	0
PWN-sink-v-9	N	N	LEX-sink-A-v-2-1	A	2	1
PWN-sink-v-9	N	N	LEX-sink-A-v-2-2	A	2	2
PWN-sink-v-9	N	N	LEX-sink-A-v-3	A	3	0
PWN-sink-v-9	N	N	LEX-sink-A-v-3-1	A	3	1
PWN-sink-v-9	N	N	LEX-sink-A-v-3-2	A	3	2
PWN-sink-v-9	Y	Y	LEX-sink-A-v-4	A	4	0
PWN-sink-v-9	N	N	LEX-sink-A-v-4-1	A	4	1
PWN-sink-v-9	Y	Y	LEX-sink-A-v-4-2	A	4	2
PWN-sink-v-9	N	N	LEX-sink-A-v-4-3	A	4	3
PWN-sink-v-9	N	N	LEX-sink-A-v-4-4	A	4	4
PWN-sink-v-9	N	N	LEX-sink-A-v-4-5	A	4	5
PWN-sink-v-9	N	N	LEX-sink-A-v-5	A	5	0
PWN-stalk-v-1	N	N	LEX-stalk-B-v-1	B	1	0
PWN-stalk-v-1	N	N	LEX-stalk-B-v-1-1	B	1	1
PWN-stalk-v-1	N	N	LEX-stalk-B-v-1-2	B	1	2
PWN-stalk-v-1	Y	Y	LEX-stalk-B-v-2	B	2	0
PWN-stalk-v-2	Y	Y	LEX-stalk-B-v-1	B	1	0
PWN-stalk-v-2	Y	Y	LEX-stalk-B-v-1-1	B	1	1
PWN-stalk-v-2	N	N	LEX-stalk-B-v-1-2	B	1	2
PWN-stalk-v-2	N	N	LEX-stalk-B-v-2	B	2	0
PWN-stalk-v-3	Y	Y	LEX-stalk-B-v-1	B	1	0
PWN-stalk-v-3	N	N	LEX-stalk-B-v-1-1	B	1	1
PWN-stalk-v-3	Y	Y	LEX-stalk-B-v-1-2	B	1	2
PWN-stalk-v-3	N	N	LEX-stalk-B-v-2	B	2	0
PWN-trip-v-1	Y	Y	LEX-trip-A-v-1	A	1	0
PWN-trip-v-1	N	N	LEX-trip-A-v-1-1	A	1	1
PWN-trip-v-1	N	N	LEX-trip-A-v-1-2	A	1	2
PWN-trip-v-1	N	N	LEX-trip-A-v-1-3	A	1	3
PWN-trip-v-1	N	N	LEX-trip-A-v-2	A	2	0
PWN-trip-v-1	N	N	LEX-trip-A-v-2-1	A	2	1
PWN-trip-v-1	N	N	LEX-trip-A-v-3	A	3	0
PWN-trip-v-1	N	N	LEX-trip-A-v-3-1	A	3	1
PWN-trip-v-1	N	N	LEX-trip-A-v-4	A	4	0
PWN-trip-v-1	N	N	LEX-trip-A-v-4-1	A	4	1
PWN-trip-v-1	N	N	LEX-trip-A-v-5	A	5	0
PWN-trip-v-1	N	N	LEX-trip-A-v-5-1	A	5	1
PWN-trip-v-1	N	N	LEX-trip-A-v-6	A	6	0
PWN-trip-v-2	N	N	LEX-trip-A-v-1	A	1	0
PWN-trip-v-2	Y	Y	LEX-trip-A-v-1-1	A	1	1
PWN-trip-v-2	N	N	LEX-trip-A-v-1-2	A	1	2
PWN-trip-v-2	Y	Y	LEX-trip-A-v-1-3	A	1	3
PWN-trip-v-2	N	N	LEX-trip-A-v-2	A	2	0
PWN-trip-v-2	N	N	LEX-trip-A-v-2-1	A	2	1
PWN-trip-v-2	N	N	LEX-trip-A-v-3	A	3	0
PWN-trip-v-2	N	N	LEX-trip-A-v-3-1	A	3	1
PWN-trip-v-2	N	N	LEX-trip-A-v-4	A	4	0
PWN-trip-v-2	N	N	LEX-trip-A-v-4-1	A	4	1
PWN-trip-v-2	N	N	LEX-trip-A-v-5	A	5	0
PWN-trip-v-2	N	N	LEX-trip-A-v-5-1	A	5	1
PWN-trip-v-2	N	N	LEX-trip-A-v-6	A	6	0
PWN-trip-v-3	N	N	LEX-trip-A-v-1	A	1	0
PWN-trip-v-3	N	N	LEX-trip-A-v-1-1	A	1	1
PWN-trip-v-3	N	N	LEX-trip-A-v-1-2	A	1	2
PWN-trip-v-3	N	N	LEX-trip-A-v-1-3	A	1	3
PWN-trip-v-3	N	N	LEX-trip-A-v-2	A	2	0
PWN-trip-v-3	N	N	LEX-trip-A-v-2-1	A	2	1
PWN-trip-v-3	N	N	LEX-trip-A-v-3	A	3	0
PWN-trip-v-3	N	N	LEX-trip-A-v-3-1	A	3	1
PWN-trip-v-3	N	N	LEX-trip-A-v-4	A	4	0
PWN-trip-v-3	N	N	LEX-trip-A-v-4-1	A	4	1
PWN-trip-v-3	N	N	LEX-trip-A-v-5	A	5	0
PWN-trip-v-3	N	N	LEX-trip-A-v-5-1	A	5	1
PWN-trip-v-3	Y	Y	LEX-trip-A-v-6	A	6	0
PWN-trip-v-4	N	N	LEX-trip-A-v-1	A	1	0
PWN-trip-v-4	N	N	LEX-trip-A-v-1-1	A	1	1
PWN-trip-v-4	N	N	LEX-trip-A-v-1-2	A	1	2
PWN-trip-v-4	N	N	LEX-trip-A-v-1-3	A	1	3
PWN-trip-v-4	N	N	LEX-trip-A-v-2	A	2	0
PWN-trip-v-4	N	N	LEX-trip-A-v-2-1	A	2	1
PWN-trip-v-4	Y	Y	LEX-trip-A-v-3	A	3	0
PWN-trip-v-4	N	N	LEX-trip-A-v-3-1	A	3	1
PWN-trip-v-4	N	N	LEX-trip-A-v-4	A	4	0
PWN-trip-v-4	N	N	LEX-trip-A-v-4-1	A	4	1
PWN-trip-v-4	N	N	LEX-trip-A-v-5	A	5	0
PWN-trip-v-4	N	N	LEX-trip-A-v-5-1	A	5	1
PWN-trip-v-4	N	N	LEX-trip-A-v-6	A	6	0
PWN-trip-v-5	N	N	LEX-trip-A-v-1	A	1	0
PWN-trip-v-5	N	N	LEX-trip-A-v-1-1	A	1	1
PWN-trip-v-5	N	N	LEX-trip-A-v-1-2	A	1	2
PWN-trip-v-5	N	N	LEX-trip-A-v-1-3	A	1	3
PWN-trip-v-5	N	N	LEX-trip-A-v-2	A	2	0
PWN-trip-v-5	N	N	LEX-trip-A-v-2-1	A	2	1
PWN-trip-v-5	N	N	LEX-trip-A-v-3	A	3	0
PWN-trip-v-5	N	N	LEX-trip-A-v-3-1	A	3	1
PWN-trip-v-5	N	N	LEX-trip-A-v-4	A	4	0
PWN-trip-v-5	N	N	LEX-trip-A-v-4-1	A	4	1
PWN-trip-v-5	Y	Y	LEX-trip-A-v-5	A	5	0
PWN-trip-v-5	N	N	LEX-trip-A-v-5-1	A	5	1
PWN-trip-v-5	N	N	LEX-trip-A-v-6	A	6	0
PWN-well-v-1	Y	Y	LEX-well-B-v-1	B	1	0
PWN-well-v-1	N	N	LEX-well-B-v-1-1	B	1	1
