PWNsynset	choiceE	choiceM	MWsense	EG	sup	subno
PWN-angle-n-1	N	N	MW-angle-A-n-1	A	1	0
PWN-angle-n-1	Y	Y	MW-angle-A-n-2-a	A	2	a
PWN-angle-n-1	Y	Y	MW-angle-A-n-2-b	A	2	b
PWN-angle-n-1	N	N	MW-angle-A-n-3-a	A	3	a
PWN-angle-n-1	N	N	MW-angle-A-n-3-b	A	3	b
PWN-angle-n-1	N	N	MW-angle-A-n-3-c-1	A	3	c-1
PWN-angle-n-1	N	N	MW-angle-A-n-3-c-2	A	3	c-2
PWN-angle-n-1	N	N	MW-angle-A-n-4	A	4	0
PWN-angle-n-1	N	N	MW-angle-C-n-1	C	1	0
PWN-angle-n-2	N	N	MW-angle-A-n-1	A	1	0
PWN-angle-n-2	N	N	MW-angle-A-n-2-a	A	2	a
PWN-angle-n-2	N	N	MW-angle-A-n-2-b	A	2	b
PWN-angle-n-2	N	N	MW-angle-A-n-3-a	A	3	a
PWN-angle-n-2	Y	Y	MW-angle-A-n-3-b	A	3	b
PWN-angle-n-2	N	N	MW-angle-A-n-3-c-1	A	3	c-1
PWN-angle-n-2	N	N	MW-angle-A-n-3-c-2	A	3	c-2
PWN-angle-n-2	N	N	MW-angle-A-n-4	A	4	0
PWN-angle-n-2	N	N	MW-angle-C-n-1	C	1	0
PWN-angle-n-3	N	N	MW-angle-A-n-1	A	1	0
PWN-angle-n-3	N	N	MW-angle-A-n-2-a	A	2	a
PWN-angle-n-3	N	N	MW-angle-A-n-2-b	A	2	b
PWN-angle-n-3	N	N	MW-angle-A-n-3-a	A	3	a
PWN-angle-n-3	N	N	MW-angle-A-n-3-b	A	3	b
PWN-angle-n-3	N	N	MW-angle-A-n-3-c-1	A	3	c-1
PWN-angle-n-3	N	N	MW-angle-A-n-3-c-2	A	3	c-2
PWN-angle-n-3	N	N	MW-angle-A-n-4	A	4	0
PWN-angle-n-3	Y	Y	MW-angle-C-n-1	C	1	0
PWN-band-n-1	N	N	MW-band-A-n-1	A	1	0
PWN-band-n-1	N	N	MW-band-A-n-2	A	2	0
PWN-band-n-1	N	N	MW-band-A-n-3	A	3	0
PWN-band-n-1	N	N	MW-band-A-n-3-a	A	3	a
PWN-band-n-1	N	N	MW-band-A-n-3-b	A	3	b
PWN-band-n-1	N	N	MW-band-A-n-4	A	4	0
PWN-band-n-1	N	N	MW-band-A-n-4-a	A	4	a
PWN-band-n-1	N	N	MW-band-A-n-4-b	A	4	b
PWN-band-n-1	N	N	MW-band-A-n-4-c	A	4	c
PWN-band-n-1	N	N	MW-band-A-n-5-a	A	5	a
PWN-band-n-1	N	N	MW-band-A-n-5-b	A	5	b
PWN-band-n-1	N	N	MW-band-A-n-5-c	A	5	c
PWN-band-n-1	N	N	MW-band-A-n-6	A	6	0
PWN-band-n-1	N	N	MW-band-A-n-6-a	A	6	a
PWN-band-n-1	N	N	MW-band-A-n-6-b	A	6	b
PWN-band-n-1	N	N	MW-band-A-n-6-c	A	6	c
PWN-band-n-1	N	N	MW-band-A-n-7	A	7	0
PWN-band-n-1	Y	Y	MW-band-B-n-1	B	1	0
PWN-band-n-2	N	N	MW-band-A-n-1	A	1	0
PWN-band-n-2	N	N	MW-band-A-n-2	A	2	0
PWN-band-n-2	N	N	MW-band-A-n-3	A	3	0
PWN-band-n-2	N	N	MW-band-A-n-3-a	A	3	a
PWN-band-n-2	N	N	MW-band-A-n-3-b	A	3	b
PWN-band-n-2	N	N	MW-band-A-n-4	A	4	0
PWN-band-n-2	N	N	MW-band-A-n-4-a	A	4	a
PWN-band-n-2	N	N	MW-band-A-n-4-b	A	4	b
PWN-band-n-2	N	N	MW-band-A-n-4-c	A	4	c
PWN-band-n-2	N	N	MW-band-A-n-5-a	A	5	a
PWN-band-n-2	N	N	MW-band-A-n-5-b	A	5	b
PWN-band-n-2	N	N	MW-band-A-n-5-c	A	5	c
PWN-band-n-2	N	N	MW-band-A-n-6	A	6	0
PWN-band-n-2	N	N	MW-band-A-n-6-a	A	6	a
PWN-band-n-2	N	N	MW-band-A-n-6-b	A	6	b
PWN-band-n-2	N	N	MW-band-A-n-6-c	A	6	c
PWN-band-n-2	N	N	MW-band-A-n-7	A	7	0
PWN-band-n-2	Y	Y	MW-band-B-n-1	B	1	0
PWN-band-n-3	N	N	MW-band-A-n-1	A	1	0
PWN-band-n-3	N	N	MW-band-A-n-2	A	2	0
PWN-band-n-3	N	N	MW-band-A-n-3	A	3	0
PWN-band-n-3	N	N	MW-band-A-n-3-a	A	3	a
PWN-band-n-3	N	N	MW-band-A-n-3-b	A	3	b
PWN-band-n-3	N	N	MW-band-A-n-4	A	4	0
PWN-band-n-3	N	N	MW-band-A-n-4-a	A	4	a
PWN-band-n-3	N	N	MW-band-A-n-4-b	A	4	b
PWN-band-n-3	N	N	MW-band-A-n-4-c	A	4	c
PWN-band-n-3	Y	Y	MW-band-A-n-5-a	A	5	a
PWN-band-n-3	N	N	MW-band-A-n-5-b	A	5	b
PWN-band-n-3	N	N	MW-band-A-n-5-c	A	5	c
PWN-band-n-3	N	N	MW-band-A-n-6	A	6	0
PWN-band-n-3	N	N	MW-band-A-n-6-a	A	6	a
PWN-band-n-3	N	N	MW-band-A-n-6-b	A	6	b
PWN-band-n-3	N	N	MW-band-A-n-6-c	A	6	c
PWN-band-n-3	N	N	MW-band-A-n-7	A	7	0
PWN-band-n-3	N	N	MW-band-B-n-1	B	1	0
PWN-band-n-4	N	N	MW-band-A-n-1	A	1	0
PWN-band-n-4	N	N	MW-band-A-n-2	A	2	0
PWN-band-n-4	N	N	MW-band-A-n-3	A	3	0
PWN-band-n-4	N	N	MW-band-A-n-3-a	A	3	a
PWN-band-n-4	N	N	MW-band-A-n-3-b	A	3	b
PWN-band-n-4	N	N	MW-band-A-n-4	A	4	0
PWN-band-n-4	N	N	MW-band-A-n-4-a	A	4	a
PWN-band-n-4	N	N	MW-band-A-n-4-b	A	4	b
PWN-band-n-4	N	N	MW-band-A-n-4-c	A	4	c
PWN-band-n-4	N	N	MW-band-A-n-5-a	A	5	a
PWN-band-n-4	N	N	MW-band-A-n-5-b	A	5	b
PWN-band-n-4	N	N	MW-band-A-n-5-c	A	5	c
PWN-band-n-4	Y	Y	MW-band-A-n-6	A	6	0
PWN-band-n-4	N	N	MW-band-A-n-6-a	A	6	a
PWN-band-n-4	N	N	MW-band-A-n-6-b	A	6	b
PWN-band-n-4	N	N	MW-band-A-n-6-c	A	6	c
PWN-band-n-4	N	N	MW-band-A-n-7	A	7	0
PWN-band-n-4	N	N	MW-band-B-n-1	B	1	0
PWN-band-n-5	N	N	MW-band-A-n-1	A	1	0
PWN-band-n-5	N	N	MW-band-A-n-2	A	2	0
PWN-band-n-5	N	N	MW-band-A-n-3	A	3	0
PWN-band-n-5	N	N	MW-band-A-n-3-a	A	3	a
PWN-band-n-5	N	N	MW-band-A-n-3-b	A	3	b
PWN-band-n-5	N	N	MW-band-A-n-4	A	4	0
PWN-band-n-5	N	N	MW-band-A-n-4-a	A	4	a
PWN-band-n-5	N	N	MW-band-A-n-4-b	A	4	b
PWN-band-n-5	N	N	MW-band-A-n-4-c	A	4	c
PWN-band-n-5	N	N	MW-band-A-n-5-a	A	5	a
PWN-band-n-5	N	N	MW-band-A-n-5-b	A	5	b
PWN-band-n-5	N	N	MW-band-A-n-5-c	A	5	c
PWN-band-n-5	N	N	MW-band-A-n-6	A	6	0
PWN-band-n-5	N	N	MW-band-A-n-6-a	A	6	a
PWN-band-n-5	N	N	MW-band-A-n-6-b	A	6	b
PWN-band-n-5	N	N	MW-band-A-n-6-c	A	6	c
PWN-band-n-5	N	N	MW-band-A-n-7	A	7	0
PWN-band-n-5	Y	Y	MW-band-B-n-1	B	1	0
PWN-band-n-6	N	N	MW-band-A-n-1	A	1	0
PWN-band-n-6	N	N	MW-band-A-n-2	A	2	0
PWN-band-n-6	N	N	MW-band-A-n-3	A	3	0
PWN-band-n-6	N	N	MW-band-A-n-3-a	A	3	a
PWN-band-n-6	N	N	MW-band-A-n-3-b	A	3	b
PWN-band-n-6	N	N	MW-band-A-n-4	A	4	0
PWN-band-n-6	N	N	MW-band-A-n-4-a	A	4	a
PWN-band-n-6	N	N	MW-band-A-n-4-b	A	4	b
PWN-band-n-6	N	N	MW-band-A-n-4-c	A	4	c
PWN-band-n-6	N	N	MW-band-A-n-5-a	A	5	a
PWN-band-n-6	Y	Y	MW-band-A-n-5-b	A	5	b
PWN-band-n-6	Y	Y	MW-band-A-n-5-c	A	5	c
PWN-band-n-6	N	N	MW-band-A-n-6	A	6	0
PWN-band-n-6	N	N	MW-band-A-n-6-a	A	6	a
PWN-band-n-6	N	N	MW-band-A-n-6-b	A	6	b
PWN-band-n-6	N	N	MW-band-A-n-6-c	A	6	c
PWN-band-n-6	N	N	MW-band-A-n-7	A	7	0
PWN-band-n-6	N	N	MW-band-B-n-1	B	1	0
PWN-band-n-7	N	N	MW-band-A-n-1	A	1	0
PWN-band-n-7	N	N	MW-band-A-n-2	A	2	0
PWN-band-n-7	N	N	MW-band-A-n-3	A	3	0
PWN-band-n-7	N	N	MW-band-A-n-3-a	A	3	a
PWN-band-n-7	N	N	MW-band-A-n-3-b	A	3	b
PWN-band-n-7	N	N	MW-band-A-n-4	A	4	0
PWN-band-n-7	Y	Y	MW-band-A-n-4-a	A	4	a
PWN-band-n-7	N	N	MW-band-A-n-4-b	A	4	b
PWN-band-n-7	N	N	MW-band-A-n-4-c	A	4	c
PWN-band-n-7	N	N	MW-band-A-n-5-a	A	5	a
PWN-band-n-7	N	N	MW-band-A-n-5-b	A	5	b
PWN-band-n-7	N	N	MW-band-A-n-5-c	A	5	c
PWN-band-n-7	N	N	MW-band-A-n-6	A	6	0
PWN-band-n-7	Y	Y	MW-band-A-n-6-a	A	6	a
PWN-band-n-7	N	N	MW-band-A-n-6-b	A	6	b
PWN-band-n-7	N	N	MW-band-A-n-6-c	A	6	c
PWN-band-n-7	N	N	MW-band-A-n-7	A	7	0
PWN-band-n-7	N	N	MW-band-B-n-1	B	1	0
PWN-band-n-8	N	N	MW-band-A-n-1	A	1	0
PWN-band-n-8	N	N	MW-band-A-n-2	A	2	0
PWN-band-n-8	N	N	MW-band-A-n-3	A	3	0
PWN-band-n-8	N	N	MW-band-A-n-3-a	A	3	a
PWN-band-n-8	N	N	MW-band-A-n-3-b	A	3	b
PWN-band-n-8	N	N	MW-band-A-n-4	A	4	0
PWN-band-n-8	N	N	MW-band-A-n-4-a	A	4	a
PWN-band-n-8	N	N	MW-band-A-n-4-b	A	4	b
PWN-band-n-8	N	N	MW-band-A-n-4-c	A	4	c
PWN-band-n-8	Y	Y	MW-band-A-n-5-a	A	5	a
PWN-band-n-8	N	N	MW-band-A-n-5-b	A	5	b
PWN-band-n-8	N	N	MW-band-A-n-5-c	A	5	c
PWN-band-n-8	N	N	MW-band-A-n-6	A	6	0
PWN-band-n-8	N	N	MW-band-A-n-6-a	A	6	a
PWN-band-n-8	N	N	MW-band-A-n-6-b	A	6	b
PWN-band-n-8	N	N	MW-band-A-n-6-c	A	6	c
PWN-band-n-8	N	N	MW-band-A-n-7	A	7	0
PWN-band-n-8	N	N	MW-band-B-n-1	B	1	0
PWN-band-n-9	N	N	MW-band-A-n-1	A	1	0
PWN-band-n-9	N	N	MW-band-A-n-2	A	2	0
PWN-band-n-9	N	N	MW-band-A-n-3	A	3	0
PWN-band-n-9	N	N	MW-band-A-n-3-a	A	3	a
PWN-band-n-9	N	N	MW-band-A-n-3-b	A	3	b
PWN-band-n-9	N	N	MW-band-A-n-4	A	4	0
PWN-band-n-9	N	N	MW-band-A-n-4-a	A	4	a
PWN-band-n-9	N	N	MW-band-A-n-4-b	A	4	b
PWN-band-n-9	N	N	MW-band-A-n-4-c	A	4	c
PWN-band-n-9	N	N	MW-band-A-n-5-a	A	5	a
PWN-band-n-9	N	N	MW-band-A-n-5-b	A	5	b
PWN-band-n-9	N	N	MW-band-A-n-5-c	A	5	c
PWN-band-n-9	N	N	MW-band-A-n-6	A	6	0
PWN-band-n-9	N	N	MW-band-A-n-6-a	A	6	a
PWN-band-n-9	N	N	MW-band-A-n-6-b	A	6	b
PWN-band-n-9	Y	Y	MW-band-A-n-6-c	A	6	c
PWN-band-n-9	N	N	MW-band-A-n-7	A	7	0
PWN-band-n-9	N	N	MW-band-B-n-1	B	1	0
PWN-band-n-10	N	N	MW-band-A-n-1	A	1	0
PWN-band-n-10	N	N	MW-band-A-n-2	A	2	0
PWN-band-n-10	N	N	MW-band-A-n-3	A	3	0
PWN-band-n-10	Y	Y	MW-band-A-n-3-a	A	3	a
PWN-band-n-10	N	N	MW-band-A-n-3-b	A	3	b
PWN-band-n-10	N	N	MW-band-A-n-4	A	4	0
PWN-band-n-10	N	N	MW-band-A-n-4-a	A	4	a
PWN-band-n-10	N	N	MW-band-A-n-4-b	A	4	b
PWN-band-n-10	N	N	MW-band-A-n-4-c	A	4	c
PWN-band-n-10	N	N	MW-band-A-n-5-a	A	5	a
PWN-band-n-10	N	N	MW-band-A-n-5-b	A	5	b
PWN-band-n-10	N	N	MW-band-A-n-5-c	A	5	c
PWN-band-n-10	N	N	MW-band-A-n-6	A	6	0
PWN-band-n-10	N	N	MW-band-A-n-6-a	A	6	a
PWN-band-n-10	N	N	MW-band-A-n-6-b	A	6	b
PWN-band-n-10	N	N	MW-band-A-n-6-c	A	6	c
PWN-band-n-10	N	N	MW-band-A-n-7	A	7	0
PWN-band-n-10	N	N	MW-band-B-n-1	B	1	0
PWN-band-n-11	N	N	MW-band-A-n-1	A	1	0
PWN-band-n-11	N	N	MW-band-A-n-2	A	2	0
PWN-band-n-11	Y	Y	MW-band-A-n-3	A	3	0
PWN-band-n-11	N	N	MW-band-A-n-3-a	A	3	a
PWN-band-n-11	N	N	MW-band-A-n-3-b	A	3	b
PWN-band-n-11	Y	Y	MW-band-A-n-4	A	4	0
PWN-band-n-11	N	N	MW-band-A-n-4-a	A	4	a
PWN-band-n-11	N	N	MW-band-A-n-4-b	A	4	b
PWN-band-n-11	N	N	MW-band-A-n-4-c	A	4	c
PWN-band-n-11	N	N	MW-band-A-n-5-a	A	5	a
PWN-band-n-11	N	N	MW-band-A-n-5-b	A	5	b
PWN-band-n-11	N	N	MW-band-A-n-5-c	A	5	c
PWN-band-n-11	Y	Y	MW-band-A-n-6	A	6	0
PWN-band-n-11	N	N	MW-band-A-n-6-a	A	6	a
PWN-band-n-11	N	N	MW-band-A-n-6-b	A	6	b
PWN-band-n-11	N	N	MW-band-A-n-6-c	A	6	c
PWN-band-n-11	N	N	MW-band-A-n-7	A	7	0
PWN-band-n-11	N	N	MW-band-B-n-1	B	1	0
PWN-band-n-12	N	N	MW-band-A-n-1	A	1	0
PWN-band-n-12	N	N	MW-band-A-n-2	A	2	0
PWN-band-n-12	N	N	MW-band-A-n-3	A	3	0
PWN-band-n-12	N	N	MW-band-A-n-3-a	A	3	a
PWN-band-n-12	N	N	MW-band-A-n-3-b	A	3	b
PWN-band-n-12	N	N	MW-band-A-n-4	A	4	0
PWN-band-n-12	N	N	MW-band-A-n-4-a	A	4	a
PWN-band-n-12	N	N	MW-band-A-n-4-b	A	4	b
PWN-band-n-12	N	N	MW-band-A-n-4-c	A	4	c
PWN-band-n-12	N	N	MW-band-A-n-5-a	A	5	a
PWN-band-n-12	N	N	MW-band-A-n-5-b	A	5	b
PWN-band-n-12	N	N	MW-band-A-n-5-c	A	5	c
PWN-band-n-12	N	N	MW-band-A-n-6	A	6	0
PWN-band-n-12	N	N	MW-band-A-n-6-a	A	6	a
PWN-band-n-12	N	N	MW-band-A-n-6-b	A	6	b
PWN-band-n-12	N	N	MW-band-A-n-6-c	A	6	c
PWN-band-n-12	N	N	MW-band-A-n-7	A	7	0
PWN-band-n-12	N	N	MW-band-B-n-1	B	1	0
PWN-band-n-13	N	N	MW-band-A-n-1	A	1	0
PWN-band-n-13	N	N	MW-band-A-n-2	A	2	0
PWN-band-n-13	Y	Y	MW-band-A-n-3	A	3	0
PWN-band-n-13	N	N	MW-band-A-n-3-a	A	3	a
PWN-band-n-13	N	N	MW-band-A-n-3-b	A	3	b
PWN-band-n-13	N	N	MW-band-A-n-4	A	4	0
PWN-band-n-13	N	N	MW-band-A-n-4-a	A	4	a
PWN-band-n-13	N	N	MW-band-A-n-4-b	A	4	b
PWN-band-n-13	N	N	MW-band-A-n-4-c	A	4	c
PWN-band-n-13	N	N	MW-band-A-n-5-a	A	5	a
PWN-band-n-13	N	N	MW-band-A-n-5-b	A	5	b
PWN-band-n-13	N	N	MW-band-A-n-5-c	A	5	c
PWN-band-n-13	N	N	MW-band-A-n-6	A	6	0
PWN-band-n-13	N	N	MW-band-A-n-6-a	A	6	a
PWN-band-n-13	N	N	MW-band-A-n-6-b	A	6	b
PWN-band-n-13	N	N	MW-band-A-n-6-c	A	6	c
PWN-band-n-13	N	N	MW-band-A-n-7	A	7	0
PWN-band-n-13	N	N	MW-band-B-n-1	B	1	0
PWN-bank-n-1	N	N	MW-bank-A-n-1	A	1	0
PWN-bank-n-1	N	N	MW-bank-A-n-1-a	A	1	a
PWN-bank-n-1	N	N	MW-bank-A-n-1-b	A	1	b
PWN-bank-n-1	Y	Y	MW-bank-A-n-2	A	2	0
PWN-bank-n-1	Y	Y	MW-bank-A-n-3-a	A	3	a
PWN-bank-n-1	N	N	MW-bank-A-n-3-b	A	3	b
PWN-bank-n-1	N	N	MW-bank-A-n-4	A	4	0
PWN-bank-n-1	N	N	MW-bank-B-n-1-a	B	1	a
PWN-bank-n-1	N	N	MW-bank-B-n-1-b	B	1	b
PWN-bank-n-1	N	N	MW-bank-B-n-2	B	2	0
PWN-bank-n-1	N	N	MW-bank-B-n-3	B	3	0
PWN-bank-n-1	N	N	MW-bank-B-n-3-a	B	3	a
PWN-bank-n-1	N	N	MW-bank-B-n-3-b	B	3	b
PWN-bank-n-1	N	N	MW-bank-B-n-4	B	4	0
PWN-bank-n-1	N	N	MW-bank-C-n-1	C	1	0
PWN-bank-n-1	N	N	MW-bank-C-n-1-a	C	1	a
PWN-bank-n-1	N	N	MW-bank-C-n-1-b	C	1	b
PWN-bank-n-1	N	N	MW-bank-C-n-2	C	2	0
PWN-bank-n-2	N	N	MW-bank-A-n-1	A	1	0
PWN-bank-n-2	N	N	MW-bank-A-n-1-a	A	1	a
PWN-bank-n-2	N	N	MW-bank-A-n-1-b	A	1	b
PWN-bank-n-2	N	N	MW-bank-A-n-2	A	2	0
PWN-bank-n-2	N	N	MW-bank-A-n-3-a	A	3	a
PWN-bank-n-2	N	N	MW-bank-A-n-3-b	A	3	b
PWN-bank-n-2	N	N	MW-bank-A-n-4	A	4	0
PWN-bank-n-2	Y	Y	MW-bank-B-n-1-a	B	1	a
PWN-bank-n-2	N	N	MW-bank-B-n-1-b	B	1	b
PWN-bank-n-2	N	N	MW-bank-B-n-2	B	2	0
PWN-bank-n-2	N	N	MW-bank-B-n-3	B	3	0
PWN-bank-n-2	N	N	MW-bank-B-n-3-a	B	3	a
PWN-bank-n-2	N	N	MW-bank-B-n-3-b	B	3	b
PWN-bank-n-2	N	N	MW-bank-B-n-4	B	4	0
PWN-bank-n-2	N	N	MW-bank-C-n-1	C	1	0
PWN-bank-n-2	N	N	MW-bank-C-n-1-a	C	1	a
PWN-bank-n-2	N	N	MW-bank-C-n-1-b	C	1	b
PWN-bank-n-2	N	N	MW-bank-C-n-2	C	2	0
PWN-bank-n-3	Y	Y	MW-bank-A-n-1	A	1	0
PWN-bank-n-3	N	N	MW-bank-A-n-1-a	A	1	a
PWN-bank-n-3	N	N	MW-bank-A-n-1-b	A	1	b
PWN-bank-n-3	N	N	MW-bank-A-n-2	A	2	0
PWN-bank-n-3	N	N	MW-bank-A-n-3-a	A	3	a
PWN-bank-n-3	N	N	MW-bank-A-n-3-b	A	3	b
PWN-bank-n-3	N	N	MW-bank-A-n-4	A	4	0
PWN-bank-n-3	N	N	MW-bank-B-n-1-a	B	1	a
PWN-bank-n-3	N	N	MW-bank-B-n-1-b	B	1	b
PWN-bank-n-3	N	N	MW-bank-B-n-2	B	2	0
PWN-bank-n-3	N	N	MW-bank-B-n-3	B	3	0
PWN-bank-n-3	N	N	MW-bank-B-n-3-a	B	3	a
PWN-bank-n-3	N	N	MW-bank-B-n-3-b	B	3	b
PWN-bank-n-3	N	N	MW-bank-B-n-4	B	4	0
PWN-bank-n-3	N	N	MW-bank-C-n-1	C	1	0
PWN-bank-n-3	N	N	MW-bank-C-n-1-a	C	1	a
PWN-bank-n-3	N	N	MW-bank-C-n-1-b	C	1	b
PWN-bank-n-3	N	N	MW-bank-C-n-2	C	2	0
PWN-bank-n-4	N	N	MW-bank-A-n-1	A	1	0
PWN-bank-n-4	N	N	MW-bank-A-n-1-a	A	1	a
PWN-bank-n-4	N	N	MW-bank-A-n-1-b	A	1	b
PWN-bank-n-4	N	N	MW-bank-A-n-2	A	2	0
PWN-bank-n-4	N	N	MW-bank-A-n-3-a	A	3	a
PWN-bank-n-4	N	N	MW-bank-A-n-3-b	A	3	b
PWN-bank-n-4	N	N	MW-bank-A-n-4	A	4	0
PWN-bank-n-4	N	N	MW-bank-B-n-1-a	B	1	a
PWN-bank-n-4	N	N	MW-bank-B-n-1-b	B	1	b
PWN-bank-n-4	N	N	MW-bank-B-n-2	B	2	0
PWN-bank-n-4	N	N	MW-bank-B-n-3	B	3	0
PWN-bank-n-4	N	N	MW-bank-B-n-3-a	B	3	a
PWN-bank-n-4	N	N	MW-bank-B-n-3-b	B	3	b
PWN-bank-n-4	N	N	MW-bank-B-n-4	B	4	0
PWN-bank-n-4	Y	Y	MW-bank-C-n-1	C	1	0
PWN-bank-n-4	N	N	MW-bank-C-n-1-a	C	1	a
PWN-bank-n-4	Y	Y	MW-bank-C-n-1-b	C	1	b
PWN-bank-n-4	N	N	MW-bank-C-n-2	C	2	0
PWN-bank-n-5	N	N	MW-bank-A-n-1	A	1	0
PWN-bank-n-5	N	N	MW-bank-A-n-1-a	A	1	a
PWN-bank-n-5	N	N	MW-bank-A-n-1-b	A	1	b
PWN-bank-n-5	N	N	MW-bank-A-n-2	A	2	0
PWN-bank-n-5	N	N	MW-bank-A-n-3-a	A	3	a
PWN-bank-n-5	N	N	MW-bank-A-n-3-b	A	3	b
PWN-bank-n-5	N	N	MW-bank-A-n-4	A	4	0
PWN-bank-n-5	N	N	MW-bank-B-n-1-a	B	1	a
PWN-bank-n-5	N	N	MW-bank-B-n-1-b	B	1	b
PWN-bank-n-5	N	N	MW-bank-B-n-2	B	2	0
PWN-bank-n-5	Y	Y	MW-bank-B-n-3	B	3	0
PWN-bank-n-5	N	N	MW-bank-B-n-3-a	B	3	a
PWN-bank-n-5	N	N	MW-bank-B-n-3-b	B	3	b
PWN-bank-n-5	N	N	MW-bank-B-n-4	B	4	0
PWN-bank-n-5	N	N	MW-bank-C-n-1	C	1	0
PWN-bank-n-5	N	N	MW-bank-C-n-1-a	C	1	a
PWN-bank-n-5	N	N	MW-bank-C-n-1-b	C	1	b
PWN-bank-n-5	N	N	MW-bank-C-n-2	C	2	0
PWN-bank-n-6	N	N	MW-bank-A-n-1	A	1	0
PWN-bank-n-6	N	N	MW-bank-A-n-1-a	A	1	a
PWN-bank-n-6	N	N	MW-bank-A-n-1-b	A	1	b
PWN-bank-n-6	N	N	MW-bank-A-n-2	A	2	0
PWN-bank-n-6	N	N	MW-bank-A-n-3-a	A	3	a
PWN-bank-n-6	N	N	MW-bank-A-n-3-b	A	3	b
PWN-bank-n-6	N	N	MW-bank-A-n-4	A	4	0
PWN-bank-n-6	N	N	MW-bank-B-n-1-a	B	1	a
PWN-bank-n-6	N	N	MW-bank-B-n-1-b	B	1	b
PWN-bank-n-6	N	N	MW-bank-B-n-2	B	2	0
PWN-bank-n-6	N	N	MW-bank-B-n-3	B	3	0
PWN-bank-n-6	Y	Y	MW-bank-B-n-3-a	B	3	a
PWN-bank-n-6	N	N	MW-bank-B-n-3-b	B	3	b
PWN-bank-n-6	N	N	MW-bank-B-n-4	B	4	0
PWN-bank-n-6	N	N	MW-bank-C-n-1	C	1	0
PWN-bank-n-6	N	N	MW-bank-C-n-1-a	C	1	a
PWN-bank-n-6	N	N	MW-bank-C-n-1-b	C	1	b
PWN-bank-n-6	N	N	MW-bank-C-n-2	C	2	0
PWN-bank-n-7	N	N	MW-bank-A-n-1	A	1	0
PWN-bank-n-7	N	N	MW-bank-A-n-1-a	A	1	a
PWN-bank-n-7	N	N	MW-bank-A-n-1-b	A	1	b
PWN-bank-n-7	N	N	MW-bank-A-n-2	A	2	0
PWN-bank-n-7	N	N	MW-bank-A-n-3-a	A	3	a
PWN-bank-n-7	Y	Y	MW-bank-A-n-3-b	A	3	b
PWN-bank-n-7	N	N	MW-bank-A-n-4	A	4	0
PWN-bank-n-7	N	N	MW-bank-B-n-1-a	B	1	a
PWN-bank-n-7	N	N	MW-bank-B-n-1-b	B	1	b
PWN-bank-n-7	N	N	MW-bank-B-n-2	B	2	0
PWN-bank-n-7	N	N	MW-bank-B-n-3	B	3	0
PWN-bank-n-7	N	N	MW-bank-B-n-3-a	B	3	a
PWN-bank-n-7	N	N	MW-bank-B-n-3-b	B	3	b
PWN-bank-n-7	N	N	MW-bank-B-n-4	B	4	0
PWN-bank-n-7	N	N	MW-bank-C-n-1	C	1	0
PWN-bank-n-7	N	N	MW-bank-C-n-1-a	C	1	a
PWN-bank-n-7	N	N	MW-bank-C-n-1-b	C	1	b
PWN-bank-n-7	N	N	MW-bank-C-n-2	C	2	0
PWN-bank-n-8	N	N	MW-bank-A-n-1	A	1	0
PWN-bank-n-8	N	N	MW-bank-A-n-1-a	A	1	a
PWN-bank-n-8	N	N	MW-bank-A-n-1-b	A	1	b
PWN-bank-n-8	N	N	MW-bank-A-n-2	A	2	0
PWN-bank-n-8	N	N	MW-bank-A-n-3-a	A	3	a
PWN-bank-n-8	N	N	MW-bank-A-n-3-b	A	3	b
PWN-bank-n-8	N	N	MW-bank-A-n-4	A	4	0
PWN-bank-n-8	N	N	MW-bank-B-n-1-a	B	1	a
PWN-bank-n-8	N	N	MW-bank-B-n-1-b	B	1	b
PWN-bank-n-8	N	N	MW-bank-B-n-2	B	2	0
PWN-bank-n-8	N	N	MW-bank-B-n-3	B	3	0
PWN-bank-n-8	N	N	MW-bank-B-n-3-a	B	3	a
PWN-bank-n-8	N	N	MW-bank-B-n-3-b	B	3	b
PWN-bank-n-8	N	N	MW-bank-B-n-4	B	4	0
PWN-bank-n-8	N	N	MW-bank-C-n-1	C	1	0
PWN-bank-n-8	N	N	MW-bank-C-n-1-a	C	1	a
PWN-bank-n-8	N	N	MW-bank-C-n-1-b	C	1	b
PWN-bank-n-8	N	N	MW-bank-C-n-2	C	2	0
PWN-bank-n-9	N	N	MW-bank-A-n-1	A	1	0
PWN-bank-n-9	N	N	MW-bank-A-n-1-a	A	1	a
PWN-bank-n-9	N	N	MW-bank-A-n-1-b	A	1	b
PWN-bank-n-9	N	N	MW-bank-A-n-2	A	2	0
PWN-bank-n-9	N	N	MW-bank-A-n-3-a	A	3	a
PWN-bank-n-9	N	N	MW-bank-A-n-3-b	A	3	b
PWN-bank-n-9	N	N	MW-bank-A-n-4	A	4	0
PWN-bank-n-9	Y	Y	MW-bank-B-n-1-a	B	1	a
PWN-bank-n-9	N	N	MW-bank-B-n-1-b	B	1	b
PWN-bank-n-9	N	N	MW-bank-B-n-2	B	2	0
PWN-bank-n-9	N	N	MW-bank-B-n-3	B	3	0
PWN-bank-n-9	N	N	MW-bank-B-n-3-a	B	3	a
PWN-bank-n-9	N	N	MW-bank-B-n-3-b	B	3	b
PWN-bank-n-9	N	N	MW-bank-B-n-4	B	4	0
PWN-bank-n-9	N	N	MW-bank-C-n-1	C	1	0
PWN-bank-n-9	N	N	MW-bank-C-n-1-a	C	1	a
PWN-bank-n-9	N	N	MW-bank-C-n-1-b	C	1	b
PWN-bank-n-9	N	N	MW-bank-C-n-2	C	2	0
PWN-bank-n-10	N	N	MW-bank-A-n-1	A	1	0
PWN-bank-n-10	N	N	MW-bank-A-n-1-a	A	1	a
PWN-bank-n-10	N	N	MW-bank-A-n-1-b	A	1	b
PWN-bank-n-10	N	N	MW-bank-A-n-2	A	2	0
PWN-bank-n-10	N	N	MW-bank-A-n-3-a	A	3	a
PWN-bank-n-10	Y	Y	MW-bank-A-n-3-b	A	3	b
PWN-bank-n-10	N	N	MW-bank-A-n-4	A	4	0
PWN-bank-n-10	N	N	MW-bank-B-n-1-a	B	1	a
PWN-bank-n-10	N	N	MW-bank-B-n-1-b	B	1	b
PWN-bank-n-10	N	N	MW-bank-B-n-2	B	2	0
PWN-bank-n-10	N	N	MW-bank-B-n-3	B	3	0
PWN-bank-n-10	N	N	MW-bank-B-n-3-a	B	3	a
PWN-bank-n-10	N	N	MW-bank-B-n-3-b	B	3	b
PWN-bank-n-10	N	N	MW-bank-B-n-4	B	4	0
PWN-bank-n-10	N	N	MW-bank-C-n-1	C	1	0
PWN-bank-n-10	N	N	MW-bank-C-n-1-a	C	1	a
PWN-bank-n-10	N	N	MW-bank-C-n-1-b	C	1	b
PWN-bank-n-10	N	N	MW-bank-C-n-2	C	2	0
PWN-bark-n-1	N	N	MW-bark-A-n-1-a	A	1	a
PWN-bark-n-1	N	N	MW-bark-A-n-1-b	A	1	b
PWN-bark-n-1	N	N	MW-bark-A-n-2	A	2	0
PWN-bark-n-1	Y	Y	MW-bark-B-n-1	B	1	0
PWN-bark-n-1	N	N	MW-bark-B-n-2	B	2	0
PWN-bark-n-1	N	N	MW-bark-B-n-3	B	3	0
PWN-bark-n-1	N	N	MW-bark-C-n-1-a	C	1	a
PWN-bark-n-1	N	N	MW-bark-C-n-1-b	C	1	b
PWN-bark-n-1	N	N	MW-bark-C-n-2	C	2	0
PWN-bark-n-2	N	N	MW-bark-A-n-1-a	A	1	a
PWN-bark-n-2	Y	Y	MW-bark-A-n-1-b	A	1	b
PWN-bark-n-2	N	N	MW-bark-A-n-2	A	2	0
PWN-bark-n-2	N	N	MW-bark-B-n-1	B	1	0
PWN-bark-n-2	N	N	MW-bark-B-n-2	B	2	0
PWN-bark-n-2	N	N	MW-bark-B-n-3	B	3	0
PWN-bark-n-2	N	N	MW-bark-C-n-1-a	C	1	a
PWN-bark-n-2	N	N	MW-bark-C-n-1-b	C	1	b
PWN-bark-n-2	N	N	MW-bark-C-n-2	C	2	0
PWN-bark-n-3	N	N	MW-bark-A-n-1-a	A	1	a
PWN-bark-n-3	N	N	MW-bark-A-n-1-b	A	1	b
PWN-bark-n-3	N	N	MW-bark-A-n-2	A	2	0
PWN-bark-n-3	N	N	MW-bark-B-n-1	B	1	0
PWN-bark-n-3	N	N	MW-bark-B-n-2	B	2	0
PWN-bark-n-3	N	N	MW-bark-B-n-3	B	3	0
PWN-bark-n-3	N	N	MW-bark-C-n-1-a	C	1	a
PWN-bark-n-3	Y	Y	MW-bark-C-n-1-b	C	1	b
PWN-bark-n-3	N	N	MW-bark-C-n-2	C	2	0
PWN-bark-n-4	Y	Y	MW-bark-A-n-1-a	A	1	a
PWN-bark-n-4	N	N	MW-bark-A-n-1-b	A	1	b
PWN-bark-n-4	N	N	MW-bark-A-n-2	A	2	0
PWN-bark-n-4	N	N	MW-bark-B-n-1	B	1	0
PWN-bark-n-4	N	N	MW-bark-B-n-2	B	2	0
PWN-bark-n-4	N	N	MW-bark-B-n-3	B	3	0
PWN-bark-n-4	N	N	MW-bark-C-n-1-a	C	1	a
PWN-bark-n-4	N	N	MW-bark-C-n-1-b	C	1	b
PWN-bark-n-4	N	N	MW-bark-C-n-2	C	2	0
PWN-bat-n-1	N	N	MW-bat-A-n-1	A	1	0
PWN-bat-n-1	N	N	MW-bat-A-n-2	A	2	0
PWN-bat-n-1	N	N	MW-bat-A-n-3-a	A	3	a
PWN-bat-n-1	N	N	MW-bat-A-n-3-b	A	3	b
PWN-bat-n-1	N	N	MW-bat-A-n-3-c	A	3	c
PWN-bat-n-1	N	N	MW-bat-A-n-4-a	A	4	a
PWN-bat-n-1	N	N	MW-bat-A-n-4-b	A	4	b
PWN-bat-n-1	N	N	MW-bat-A-n-4-c	A	4	c
PWN-bat-n-1	N	N	MW-bat-A-n-5	A	5	0
PWN-bat-n-1	N	N	MW-bat-A-n-6	A	6	0
PWN-bat-n-1	N	N	MW-bat-A-n-7	A	7	0
PWN-bat-n-1	Y	Y	MW-bat-B-n-1	B	1	0
PWN-bat-n-2	N	N	MW-bat-A-n-1	A	1	0
PWN-bat-n-2	N	N	MW-bat-A-n-2	A	2	0
PWN-bat-n-2	N	N	MW-bat-A-n-3-a	A	3	a
PWN-bat-n-2	N	N	MW-bat-A-n-3-b	A	3	b
PWN-bat-n-2	N	N	MW-bat-A-n-3-c	A	3	c
PWN-bat-n-2	N	N	MW-bat-A-n-4-a	A	4	a
PWN-bat-n-2	Y	Y	MW-bat-A-n-4-b	A	4	b
PWN-bat-n-2	N	N	MW-bat-A-n-4-c	A	4	c
PWN-bat-n-2	N	N	MW-bat-A-n-5	A	5	0
PWN-bat-n-2	N	N	MW-bat-A-n-6	A	6	0
PWN-bat-n-2	N	N	MW-bat-A-n-7	A	7	0
PWN-bat-n-2	N	N	MW-bat-B-n-1	B	1	0
PWN-bat-n-3	N	N	MW-bat-A-n-1	A	1	0
PWN-bat-n-3	N	N	MW-bat-A-n-2	A	2	0
PWN-bat-n-3	N	N	MW-bat-A-n-3-a	A	3	a
PWN-bat-n-3	N	N	MW-bat-A-n-3-b	A	3	b
PWN-bat-n-3	N	N	MW-bat-A-n-3-c	A	3	c
PWN-bat-n-3	N	N	MW-bat-A-n-4-a	A	4	a
PWN-bat-n-3	N	N	MW-bat-A-n-4-b	A	4	b
PWN-bat-n-3	N	N	MW-bat-A-n-4-c	A	4	c
PWN-bat-n-3	N	N	MW-bat-A-n-5	A	5	0
PWN-bat-n-3	N	N	MW-bat-A-n-6	A	6	0
PWN-bat-n-3	N	N	MW-bat-A-n-7	A	7	0
PWN-bat-n-3	N	N	MW-bat-B-n-1	B	1	0
PWN-bat-n-4	N	N	MW-bat-A-n-1	A	1	0
PWN-bat-n-4	N	N	MW-bat-A-n-2	A	2	0
PWN-bat-n-4	Y	Y	MW-bat-A-n-3-a	A	3	a
PWN-bat-n-4	N	N	MW-bat-A-n-3-b	A	3	b
PWN-bat-n-4	N	N	MW-bat-A-n-3-c	A	3	c
PWN-bat-n-4	N	N	MW-bat-A-n-4-a	A	4	a
PWN-bat-n-4	N	N	MW-bat-A-n-4-b	A	4	b
PWN-bat-n-4	N	N	MW-bat-A-n-4-c	A	4	c
PWN-bat-n-4	N	N	MW-bat-A-n-5	A	5	0
PWN-bat-n-4	N	N	MW-bat-A-n-6	A	6	0
PWN-bat-n-4	N	N	MW-bat-A-n-7	A	7	0
PWN-bat-n-4	N	N	MW-bat-B-n-1	B	1	0
PWN-bat-n-5	Y	Y	MW-bat-A-n-1	A	1	0
PWN-bat-n-5	N	N	MW-bat-A-n-2	A	2	0
PWN-bat-n-5	Y	Y	MW-bat-A-n-3-a	A	3	a
PWN-bat-n-5	N	N	MW-bat-A-n-3-b	A	3	b
PWN-bat-n-5	N	N	MW-bat-A-n-3-c	A	3	c
PWN-bat-n-5	N	N	MW-bat-A-n-4-a	A	4	a
PWN-bat-n-5	N	N	MW-bat-A-n-4-b	A	4	b
PWN-bat-n-5	N	N	MW-bat-A-n-4-c	A	4	c
PWN-bat-n-5	N	N	MW-bat-A-n-5	A	5	0
PWN-bat-n-5	N	N	MW-bat-A-n-6	A	6	0
PWN-bat-n-5	N	N	MW-bat-A-n-7	A	7	0
PWN-bat-n-5	N	N	MW-bat-B-n-1	B	1	0
PWN-can-n-1	N	N	MW-can-B-n-1	B	1	0
PWN-can-n-1	Y	Y	MW-can-B-n-1-a	B	1	a
PWN-can-n-1	N	N	MW-can-B-n-1-b	B	1	b
PWN-can-n-1	N	N	MW-can-B-n-1-c	B	1	c
PWN-can-n-1	N	N	MW-can-B-n-1-d	B	1	d
PWN-can-n-1	N	N	MW-can-B-n-1-e	B	1	e
PWN-can-n-1	N	N	MW-can-B-n-2	B	2	0
PWN-can-n-1	N	N	MW-can-B-n-3-a	B	3	a
PWN-can-n-1	N	N	MW-can-B-n-3-b	B	3	b
PWN-can-n-1	N	N	MW-can-B-n-4	B	4	0
PWN-can-n-1	N	N	MW-can-B-n-5	B	5	0
PWN-can-n-1	N	N	MW-can-B-n-6	B	6	0
PWN-can-n-2	N	N	MW-can-B-n-1	B	1	0
PWN-can-n-2	Y	Y	MW-can-B-n-1-a	B	1	a
PWN-can-n-2	N	N	MW-can-B-n-1-b	B	1	b
PWN-can-n-2	N	N	MW-can-B-n-1-c	B	1	c
PWN-can-n-2	N	N	MW-can-B-n-1-d	B	1	d
PWN-can-n-2	N	N	MW-can-B-n-1-e	B	1	e
PWN-can-n-2	N	N	MW-can-B-n-2	B	2	0
PWN-can-n-2	N	N	MW-can-B-n-3-a	B	3	a
PWN-can-n-2	N	N	MW-can-B-n-3-b	B	3	b
PWN-can-n-2	N	N	MW-can-B-n-4	B	4	0
PWN-can-n-2	N	N	MW-can-B-n-5	B	5	0
PWN-can-n-2	N	N	MW-can-B-n-6	B	6	0
PWN-can-n-3	N	N	MW-can-B-n-1	B	1	0
PWN-can-n-3	N	N	MW-can-B-n-1-a	B	1	a
PWN-can-n-3	N	N	MW-can-B-n-1-b	B	1	b
PWN-can-n-3	N	N	MW-can-B-n-1-c	B	1	c
PWN-can-n-3	N	N	MW-can-B-n-1-d	B	1	d
PWN-can-n-3	N	N	MW-can-B-n-1-e	B	1	e
PWN-can-n-3	N	N	MW-can-B-n-2	B	2	0
PWN-can-n-3	N	N	MW-can-B-n-3-a	B	3	a
PWN-can-n-3	N	N	MW-can-B-n-3-b	B	3	b
PWN-can-n-3	N	N	MW-can-B-n-4	B	4	0
PWN-can-n-3	N	N	MW-can-B-n-5	B	5	0
PWN-can-n-3	N	N	MW-can-B-n-6	B	6	0
PWN-can-n-4	N	N	MW-can-B-n-1	B	1	0
PWN-can-n-4	N	N	MW-can-B-n-1-a	B	1	a
PWN-can-n-4	N	N	MW-can-B-n-1-b	B	1	b
PWN-can-n-4	N	N	MW-can-B-n-1-c	B	1	c
PWN-can-n-4	N	N	MW-can-B-n-1-d	B	1	d
PWN-can-n-4	N	N	MW-can-B-n-1-e	B	1	e
PWN-can-n-4	Y	Y	MW-can-B-n-2	B	2	0
PWN-can-n-4	N	N	MW-can-B-n-3-a	B	3	a
PWN-can-n-4	N	N	MW-can-B-n-3-b	B	3	b
PWN-can-n-4	N	N	MW-can-B-n-4	B	4	0
PWN-can-n-4	N	N	MW-can-B-n-5	B	5	0
PWN-can-n-4	N	N	MW-can-B-n-6	B	6	0
PWN-can-n-5	N	N	MW-can-B-n-1	B	1	0
PWN-can-n-5	N	N	MW-can-B-n-1-a	B	1	a
PWN-can-n-5	N	N	MW-can-B-n-1-b	B	1	b
PWN-can-n-5	N	N	MW-can-B-n-1-c	B	1	c
PWN-can-n-5	N	N	MW-can-B-n-1-d	B	1	d
PWN-can-n-5	N	N	MW-can-B-n-1-e	B	1	e
PWN-can-n-5	N	N	MW-can-B-n-2	B	2	0
PWN-can-n-5	Y	Y	MW-can-B-n-3-a	B	3	a
PWN-can-n-5	N	N	MW-can-B-n-3-b	B	3	b
PWN-can-n-5	N	N	MW-can-B-n-4	B	4	0
PWN-can-n-5	N	N	MW-can-B-n-5	B	5	0
PWN-can-n-5	N	N	MW-can-B-n-6	B	6	0
PWN-can-n-6	N	N	MW-can-B-n-1	B	1	0
PWN-can-n-6	N	N	MW-can-B-n-1-a	B	1	a
PWN-can-n-6	N	N	MW-can-B-n-1-b	B	1	b
PWN-can-n-6	N	N	MW-can-B-n-1-c	B	1	c
PWN-can-n-6	N	N	MW-can-B-n-1-d	B	1	d
PWN-can-n-6	N	N	MW-can-B-n-1-e	B	1	e
PWN-can-n-6	N	N	MW-can-B-n-2	B	2	0
PWN-can-n-6	N	N	MW-can-B-n-3-a	B	3	a
PWN-can-n-6	Y	Y	MW-can-B-n-3-b	B	3	b
PWN-can-n-6	N	N	MW-can-B-n-4	B	4	0
PWN-can-n-6	N	N	MW-can-B-n-5	B	5	0
PWN-can-n-6	N	N	MW-can-B-n-6	B	6	0
PWN-clip-n-1	N	N	MW-clip-A-n-1	A	1	0
PWN-clip-n-1	Y	Y	MW-clip-A-n-2	A	2	0
PWN-clip-n-1	N	N	MW-clip-A-n-3	A	3	0
PWN-clip-n-1	N	N	MW-clip-B-n-1-a	B	1	a
PWN-clip-n-1	N	N	MW-clip-B-n-1-b	B	1	b
PWN-clip-n-1	N	N	MW-clip-B-n-2	B	2	0
PWN-clip-n-1	N	N	MW-clip-B-n-2-a	B	2	a
PWN-clip-n-1	N	N	MW-clip-B-n-2-b	B	2	b
PWN-clip-n-1	N	N	MW-clip-B-n-2-c	B	2	c
PWN-clip-n-1	N	N	MW-clip-B-n-2-d	B	2	d
PWN-clip-n-1	N	N	MW-clip-B-n-3	B	3	0
PWN-clip-n-1	N	N	MW-clip-B-n-4	B	4	0
PWN-clip-n-1	N	N	MW-clip-B-n-5	B	5	0
PWN-clip-n-1	N	N	MW-clip-B-n-6	B	6	0
PWN-clip-n-2	N	N	MW-clip-A-n-1	A	1	0
PWN-clip-n-2	N	N	MW-clip-A-n-2	A	2	0
PWN-clip-n-2	N	N	MW-clip-A-n-3	A	3	0
PWN-clip-n-2	N	N	MW-clip-B-n-1-a	B	1	a
PWN-clip-n-2	N	N	MW-clip-B-n-1-b	B	1	b
PWN-clip-n-2	N	N	MW-clip-B-n-2	B	2	0
PWN-clip-n-2	N	N	MW-clip-B-n-2-a	B	2	a
PWN-clip-n-2	N	N	MW-clip-B-n-2-b	B	2	b
PWN-clip-n-2	N	N	MW-clip-B-n-2-c	B	2	c
PWN-clip-n-2	N	N	MW-clip-B-n-2-d	B	2	d
PWN-clip-n-2	N	N	MW-clip-B-n-3	B	3	0
PWN-clip-n-2	N	N	MW-clip-B-n-4	B	4	0
PWN-clip-n-2	N	N	MW-clip-B-n-5	B	5	0
PWN-clip-n-2	Y	Y	MW-clip-B-n-6	B	6	0
PWN-clip-n-3	Y	Y	MW-clip-A-n-1	A	1	0
PWN-clip-n-3	N	N	MW-clip-A-n-2	A	2	0
PWN-clip-n-3	N	N	MW-clip-A-n-3	A	3	0
PWN-clip-n-3	N	N	MW-clip-B-n-1-a	B	1	a
PWN-clip-n-3	N	N	MW-clip-B-n-1-b	B	1	b
PWN-clip-n-3	N	N	MW-clip-B-n-2	B	2	0
PWN-clip-n-3	N	N	MW-clip-B-n-2-a	B	2	a
PWN-clip-n-3	N	N	MW-clip-B-n-2-b	B	2	b
PWN-clip-n-3	N	N	MW-clip-B-n-2-c	B	2	c
PWN-clip-n-3	N	N	MW-clip-B-n-2-d	B	2	d
PWN-clip-n-3	N	N	MW-clip-B-n-3	B	3	0
PWN-clip-n-3	N	N	MW-clip-B-n-4	B	4	0
PWN-clip-n-3	N	N	MW-clip-B-n-5	B	5	0
PWN-clip-n-3	N	N	MW-clip-B-n-6	B	6	0
PWN-clip-n-4	N	N	MW-clip-A-n-1	A	1	0
PWN-clip-n-4	N	N	MW-clip-A-n-2	A	2	0
PWN-clip-n-4	Y	Y	MW-clip-A-n-3	A	3	0
PWN-clip-n-4	N	N	MW-clip-B-n-1-a	B	1	a
PWN-clip-n-4	N	N	MW-clip-B-n-1-b	B	1	b
PWN-clip-n-4	N	N	MW-clip-B-n-2	B	2	0
PWN-clip-n-4	N	N	MW-clip-B-n-2-a	B	2	a
PWN-clip-n-4	N	N	MW-clip-B-n-2-b	B	2	b
PWN-clip-n-4	N	N	MW-clip-B-n-2-c	B	2	c
PWN-clip-n-4	N	N	MW-clip-B-n-2-d	B	2	d
PWN-clip-n-4	N	N	MW-clip-B-n-3	B	3	0
PWN-clip-n-4	N	N	MW-clip-B-n-4	B	4	0
PWN-clip-n-4	N	N	MW-clip-B-n-5	B	5	0
PWN-clip-n-4	N	N	MW-clip-B-n-6	B	6	0
PWN-clip-n-5	N	N	MW-clip-A-n-1	A	1	0
PWN-clip-n-5	N	N	MW-clip-A-n-2	A	2	0
PWN-clip-n-5	N	N	MW-clip-A-n-3	A	3	0
PWN-clip-n-5	N	N	MW-clip-B-n-1-a	B	1	a
PWN-clip-n-5	N	N	MW-clip-B-n-1-b	B	1	b
PWN-clip-n-5	N	N	MW-clip-B-n-2	B	2	0
PWN-clip-n-5	N	N	MW-clip-B-n-2-a	B	2	a
PWN-clip-n-5	N	N	MW-clip-B-n-2-b	B	2	b
PWN-clip-n-5	N	N	MW-clip-B-n-2-c	B	2	c
PWN-clip-n-5	N	N	MW-clip-B-n-2-d	B	2	d
PWN-clip-n-5	Y	Y	MW-clip-B-n-3	B	3	0
PWN-clip-n-5	N	N	MW-clip-B-n-4	B	4	0
PWN-clip-n-5	N	N	MW-clip-B-n-5	B	5	0
PWN-clip-n-5	N	N	MW-clip-B-n-6	B	6	0
PWN-clip-n-6	N	N	MW-clip-A-n-1	A	1	0
PWN-clip-n-6	N	N	MW-clip-A-n-2	A	2	0
PWN-clip-n-6	N	N	MW-clip-A-n-3	A	3	0
PWN-clip-n-6	N	N	MW-clip-B-n-1-a	B	1	a
PWN-clip-n-6	N	N	MW-clip-B-n-1-b	B	1	b
PWN-clip-n-6	N	N	MW-clip-B-n-2	B	2	0
PWN-clip-n-6	N	N	MW-clip-B-n-2-a	B	2	a
PWN-clip-n-6	N	N	MW-clip-B-n-2-b	B	2	b
PWN-clip-n-6	N	N	MW-clip-B-n-2-c	B	2	c
PWN-clip-n-6	N	N	MW-clip-B-n-2-d	B	2	d
PWN-clip-n-6	N	N	MW-clip-B-n-3	B	3	0
PWN-clip-n-6	Y	Y	MW-clip-B-n-4	B	4	0
PWN-clip-n-6	N	N	MW-clip-B-n-5	B	5	0
PWN-clip-n-6	N	N	MW-clip-B-n-6	B	6	0
PWN-date-n-1	N	N	MW-date-A-n-1	A	1	0
PWN-date-n-1	N	N	MW-date-A-n-2	A	2	0
PWN-date-n-1	Y	Y	MW-date-B-n-1-a	B	1	a
PWN-date-n-1	N	N	MW-date-B-n-1-b	B	1	b
PWN-date-n-1	N	N	MW-date-B-n-2	B	2	0
PWN-date-n-1	N	N	MW-date-B-n-3	B	3	0
PWN-date-n-1	N	N	MW-date-B-n-4-a	B	4	a
PWN-date-n-1	N	N	MW-date-B-n-4-b	B	4	b
PWN-date-n-1	N	N	MW-date-B-n-5	B	5	0
PWN-date-n-2	N	N	MW-date-A-n-1	A	1	0
PWN-date-n-2	N	N	MW-date-A-n-2	A	2	0
PWN-date-n-2	N	N	MW-date-B-n-1-a	B	1	a
PWN-date-n-2	N	N	MW-date-B-n-1-b	B	1	b
PWN-date-n-2	N	N	MW-date-B-n-2	B	2	0
PWN-date-n-2	N	N	MW-date-B-n-3	B	3	0
PWN-date-n-2	N	N	MW-date-B-n-4-a	B	4	a
PWN-date-n-2	Y	Y	MW-date-B-n-4-b	B	4	b
PWN-date-n-2	N	N	MW-date-B-n-5	B	5	0
PWN-date-n-3	N	N	MW-date-A-n-1	A	1	0
PWN-date-n-3	N	N	MW-date-A-n-2	A	2	0
PWN-date-n-3	N	N	MW-date-B-n-1-a	B	1	a
PWN-date-n-3	N	N	MW-date-B-n-1-b	B	1	b
PWN-date-n-3	N	N	MW-date-B-n-2	B	2	0
PWN-date-n-3	N	N	MW-date-B-n-3	B	3	0
PWN-date-n-3	Y	Y	MW-date-B-n-4-a	B	4	a
PWN-date-n-3	N	N	MW-date-B-n-4-b	B	4	b
PWN-date-n-3	N	N	MW-date-B-n-5	B	5	0
PWN-date-n-4	N	N	MW-date-A-n-1	A	1	0
PWN-date-n-4	N	N	MW-date-A-n-2	A	2	0
PWN-date-n-4	N	N	MW-date-B-n-1-a	B	1	a
PWN-date-n-4	N	N	MW-date-B-n-1-b	B	1	b
PWN-date-n-4	N	N	MW-date-B-n-2	B	2	0
PWN-date-n-4	N	N	MW-date-B-n-3	B	3	0
PWN-date-n-4	N	N	MW-date-B-n-4-a	B	4	a
PWN-date-n-4	N	N	MW-date-B-n-4-b	B	4	b
PWN-date-n-4	N	N	MW-date-B-n-5	B	5	0
PWN-date-n-5	N	N	MW-date-A-n-1	A	1	0
PWN-date-n-5	N	N	MW-date-A-n-2	A	2	0
PWN-date-n-5	Y	Y	MW-date-B-n-1-a	B	1	a
PWN-date-n-5	N	N	MW-date-B-n-1-b	B	1	b
PWN-date-n-5	N	N	MW-date-B-n-2	B	2	0
PWN-date-n-5	N	N	MW-date-B-n-3	B	3	0
PWN-date-n-5	N	N	MW-date-B-n-4-a	B	4	a
PWN-date-n-5	N	N	MW-date-B-n-4-b	B	4	b
PWN-date-n-5	N	N	MW-date-B-n-5	B	5	0
PWN-date-n-6	N	N	MW-date-A-n-1	A	1	0
PWN-date-n-6	N	N	MW-date-A-n-2	A	2	0
PWN-date-n-6	Y	Y	MW-date-B-n-1-a	B	1	a
PWN-date-n-6	N	N	MW-date-B-n-1-b	B	1	b
PWN-date-n-6	N	N	MW-date-B-n-2	B	2	0
PWN-date-n-6	N	N	MW-date-B-n-3	B	3	0
PWN-date-n-6	N	N	MW-date-B-n-4-a	B	4	a
PWN-date-n-6	N	N	MW-date-B-n-4-b	B	4	b
PWN-date-n-6	N	N	MW-date-B-n-5	B	5	0
PWN-date-n-7	Y	Y	MW-date-A-n-1	A	1	0
PWN-date-n-7	N	N	MW-date-A-n-2	A	2	0
PWN-date-n-7	N	N	MW-date-B-n-1-a	B	1	a
PWN-date-n-7	N	N	MW-date-B-n-1-b	B	1	b
PWN-date-n-7	N	N	MW-date-B-n-2	B	2	0
PWN-date-n-7	N	N	MW-date-B-n-3	B	3	0
PWN-date-n-7	N	N	MW-date-B-n-4-a	B	4	a
PWN-date-n-7	N	N	MW-date-B-n-4-b	B	4	b
PWN-date-n-7	N	N	MW-date-B-n-5	B	5	0
PWN-duck-n-1	Y	Y	MW-duck-A-n-1-a	A	1	a
PWN-duck-n-1	N	N	MW-duck-A-n-1-b	A	1	b
PWN-duck-n-1	Y	Y	MW-duck-A-n-2	A	2	0
PWN-duck-n-1	N	N	MW-duck-A-n-3	A	3	0
PWN-duck-n-1	N	N	MW-duck-A-n-4	A	4	0
PWN-duck-n-1	N	N	MW-duck-B-n-1	B	1	0
PWN-duck-n-1	N	N	MW-duck-C-n-1	C	1	0
PWN-duck-n-1	N	N	MW-duck-C-n-2	C	2	0
PWN-duck-n-2	N	N	MW-duck-A-n-1	A	1	0
PWN-duck-n-2	N	N	MW-duck-A-n-1-b	A	1	b
PWN-duck-n-2	N	N	MW-duck-A-n-2	A	2	0
PWN-duck-n-2	N	N	MW-duck-A-n-3	A	3	0
PWN-duck-n-2	N	N	MW-duck-A-n-4	A	4	0
PWN-duck-n-2	N	N	MW-duck-B-n-1	B	1	0
PWN-duck-n-2	N	N	MW-duck-C-n-1	C	1	0
PWN-duck-n-2	N	N	MW-duck-C-n-2	C	2	0
PWN-duck-n-3	N	N	MW-duck-A-n-1	A	1	0
PWN-duck-n-3	Y	Y	MW-duck-A-n-1-b	A	1	b
PWN-duck-n-3	N	N	MW-duck-A-n-2	A	2	0
PWN-duck-n-3	N	N	MW-duck-A-n-3	A	3	0
PWN-duck-n-3	N	N	MW-duck-A-n-4	A	4	0
PWN-duck-n-3	N	N	MW-duck-B-n-1	B	1	0
PWN-duck-n-3	N	N	MW-duck-C-n-1	C	1	0
PWN-duck-n-3	N	N	MW-duck-C-n-2	C	2	0
PWN-duck-n-4	N	N	MW-duck-A-n-1	A	1	0
PWN-duck-n-4	N	N	MW-duck-A-n-1-b	A	1	b
PWN-duck-n-4	N	N	MW-duck-A-n-2	A	2	0
PWN-duck-n-4	N	N	MW-duck-A-n-3	A	3	0
PWN-duck-n-4	N	N	MW-duck-A-n-4	A	4	0
PWN-duck-n-4	N	N	MW-duck-B-n-1	B	1	0
PWN-duck-n-4	Y	Y	MW-duck-C-n-1	C	1	0
PWN-duck-n-4	N	N	MW-duck-C-n-2	C	2	0
PWN-file-n-1	N	N	MW-file-A-n-1	A	1	0
PWN-file-n-1	N	N	MW-file-A-n-2	A	2	0
PWN-file-n-1	N	N	MW-file-C-n-1	C	1	0
PWN-file-n-1	N	N	MW-file-C-n-2-a	C	2	a
PWN-file-n-1	Y	Y	MW-file-C-n-2-b	C	2	b
PWN-file-n-1	Y	Y	MW-file-C-n-2-c-1	C	2	c-1
PWN-file-n-1	Y	Y	MW-file-C-n-2-c-2	C	2	c-2
PWN-file-n-1	N	N	MW-file-D-n-1	D	1	0
PWN-file-n-1	N	N	MW-file-D-n-2	D	2	0
PWN-file-n-1	N	N	MW-file-E-n-1	E	1	0
PWN-file-n-2	N	N	MW-file-A-n-1	A	1	0
PWN-file-n-2	N	N	MW-file-A-n-2	A	2	0
PWN-file-n-2	N	N	MW-file-C-n-1	C	1	0
PWN-file-n-2	N	N	MW-file-C-n-2-a	C	2	a
PWN-file-n-2	N	N	MW-file-C-n-2-b	C	2	b
PWN-file-n-2	N	N	MW-file-C-n-2-c-1	C	2	c-1
PWN-file-n-2	N	N	MW-file-C-n-2-c-2	C	2	c-2
PWN-file-n-2	Y	Y	MW-file-D-n-1	D	1	0
PWN-file-n-2	N	N	MW-file-D-n-2	D	2	0
PWN-file-n-2	N	N	MW-file-E-n-1	E	1	0
PWN-file-n-3	N	N	MW-file-A-n-1	A	1	0
PWN-file-n-3	N	N	MW-file-A-n-2	A	2	0
PWN-file-n-3	Y	Y	MW-file-C-n-1	C	1	0
PWN-file-n-3	N	N	MW-file-C-n-2-a	C	2	a
PWN-file-n-3	N	N	MW-file-C-n-2-b	C	2	b
PWN-file-n-3	N	N	MW-file-C-n-2-c-1	C	2	c-1
PWN-file-n-3	N	N	MW-file-C-n-2-c-2	C	2	c-2
PWN-file-n-3	N	N	MW-file-D-n-1	D	1	0
PWN-file-n-3	N	N	MW-file-D-n-2	D	2	0
PWN-file-n-3	N	N	MW-file-E-n-1	E	1	0
PWN-file-n-4	Y	Y	MW-file-A-n-1	A	1	0
PWN-file-n-4	N	N	MW-file-A-n-2	A	2	0
PWN-file-n-4	N	N	MW-file-C-n-1	C	1	0
PWN-file-n-4	N	N	MW-file-C-n-2-a	C	2	a
PWN-file-n-4	N	N	MW-file-C-n-2-b	C	2	b
PWN-file-n-4	N	N	MW-file-C-n-2-c-1	C	2	c-1
PWN-file-n-4	N	N	MW-file-C-n-2-c-2	C	2	c-2
PWN-file-n-4	N	N	MW-file-D-n-1	D	1	0
PWN-file-n-4	N	N	MW-file-D-n-2	D	2	0
PWN-file-n-4	N	N	MW-file-E-n-1	E	1	0
PWN-fly-n-1	N	N	MW-fly-A-n-1	A	1	0
PWN-fly-n-1	N	N	MW-fly-A-n-2-a	A	2	a
PWN-fly-n-1	N	N	MW-fly-A-n-2-b	A	2	b
PWN-fly-n-1	N	N	MW-fly-A-n-3	A	3	0
PWN-fly-n-1	N	N	MW-fly-A-n-4	A	4	0
PWN-fly-n-1	N	N	MW-fly-A-n-4-a	A	4	a
PWN-fly-n-1	N	N	MW-fly-A-n-4-b-1	A	4	b-1
PWN-fly-n-1	N	N	MW-fly-A-n-4-b-2	A	4	b-2
PWN-fly-n-1	N	N	MW-fly-A-n-5	A	5	0
PWN-fly-n-1	N	N	MW-fly-A-n-6	A	6	0
PWN-fly-n-1	N	N	MW-fly-A-n-7	A	7	0
PWN-fly-n-1	N	N	MW-fly-A-n-8	A	8	0
PWN-fly-n-1	Y	Y	MW-fly-C-n-1	C	1	0
PWN-fly-n-1	Y	Y	MW-fly-C-n-2-a	C	2	a
PWN-fly-n-1	Y	Y	MW-fly-C-n-2-b	C	2	b
PWN-fly-n-1	N	N	MW-fly-C-n-3	C	3	0
PWN-fly-n-2	N	N	MW-fly-A-n-1	A	1	0
PWN-fly-n-2	N	N	MW-fly-A-n-2-a	A	2	a
PWN-fly-n-2	N	N	MW-fly-A-n-2-b	A	2	b
PWN-fly-n-2	N	N	MW-fly-A-n-3	A	3	0
PWN-fly-n-2	N	N	MW-fly-A-n-4	A	4	0
PWN-fly-n-2	N	N	MW-fly-A-n-4-a	A	4	a
PWN-fly-n-2	N	N	MW-fly-A-n-4-b-1	A	4	b-1
PWN-fly-n-2	N	N	MW-fly-A-n-4-b-2	A	4	b-2
PWN-fly-n-2	N	N	MW-fly-A-n-5	A	5	0
PWN-fly-n-2	N	N	MW-fly-A-n-6	A	6	0
PWN-fly-n-2	Y	Y	MW-fly-A-n-7	A	7	0
PWN-fly-n-2	N	N	MW-fly-A-n-8	A	8	0
PWN-fly-n-2	N	N	MW-fly-C-n-1	C	1	0
PWN-fly-n-2	N	N	MW-fly-C-n-2-a	C	2	a
PWN-fly-n-2	N	N	MW-fly-C-n-2-b	C	2	b
PWN-fly-n-2	N	N	MW-fly-C-n-3	C	3	0
PWN-fly-n-3	N	N	MW-fly-A-n-1	A	1	0
PWN-fly-n-3	N	N	MW-fly-A-n-2-a	A	2	a
PWN-fly-n-3	N	N	MW-fly-A-n-2-b	A	2	b
PWN-fly-n-3	N	N	MW-fly-A-n-3	A	3	0
PWN-fly-n-3	N	N	MW-fly-A-n-4	A	4	0
PWN-fly-n-3	Y	Y	MW-fly-A-n-4-a	A	4	a
PWN-fly-n-3	N	N	MW-fly-A-n-4-b-1	A	4	b-1
PWN-fly-n-3	N	N	MW-fly-A-n-4-b-2	A	4	b-2
PWN-fly-n-3	N	N	MW-fly-A-n-5	A	5	0
PWN-fly-n-3	N	N	MW-fly-A-n-6	A	6	0
PWN-fly-n-3	N	N	MW-fly-A-n-7	A	7	0
PWN-fly-n-3	N	N	MW-fly-A-n-8	A	8	0
PWN-fly-n-3	N	N	MW-fly-C-n-1	C	1	0
PWN-fly-n-3	N	N	MW-fly-C-n-2-a	C	2	a
PWN-fly-n-3	N	N	MW-fly-C-n-2-b	C	2	b
PWN-fly-n-3	N	N	MW-fly-C-n-3	C	3	0
PWN-fly-n-4	N	N	MW-fly-A-n-1	A	1	0
PWN-fly-n-4	N	N	MW-fly-A-n-2-a	A	2	a
PWN-fly-n-4	N	N	MW-fly-A-n-2-b	A	2	b
PWN-fly-n-4	N	N	MW-fly-A-n-3	A	3	0
PWN-fly-n-4	N	N	MW-fly-A-n-4	A	4	0
PWN-fly-n-4	N	N	MW-fly-A-n-4-a	A	4	a
PWN-fly-n-4	N	N	MW-fly-A-n-4-b-1	A	4	b-1
PWN-fly-n-4	N	N	MW-fly-A-n-4-b-2	A	4	b-2
PWN-fly-n-4	Y	Y	MW-fly-A-n-5	A	5	0
PWN-fly-n-4	N	N	MW-fly-A-n-6	A	6	0
PWN-fly-n-4	N	N	MW-fly-A-n-7	A	7	0
PWN-fly-n-4	N	N	MW-fly-A-n-8	A	8	0
PWN-fly-n-4	N	N	MW-fly-C-n-1	C	1	0
PWN-fly-n-4	N	N	MW-fly-C-n-2-a	C	2	a
PWN-fly-n-4	N	N	MW-fly-C-n-2-b	C	2	b
PWN-fly-n-4	N	N	MW-fly-C-n-3	C	3	0
PWN-fly-n-5	N	N	MW-fly-A-n-1	A	1	0
PWN-fly-n-5	N	N	MW-fly-A-n-2-a	A	2	a
PWN-fly-n-5	N	N	MW-fly-A-n-2-b	A	2	b
PWN-fly-n-5	N	N	MW-fly-A-n-3	A	3	0
PWN-fly-n-5	N	N	MW-fly-A-n-4	A	4	0
PWN-fly-n-5	N	N	MW-fly-A-n-4-a	A	4	a
PWN-fly-n-5	N	N	MW-fly-A-n-4-b-1	A	4	b-1
PWN-fly-n-5	N	N	MW-fly-A-n-4-b-2	A	4	b-2
PWN-fly-n-5	N	N	MW-fly-A-n-5	A	5	0
PWN-fly-n-5	N	N	MW-fly-A-n-6	A	6	0
PWN-fly-n-5	N	N	MW-fly-A-n-7	A	7	0
PWN-fly-n-5	N	N	MW-fly-A-n-8	A	8	0
PWN-fly-n-5	N	N	MW-fly-C-n-1	C	1	0
PWN-fly-n-5	N	N	MW-fly-C-n-2-a	C	2	a
PWN-fly-n-5	N	N	MW-fly-C-n-2-b	C	2	b
PWN-fly-n-5	Y	Y	MW-fly-C-n-3	C	3	0
PWN-gloss-n-1	N	N	MW-gloss-A-n-1	A	1	0
PWN-gloss-n-1	N	N	MW-gloss-A-n-2-a	A	2	a
PWN-gloss-n-1	N	N	MW-gloss-A-n-2-b	A	2	b
PWN-gloss-n-1	N	N	MW-gloss-A-n-3	A	3	0
PWN-gloss-n-1	Y	Y	MW-gloss-B-n-1-a	B	1	a
PWN-gloss-n-1	N	N	MW-gloss-B-n-1-b	B	1	b
PWN-gloss-n-1	N	N	MW-gloss-B-n-2-a	B	2	a
PWN-gloss-n-1	Y	Y	MW-gloss-B-n-2-b	B	2	b
PWN-gloss-n-1	N	N	MW-gloss-B-n-2-c	B	2	c
PWN-gloss-n-1	N	N	MW-gloss-B-n-3	B	3	0
PWN-gloss-n-2	N	N	MW-gloss-A-n-1	A	1	0
PWN-gloss-n-2	N	N	MW-gloss-A-n-2-a	A	2	a
PWN-gloss-n-2	N	N	MW-gloss-A-n-2-b	A	2	b
PWN-gloss-n-2	N	N	MW-gloss-A-n-3	A	3	0
PWN-gloss-n-2	N	N	MW-gloss-B-n-1-a	B	1	a
PWN-gloss-n-2	N	N	MW-gloss-B-n-1-b	B	1	b
PWN-gloss-n-2	Y	Y	MW-gloss-B-n-2-a	B	2	a
PWN-gloss-n-2	N	N	MW-gloss-B-n-2-b	B	2	b
PWN-gloss-n-2	N	N	MW-gloss-B-n-2-c	B	2	c
PWN-gloss-n-2	N	N	MW-gloss-B-n-3	B	3	0
PWN-gloss-n-3	Y	Y	MW-gloss-A-n-1	A	1	0
PWN-gloss-n-3	N	N	MW-gloss-A-n-2-a	A	2	a
PWN-gloss-n-3	N	N	MW-gloss-A-n-2-b	A	2	b
PWN-gloss-n-3	N	N	MW-gloss-A-n-3	A	3	0
PWN-gloss-n-3	N	N	MW-gloss-B-n-1-a	B	1	a
PWN-gloss-n-3	N	N	MW-gloss-B-n-1-b	B	1	b
PWN-gloss-n-3	N	N	MW-gloss-B-n-2-a	B	2	a
PWN-gloss-n-3	N	N	MW-gloss-B-n-2-b	B	2	b
PWN-gloss-n-3	N	N	MW-gloss-B-n-2-c	B	2	c
PWN-gloss-n-3	N	N	MW-gloss-B-n-3	B	3	0
PWN-gloss-n-4	N	N	MW-gloss-A-n-1	A	1	0
PWN-gloss-n-4	N	N	MW-gloss-A-n-2-a	A	2	a
PWN-gloss-n-4	N	N	MW-gloss-A-n-2-b	A	2	b
PWN-gloss-n-4	N	N	MW-gloss-A-n-3	A	3	0
PWN-gloss-n-4	N	N	MW-gloss-B-n-1-a	B	1	a
PWN-gloss-n-4	N	N	MW-gloss-B-n-1-b	B	1	b
PWN-gloss-n-4	N	N	MW-gloss-B-n-2-a	B	2	a
PWN-gloss-n-4	N	N	MW-gloss-B-n-2-b	B	2	b
PWN-gloss-n-4	N	N	MW-gloss-B-n-2-c	B	2	c
PWN-gloss-n-4	N	N	MW-gloss-B-n-3	B	3	0
PWN-match-n-1	N	N	MW-match-A-n-1-a	A	1	a
PWN-match-n-1	N	N	MW-match-A-n-1-b	A	1	b
PWN-match-n-1	N	N	MW-match-A-n-1-c	A	1	c
PWN-match-n-1	N	N	MW-match-A-n-2	A	2	0
PWN-match-n-1	N	N	MW-match-A-n-3-a	A	3	a
PWN-match-n-1	N	N	MW-match-A-n-3-b	A	3	b
PWN-match-n-1	N	N	MW-match-A-n-4-a	A	4	a
PWN-match-n-1	N	N	MW-match-A-n-4-b	A	4	b
PWN-match-n-1	N	N	MW-match-B-n-1	B	1	0
PWN-match-n-1	Y	Y	MW-match-B-n-2	B	2	0
PWN-match-n-2	N	N	MW-match-A-n-1-a	A	1	a
PWN-match-n-2	N	N	MW-match-A-n-1-b	A	1	b
PWN-match-n-2	N	N	MW-match-A-n-1-c	A	1	c
PWN-match-n-2	N	N	MW-match-A-n-2	A	2	0
PWN-match-n-2	Y	Y	MW-match-A-n-3-a	A	3	a
PWN-match-n-2	Y	Y	MW-match-A-n-3-b	A	3	b
PWN-match-n-2	N	N	MW-match-A-n-4-a	A	4	a
PWN-match-n-2	N	N	MW-match-A-n-4-b	A	4	b
PWN-match-n-2	N	N	MW-match-B-n-1	B	1	0
PWN-match-n-2	N	N	MW-match-B-n-2	B	2	0
PWN-match-n-3	N	N	MW-match-A-n-1-a	A	1	a
PWN-match-n-3	N	N	MW-match-A-n-1-b	A	1	b
PWN-match-n-3	N	N	MW-match-A-n-1-c	A	1	c
PWN-match-n-3	N	N	MW-match-A-n-2	A	2	0
PWN-match-n-3	N	N	MW-match-A-n-3-a	A	3	a
PWN-match-n-3	N	N	MW-match-A-n-3-b	A	3	b
PWN-match-n-3	N	N	MW-match-A-n-4-a	A	4	a
PWN-match-n-3	N	N	MW-match-A-n-4-b	A	4	b
PWN-match-n-3	N	N	MW-match-B-n-1	B	1	0
PWN-match-n-3	N	N	MW-match-B-n-2	B	2	0
PWN-match-n-4	N	N	MW-match-A-n-1-a	A	1	a
PWN-match-n-4	N	N	MW-match-A-n-1-b	A	1	b
PWN-match-n-4	Y	Y	MW-match-A-n-1-c	A	1	c
PWN-match-n-4	N	N	MW-match-A-n-2	A	2	0
PWN-match-n-4	N	N	MW-match-A-n-3-a	A	3	a
PWN-match-n-4	N	N	MW-match-A-n-3-b	A	3	b
PWN-match-n-4	N	N	MW-match-A-n-4-a	A	4	a
PWN-match-n-4	N	N	MW-match-A-n-4-b	A	4	b
PWN-match-n-4	N	N	MW-match-B-n-1	B	1	0
PWN-match-n-4	N	N	MW-match-B-n-2	B	2	0
PWN-match-n-5	N	N	MW-match-A-n-1-a	A	1	a
PWN-match-n-5	N	N	MW-match-A-n-1-b	A	1	b
PWN-match-n-5	N	N	MW-match-A-n-1-c	A	1	c
PWN-match-n-5	N	N	MW-match-A-n-2	A	2	0
PWN-match-n-5	N	N	MW-match-A-n-3-a	A	3	a
PWN-match-n-5	N	N	MW-match-A-n-3-b	A	3	b
PWN-match-n-5	N	N	MW-match-A-n-4-a	A	4	a
PWN-match-n-5	N	N	MW-match-A-n-4-b	A	4	b
PWN-match-n-5	N	N	MW-match-B-n-1	B	1	0
PWN-match-n-5	N	N	MW-match-B-n-2	B	2	0
PWN-match-n-6	N	N	MW-match-A-n-1-a	A	1	a
PWN-match-n-6	N	N	MW-match-A-n-1-b	A	1	b
PWN-match-n-6	N	N	MW-match-A-n-1-c	A	1	c
PWN-match-n-6	N	N	MW-match-A-n-2	A	2	0
PWN-match-n-6	N	N	MW-match-A-n-3-a	A	3	a
PWN-match-n-6	N	N	MW-match-A-n-3-b	A	3	b
PWN-match-n-6	N	N	MW-match-A-n-4-a	A	4	a
PWN-match-n-6	Y	Y	MW-match-A-n-4-b	A	4	b
PWN-match-n-6	N	N	MW-match-B-n-1	B	1	0
PWN-match-n-6	N	N	MW-match-B-n-2	B	2	0
PWN-match-n-7	Y	Y	MW-match-A-n-1-a	A	1	a
PWN-match-n-7	Y	Y	MW-match-A-n-1-b	A	1	b
PWN-match-n-7	N	N	MW-match-A-n-1-c	A	1	c
PWN-match-n-7	N	N	MW-match-A-n-2	A	2	0
PWN-match-n-7	N	N	MW-match-A-n-3-a	A	3	a
PWN-match-n-7	N	N	MW-match-A-n-3-b	A	3	b
PWN-match-n-7	N	N	MW-match-A-n-4-a	A	4	a
PWN-match-n-7	N	N	MW-match-A-n-4-b	A	4	b
PWN-match-n-7	N	N	MW-match-B-n-1	B	1	0
PWN-match-n-7	N	N	MW-match-B-n-2	B	2	0
PWN-match-n-8	N	N	MW-match-A-n-1-a	A	1	a
PWN-match-n-8	N	N	MW-match-A-n-1-b	A	1	b
PWN-match-n-8	N	N	MW-match-A-n-1-c	A	1	c
PWN-match-n-8	N	N	MW-match-A-n-2	A	2	0
PWN-match-n-8	N	N	MW-match-A-n-3-a	A	3	a
PWN-match-n-8	N	N	MW-match-A-n-3-b	A	3	b
PWN-match-n-8	Y	Y	MW-match-A-n-4-a	A	4	a
PWN-match-n-8	N	N	MW-match-A-n-4-b	A	4	b
PWN-match-n-8	N	N	MW-match-B-n-1	B	1	0
PWN-match-n-8	N	N	MW-match-B-n-2	B	2	0
PWN-match-n-9	N	N	MW-match-A-n-1-a	A	1	a
PWN-match-n-9	N	N	MW-match-A-n-1-b	A	1	b
PWN-match-n-9	N	N	MW-match-A-n-1-c	A	1	c
PWN-match-n-9	Y	Y	MW-match-A-n-2	A	2	0
PWN-match-n-9	N	N	MW-match-A-n-3-a	A	3	a
PWN-match-n-9	N	N	MW-match-A-n-3-b	A	3	b
PWN-match-n-9	N	N	MW-match-A-n-4-a	A	4	a
PWN-match-n-9	N	N	MW-match-A-n-4-b	A	4	b
PWN-match-n-9	N	N	MW-match-B-n-1	B	1	0
PWN-match-n-9	N	N	MW-match-B-n-2	B	2	0
PWN-mean-n-1	N	N	MW-mean-C-n-1-a-1	C	1	a-1
PWN-mean-n-1	N	N	MW-mean-C-n-1-a-2	C	1	a-2
PWN-mean-n-1	Y	Y	MW-mean-C-n-1-b	C	1	b
PWN-mean-n-1	Y	Y	MW-mean-C-n-1-b-1	C	1	b-1
PWN-mean-n-1	Y	Y	MW-mean-C-n-1-b-2	C	1	b-2
PWN-mean-n-1	N	N	MW-mean-C-n-1-c	C	1	c
PWN-mean-n-1	N	N	MW-mean-C-n-2	C	2	0
PWN-mean-n-1	N	N	MW-mean-C-n-3	C	3	0
PWN-palm-n-1	N	N	MW-palm-A-n-1	A	1	0
PWN-palm-n-1	N	N	MW-palm-A-n-2	A	2	0
PWN-palm-n-1	N	N	MW-palm-A-n-3	A	3	0
PWN-palm-n-1	N	N	MW-palm-A-n-4	A	4	0
PWN-palm-n-1	Y	Y	MW-palm-B-n-1	B	1	0
PWN-palm-n-1	N	N	MW-palm-B-n-2	B	2	0
PWN-palm-n-1	N	N	MW-palm-B-n-3	B	3	0
PWN-palm-n-1	N	N	MW-palm-B-n-4	B	4	0
PWN-palm-n-1	N	N	MW-palm-B-n-5	B	5	0
PWN-palm-n-2	N	N	MW-palm-A-n-1	A	1	0
PWN-palm-n-2	N	N	MW-palm-A-n-2	A	2	0
PWN-palm-n-2	N	N	MW-palm-A-n-3	A	3	0
PWN-palm-n-2	N	N	MW-palm-A-n-4	A	4	0
PWN-palm-n-2	N	N	MW-palm-B-n-1	B	1	0
PWN-palm-n-2	N	N	MW-palm-B-n-2	B	2	0
PWN-palm-n-2	Y	Y	MW-palm-B-n-3	B	3	0
PWN-palm-n-2	N	N	MW-palm-B-n-4	B	4	0
PWN-palm-n-2	N	N	MW-palm-B-n-5	B	5	0
PWN-palm-n-3	Y	Y	MW-palm-A-n-1	A	1	0
PWN-palm-n-3	N	N	MW-palm-A-n-2	A	2	0
PWN-palm-n-3	N	N	MW-palm-A-n-3	A	3	0
PWN-palm-n-3	N	N	MW-palm-A-n-4	A	4	0
PWN-palm-n-3	N	N	MW-palm-B-n-1	B	1	0
PWN-palm-n-3	N	N	MW-palm-B-n-2	B	2	0
PWN-palm-n-3	N	N	MW-palm-B-n-3	B	3	0
PWN-palm-n-3	N	N	MW-palm-B-n-4	B	4	0
PWN-palm-n-3	N	N	MW-palm-B-n-5	B	5	0
PWN-palm-n-4	N	N	MW-palm-A-n-1	A	1	0
PWN-palm-n-4	Y	Y	MW-palm-A-n-2	A	2	0
PWN-palm-n-4	Y	Y	MW-palm-A-n-3	A	3	0
PWN-palm-n-4	N	N	MW-palm-A-n-4	A	4	0
PWN-palm-n-4	N	N	MW-palm-B-n-1	B	1	0
PWN-palm-n-4	N	N	MW-palm-B-n-2	B	2	0
PWN-palm-n-4	N	N	MW-palm-B-n-3	B	3	0
PWN-palm-n-4	N	N	MW-palm-B-n-4	B	4	0
PWN-palm-n-4	N	N	MW-palm-B-n-5	B	5	0
PWN-ring-n-1	N	N	MW-ring-A-n-1	A	1	0
PWN-ring-n-1	N	N	MW-ring-A-n-2	A	2	0
PWN-ring-n-1	N	N	MW-ring-A-n-3-a	A	3	a
PWN-ring-n-1	N	N	MW-ring-A-n-3-b	A	3	b
PWN-ring-n-1	N	N	MW-ring-A-n-3-c	A	3	c
PWN-ring-n-1	N	N	MW-ring-A-n-4-a-1	A	4	a-1
PWN-ring-n-1	N	N	MW-ring-A-n-4-a-2	A	4	a-2
PWN-ring-n-1	N	N	MW-ring-A-n-4-b	A	4	b
PWN-ring-n-1	N	N	MW-ring-A-n-5	A	5	0
PWN-ring-n-1	N	N	MW-ring-A-n-6	A	6	0
PWN-ring-n-1	N	N	MW-ring-A-n-7-a	A	7	a
PWN-ring-n-1	N	N	MW-ring-A-n-7-b	A	7	b
PWN-ring-n-1	N	N	MW-ring-A-n-8	A	8	0
PWN-ring-n-1	N	N	MW-ring-A-n-9	A	9	0
PWN-ring-n-1	N	N	MW-ring-A-n-10	A	1	
PWN-ring-n-1	N	N	MW-ring-A-n-11	A	1	
PWN-ring-n-1	N	N	MW-ring-A-n-12-a	A	1	-a
PWN-ring-n-1	N	N	MW-ring-A-n-12-b	A	1	-b
PWN-ring-n-1	N	N	MW-ring-A-n-13	A	1	
PWN-ring-n-1	N	N	MW-ring-B-n-1	B	1	0
PWN-ring-n-1	Y	Y	MW-ring-B-n-2	B	2	0
PWN-ring-n-1	Y	Y	MW-ring-B-n-3	B	3	0
PWN-ring-n-1	N	N	MW-ring-B-n-4	B	4	0
PWN-ring-n-1	N	N	MW-ring-B-n-5	B	5	0
PWN-ring-n-1	N	N	MW-ring-B-n-6-a	B	6	a
PWN-ring-n-1	N	N	MW-ring-B-n-6-b	B	6	b
PWN-ring-n-2	N	N	MW-ring-A-n-1	A	1	0
PWN-ring-n-2	N	N	MW-ring-A-n-2	A	2	0
PWN-ring-n-2	Y	Y	MW-ring-A-n-3-a	A	3	a
PWN-ring-n-2	N	N	MW-ring-A-n-3-b	A	3	b
PWN-ring-n-2	N	N	MW-ring-A-n-3-c	A	3	c
PWN-ring-n-2	N	N	MW-ring-A-n-4-a-1	A	4	a-1
PWN-ring-n-2	N	N	MW-ring-A-n-4-a-2	A	4	a-2
PWN-ring-n-2	N	N	MW-ring-A-n-4-b	A	4	b
PWN-ring-n-2	N	N	MW-ring-A-n-5	A	5	0
PWN-ring-n-2	N	N	MW-ring-A-n-6	A	6	0
PWN-ring-n-2	N	N	MW-ring-A-n-7-a	A	7	a
PWN-ring-n-2	N	N	MW-ring-A-n-7-b	A	7	b
PWN-ring-n-2	N	N	MW-ring-A-n-8	A	8	0
PWN-ring-n-2	N	N	MW-ring-A-n-9	A	9	0
PWN-ring-n-2	N	N	MW-ring-A-n-10	A	1	
PWN-ring-n-2	N	N	MW-ring-A-n-11	A	1	
PWN-ring-n-2	N	N	MW-ring-A-n-12-a	A	1	-a
PWN-ring-n-2	N	N	MW-ring-A-n-12-b	A	1	-b
PWN-ring-n-2	N	N	MW-ring-A-n-13	A	1	
PWN-ring-n-2	N	N	MW-ring-B-n-1	B	1	0
PWN-ring-n-2	N	N	MW-ring-B-n-2	B	2	0
PWN-ring-n-2	N	N	MW-ring-B-n-3	B	3	0
PWN-ring-n-2	N	N	MW-ring-B-n-4	B	4	0
PWN-ring-n-2	N	N	MW-ring-B-n-5	B	5	0
PWN-ring-n-2	N	N	MW-ring-B-n-6-a	B	6	a
PWN-ring-n-2	N	N	MW-ring-B-n-6-b	B	6	b
PWN-ring-n-3	Y	Y	MW-ring-A-n-1	A	1	0
PWN-ring-n-3	N	N	MW-ring-A-n-2	A	2	0
PWN-ring-n-3	N	N	MW-ring-A-n-3-a	A	3	a
PWN-ring-n-3	N	N	MW-ring-A-n-3-b	A	3	b
PWN-ring-n-3	N	N	MW-ring-A-n-3-c	A	3	c
PWN-ring-n-3	N	N	MW-ring-A-n-4-a-1	A	4	a-1
PWN-ring-n-3	N	N	MW-ring-A-n-4-a-2	A	4	a-2
PWN-ring-n-3	N	N	MW-ring-A-n-4-b	A	4	b
PWN-ring-n-3	N	N	MW-ring-A-n-5	A	5	0
PWN-ring-n-3	N	N	MW-ring-A-n-6	A	6	0
PWN-ring-n-3	N	N	MW-ring-A-n-7-a	A	7	a
PWN-ring-n-3	N	N	MW-ring-A-n-7-b	A	7	b
PWN-ring-n-3	N	N	MW-ring-A-n-8	A	8	0
PWN-ring-n-3	N	N	MW-ring-A-n-9	A	9	0
PWN-ring-n-3	N	N	MW-ring-A-n-10	A	1	
PWN-ring-n-3	N	N	MW-ring-A-n-11	A	1	
PWN-ring-n-3	N	N	MW-ring-A-n-12-a	A	1	-a
PWN-ring-n-3	N	N	MW-ring-A-n-12-b	A	1	-b
PWN-ring-n-3	N	N	MW-ring-A-n-13	A	1	
PWN-ring-n-3	N	N	MW-ring-B-n-1	B	1	0
PWN-ring-n-3	N	N	MW-ring-B-n-2	B	2	0
PWN-ring-n-3	N	N	MW-ring-B-n-3	B	3	0
PWN-ring-n-3	N	N	MW-ring-B-n-4	B	4	0
PWN-ring-n-3	N	N	MW-ring-B-n-5	B	5	0
PWN-ring-n-3	N	N	MW-ring-B-n-6-a	B	6	a
PWN-ring-n-3	N	N	MW-ring-B-n-6-b	B	6	b
PWN-ring-n-4	N	N	MW-ring-A-n-1	A	1	0
PWN-ring-n-4	N	N	MW-ring-A-n-2	A	2	0
PWN-ring-n-4	N	N	MW-ring-A-n-3-a	A	3	a
PWN-ring-n-4	N	N	MW-ring-A-n-3-b	A	3	b
PWN-ring-n-4	N	N	MW-ring-A-n-3-c	A	3	c
PWN-ring-n-4	N	N	MW-ring-A-n-4-a-1	A	4	a-1
PWN-ring-n-4	N	N	MW-ring-A-n-4-a-2	A	4	a-2
PWN-ring-n-4	N	N	MW-ring-A-n-4-b	A	4	b
PWN-ring-n-4	N	N	MW-ring-A-n-5	A	5	0
PWN-ring-n-4	N	N	MW-ring-A-n-6	A	6	0
PWN-ring-n-4	N	N	MW-ring-A-n-7-a	A	7	a
PWN-ring-n-4	N	N	MW-ring-A-n-7-b	A	7	b
PWN-ring-n-4	N	N	MW-ring-A-n-8	A	8	0
PWN-ring-n-4	N	N	MW-ring-A-n-9	A	9	0
PWN-ring-n-4	Y	Y	MW-ring-A-n-10	A	1	
PWN-ring-n-4	N	N	MW-ring-A-n-11	A	1	
PWN-ring-n-4	N	N	MW-ring-A-n-12-a	A	1	-a
PWN-ring-n-4	N	N	MW-ring-A-n-12-b	A	1	-b
PWN-ring-n-4	N	N	MW-ring-A-n-13	A	1	
PWN-ring-n-4	N	N	MW-ring-B-n-1	B	1	0
PWN-ring-n-4	N	N	MW-ring-B-n-2	B	2	0
PWN-ring-n-4	N	N	MW-ring-B-n-3	B	3	0
PWN-ring-n-4	N	N	MW-ring-B-n-4	B	4	0
PWN-ring-n-4	N	N	MW-ring-B-n-5	B	5	0
PWN-ring-n-4	N	N	MW-ring-B-n-6-a	B	6	a
PWN-ring-n-4	N	N	MW-ring-B-n-6-b	B	6	b
PWN-ring-n-5	N	N	MW-ring-A-n-1	A	1	0
PWN-ring-n-5	N	N	MW-ring-A-n-2	A	2	0
PWN-ring-n-5	N	N	MW-ring-A-n-3-a	A	3	a
PWN-ring-n-5	N	N	MW-ring-A-n-3-b	A	3	b
PWN-ring-n-5	N	N	MW-ring-A-n-3-c	A	3	c
PWN-ring-n-5	N	N	MW-ring-A-n-4-a-1	A	4	a-1
PWN-ring-n-5	N	N	MW-ring-A-n-4-a-2	A	4	a-2
PWN-ring-n-5	N	N	MW-ring-A-n-4-b	A	4	b
PWN-ring-n-5	N	N	MW-ring-A-n-5	A	5	0
PWN-ring-n-5	N	N	MW-ring-A-n-6	A	6	0
PWN-ring-n-5	Y	Y	MW-ring-A-n-7-a	A	7	a
PWN-ring-n-5	Y	Y	MW-ring-A-n-7-b	A	7	b
PWN-ring-n-5	N	N	MW-ring-A-n-8	A	8	0
PWN-ring-n-5	N	N	MW-ring-A-n-9	A	9	0
PWN-ring-n-5	N	N	MW-ring-A-n-10	A	1	
PWN-ring-n-5	N	N	MW-ring-A-n-11	A	1	
PWN-ring-n-5	N	N	MW-ring-A-n-12-a	A	1	-a
PWN-ring-n-5	N	N	MW-ring-A-n-12-b	A	1	-b
PWN-ring-n-5	N	N	MW-ring-A-n-13	A	1	
PWN-ring-n-5	N	N	MW-ring-B-n-1	B	1	0
PWN-ring-n-5	N	N	MW-ring-B-n-2	B	2	0
PWN-ring-n-5	N	N	MW-ring-B-n-3	B	3	0
PWN-ring-n-5	N	N	MW-ring-B-n-4	B	4	0
PWN-ring-n-5	N	N	MW-ring-B-n-5	B	5	0
PWN-ring-n-5	N	N	MW-ring-B-n-6-a	B	6	a
PWN-ring-n-5	N	N	MW-ring-B-n-6-b	B	6	b
PWN-ring-n-6	N	N	MW-ring-A-n-1	A	1	0
PWN-ring-n-6	N	N	MW-ring-A-n-2	A	2	0
PWN-ring-n-6	N	N	MW-ring-A-n-3-a	A	3	a
PWN-ring-n-6	N	N	MW-ring-A-n-3-b	A	3	b
PWN-ring-n-6	N	N	MW-ring-A-n-3-c	A	3	c
PWN-ring-n-6	N	N	MW-ring-A-n-4-a-1	A	4	a-1
PWN-ring-n-6	N	N	MW-ring-A-n-4-a-2	A	4	a-2
PWN-ring-n-6	N	N	MW-ring-A-n-4-b	A	4	b
PWN-ring-n-6	N	N	MW-ring-A-n-5	A	5	0
PWN-ring-n-6	N	N	MW-ring-A-n-6	A	6	0
PWN-ring-n-6	N	N	MW-ring-A-n-7-a	A	7	a
PWN-ring-n-6	N	N	MW-ring-A-n-7-b	A	7	b
PWN-ring-n-6	N	N	MW-ring-A-n-8	A	8	0
PWN-ring-n-6	N	N	MW-ring-A-n-9	A	9	0
PWN-ring-n-6	N	N	MW-ring-A-n-10	A	1	
PWN-ring-n-6	N	N	MW-ring-A-n-11	A	1	
PWN-ring-n-6	N	N	MW-ring-A-n-12-a	A	1	-a
PWN-ring-n-6	N	N	MW-ring-A-n-12-b	A	1	-b
PWN-ring-n-6	N	N	MW-ring-A-n-13	A	1	
PWN-ring-n-6	N	N	MW-ring-B-n-1	B	1	0
PWN-ring-n-6	Y	Y	MW-ring-B-n-2	B	2	0
PWN-ring-n-6	N	N	MW-ring-B-n-3	B	3	0
PWN-ring-n-6	N	N	MW-ring-B-n-4	B	4	0
PWN-ring-n-6	N	N	MW-ring-B-n-5	B	5	0
PWN-ring-n-6	N	N	MW-ring-B-n-6-a	B	6	a
PWN-ring-n-6	N	N	MW-ring-B-n-6-b	B	6	b
PWN-ring-n-7	N	N	MW-ring-A-n-1	A	1	0
PWN-ring-n-7	N	N	MW-ring-A-n-2	A	2	0
PWN-ring-n-7	N	N	MW-ring-A-n-3-a	A	3	a
PWN-ring-n-7	N	N	MW-ring-A-n-3-b	A	3	b
PWN-ring-n-7	N	N	MW-ring-A-n-3-c	A	3	c
PWN-ring-n-7	N	N	MW-ring-A-n-4-a-1	A	4	a-1
PWN-ring-n-7	N	N	MW-ring-A-n-4-a-2	A	4	a-2
PWN-ring-n-7	Y	Y	MW-ring-A-n-4-b	A	4	b
PWN-ring-n-7	N	N	MW-ring-A-n-5	A	5	0
PWN-ring-n-7	N	N	MW-ring-A-n-6	A	6	0
PWN-ring-n-7	N	N	MW-ring-A-n-7-a	A	7	a
PWN-ring-n-7	N	N	MW-ring-A-n-7-b	A	7	b
PWN-ring-n-7	N	N	MW-ring-A-n-8	A	8	0
PWN-ring-n-7	N	N	MW-ring-A-n-9	A	9	0
PWN-ring-n-7	N	N	MW-ring-A-n-10	A	1	
PWN-ring-n-7	N	N	MW-ring-A-n-11	A	1	
PWN-ring-n-7	N	N	MW-ring-A-n-12-a	A	1	-a
PWN-ring-n-7	N	N	MW-ring-A-n-12-b	A	1	-b
PWN-ring-n-7	N	N	MW-ring-A-n-13	A	1	
PWN-ring-n-7	N	N	MW-ring-B-n-1	B	1	0
PWN-ring-n-7	N	N	MW-ring-B-n-2	B	2	0
PWN-ring-n-7	N	N	MW-ring-B-n-3	B	3	0
PWN-ring-n-7	N	N	MW-ring-B-n-4	B	4	0
PWN-ring-n-7	N	N	MW-ring-B-n-5	B	5	0
PWN-ring-n-7	N	N	MW-ring-B-n-6-a	B	6	a
PWN-ring-n-7	N	N	MW-ring-B-n-6-b	B	6	b
PWN-ring-n-8	N	N	MW-ring-A-n-1	A	1	0
PWN-ring-n-8	Y	Y	MW-ring-A-n-2	A	2	0
PWN-ring-n-8	N	N	MW-ring-A-n-3-a	A	3	a
PWN-ring-n-8	N	N	MW-ring-A-n-3-b	A	3	b
PWN-ring-n-8	N	N	MW-ring-A-n-3-c	A	3	c
PWN-ring-n-8	N	N	MW-ring-A-n-4-a-1	A	4	a-1
PWN-ring-n-8	N	N	MW-ring-A-n-4-a-2	A	4	a-2
PWN-ring-n-8	N	N	MW-ring-A-n-4-b	A	4	b
PWN-ring-n-8	N	N	MW-ring-A-n-5	A	5	0
PWN-ring-n-8	N	N	MW-ring-A-n-6	A	6	0
PWN-ring-n-8	N	N	MW-ring-A-n-7-a	A	7	a
PWN-ring-n-8	N	N	MW-ring-A-n-7-b	A	7	b
PWN-ring-n-8	N	N	MW-ring-A-n-8	A	8	0
PWN-ring-n-8	N	N	MW-ring-A-n-9	A	9	0
PWN-ring-n-8	N	N	MW-ring-A-n-10	A	1	
PWN-ring-n-8	N	N	MW-ring-A-n-11	A	1	
PWN-ring-n-8	N	N	MW-ring-A-n-12-a	A	1	-a
PWN-ring-n-8	N	N	MW-ring-A-n-12-b	A	1	-b
PWN-ring-n-8	N	N	MW-ring-A-n-13	A	1	
PWN-ring-n-8	N	N	MW-ring-B-n-1	B	1	0
PWN-ring-n-8	N	N	MW-ring-B-n-2	B	2	0
PWN-ring-n-8	N	N	MW-ring-B-n-3	B	3	0
PWN-ring-n-8	N	N	MW-ring-B-n-4	B	4	0
PWN-ring-n-8	N	N	MW-ring-B-n-5	B	5	0
PWN-ring-n-8	N	N	MW-ring-B-n-6-a	B	6	a
PWN-ring-n-8	N	N	MW-ring-B-n-6-b	B	6	b
PWN-ring-n-9	N	N	MW-ring-A-n-1	A	1	0
PWN-ring-n-9	N	N	MW-ring-A-n-2	A	2	0
PWN-ring-n-9	N	N	MW-ring-A-n-3-a	A	3	a
PWN-ring-n-9	N	N	MW-ring-A-n-3-b	A	3	b
PWN-ring-n-9	N	N	MW-ring-A-n-3-c	A	3	c
PWN-ring-n-9	N	N	MW-ring-A-n-4-a-1	A	4	a-1
PWN-ring-n-9	N	N	MW-ring-A-n-4-a-2	A	4	a-2
PWN-ring-n-9	N	N	MW-ring-A-n-4-b	A	4	b
PWN-ring-n-9	N	N	MW-ring-A-n-5	A	5	0
PWN-ring-n-9	N	N	MW-ring-A-n-6	A	6	0
PWN-ring-n-9	N	N	MW-ring-A-n-7-a	A	7	a
PWN-ring-n-9	N	N	MW-ring-A-n-7-b	A	7	b
PWN-ring-n-9	N	N	MW-ring-A-n-8	A	8	0
PWN-ring-n-9	N	N	MW-ring-A-n-9	A	9	0
PWN-ring-n-9	N	N	MW-ring-A-n-10	A	1	
PWN-ring-n-9	N	N	MW-ring-A-n-11	A	1	
PWN-ring-n-9	N	N	MW-ring-A-n-12-a	A	1	-a
PWN-ring-n-9	N	N	MW-ring-A-n-12-b	A	1	-b
PWN-ring-n-9	N	N	MW-ring-A-n-13	A	1	
PWN-ring-n-9	N	N	MW-ring-B-n-1	B	1	0
PWN-ring-n-9	N	N	MW-ring-B-n-2	B	2	0
PWN-ring-n-9	N	N	MW-ring-B-n-3	B	3	0
PWN-ring-n-9	N	N	MW-ring-B-n-4	B	4	0
PWN-ring-n-9	N	N	MW-ring-B-n-5	B	5	0
PWN-ring-n-9	N	N	MW-ring-B-n-6-a	B	6	a
PWN-ring-n-9	N	N	MW-ring-B-n-6-b	B	6	b
PWN-rock-n-1	N	N	MW-rock-A-n-1	A	1	0
PWN-rock-n-1	N	N	MW-rock-A-n-2	A	2	0
PWN-rock-n-1	Y	Y	MW-rock-B-n-1	B	1	0
PWN-rock-n-1	Y	Y	MW-rock-B-n-2	B	2	0
PWN-rock-n-1	Y	Y	MW-rock-B-n-3	B	3	0
PWN-rock-n-1	N	N	MW-rock-B-n-4-a	B	4	a
PWN-rock-n-1	N	N	MW-rock-B-n-4-a-1	B	4	a-1
PWN-rock-n-1	N	N	MW-rock-B-n-4-a-2	B	4	a-2
PWN-rock-n-1	N	N	MW-rock-B-n-4-b	B	4	b
PWN-rock-n-1	N	N	MW-rock-B-n-5-a	B	5	a
PWN-rock-n-1	N	N	MW-rock-B-n-5-b	B	5	b
PWN-rock-n-1	N	N	MW-rock-B-n-6-a	B	6	a
PWN-rock-n-1	N	N	MW-rock-B-n-6-b	B	6	b
PWN-rock-n-1	N	N	MW-rock-B-n-7-a	B	7	a
PWN-rock-n-1	N	N	MW-rock-B-n-7-b	B	7	b
PWN-rock-n-1	N	N	MW-rock-B-n-8	B	8	0
PWN-rock-n-1	N	N	MW-rock-C-n-1	C	1	0
PWN-rock-n-1	N	N	MW-rock-C-n-2	C	2	0
PWN-rock-n-2	N	N	MW-rock-A-n-1	A	1	0
PWN-rock-n-2	N	N	MW-rock-A-n-2	A	2	0
PWN-rock-n-2	N	N	MW-rock-B-n-1	B	1	0
PWN-rock-n-2	N	N	MW-rock-B-n-2	B	2	0
PWN-rock-n-2	Y	Y	MW-rock-B-n-3	B	3	0
PWN-rock-n-2	N	N	MW-rock-B-n-4-a	B	4	a
PWN-rock-n-2	N	N	MW-rock-B-n-4-a-1	B	4	a-1
PWN-rock-n-2	N	N	MW-rock-B-n-4-a-2	B	4	a-2
PWN-rock-n-2	N	N	MW-rock-B-n-4-b	B	4	b
PWN-rock-n-2	N	N	MW-rock-B-n-5-a	B	5	a
PWN-rock-n-2	N	N	MW-rock-B-n-5-b	B	5	b
PWN-rock-n-2	N	N	MW-rock-B-n-6-a	B	6	a
PWN-rock-n-2	N	N	MW-rock-B-n-6-b	B	6	b
PWN-rock-n-2	N	N	MW-rock-B-n-7-a	B	7	a
PWN-rock-n-2	N	N	MW-rock-B-n-7-b	B	7	b
PWN-rock-n-2	N	N	MW-rock-B-n-8	B	8	0
PWN-rock-n-2	N	N	MW-rock-C-n-1	C	1	0
PWN-rock-n-2	N	N	MW-rock-C-n-2	C	2	0
PWN-rock-n-4	N	N	MW-rock-A-n-1	A	1	0
PWN-rock-n-4	N	N	MW-rock-A-n-2	A	2	0
PWN-rock-n-4	N	N	MW-rock-B-n-1	B	1	0
PWN-rock-n-4	N	N	MW-rock-B-n-2	B	2	0
PWN-rock-n-4	N	N	MW-rock-B-n-3	B	3	0
PWN-rock-n-4	N	N	MW-rock-B-n-4-a	B	4	a
PWN-rock-n-4	Y	Y	MW-rock-B-n-4-a-1	B	4	a-1
PWN-rock-n-4	N	N	MW-rock-B-n-4-a-2	B	4	a-2
PWN-rock-n-4	N	N	MW-rock-B-n-4-b	B	4	b
PWN-rock-n-4	N	N	MW-rock-B-n-5-a	B	5	a
PWN-rock-n-4	N	N	MW-rock-B-n-5-b	B	5	b
PWN-rock-n-4	N	N	MW-rock-B-n-6-a	B	6	a
PWN-rock-n-4	N	N	MW-rock-B-n-6-b	B	6	b
PWN-rock-n-4	N	N	MW-rock-B-n-7-a	B	7	a
PWN-rock-n-4	N	N	MW-rock-B-n-7-b	B	7	b
PWN-rock-n-4	N	N	MW-rock-B-n-8	B	8	0
PWN-rock-n-4	N	N	MW-rock-C-n-1	C	1	0
PWN-rock-n-4	N	N	MW-rock-C-n-2	C	2	0
PWN-rock-n-5	N	N	MW-rock-A-n-1	A	1	0
PWN-rock-n-5	N	N	MW-rock-A-n-2	A	2	0
PWN-rock-n-5	N	N	MW-rock-B-n-1	B	1	0
PWN-rock-n-5	N	N	MW-rock-B-n-2	B	2	0
PWN-rock-n-5	N	N	MW-rock-B-n-3	B	3	0
PWN-rock-n-5	N	N	MW-rock-B-n-4-a	B	4	a
PWN-rock-n-5	N	N	MW-rock-B-n-4-a-1	B	4	a-1
PWN-rock-n-5	N	N	MW-rock-B-n-4-a-2	B	4	a-2
PWN-rock-n-5	N	N	MW-rock-B-n-4-b	B	4	b
PWN-rock-n-5	Y	Y	MW-rock-B-n-5-a	B	5	a
PWN-rock-n-5	Y	Y	MW-rock-B-n-5-b	B	5	b
PWN-rock-n-5	N	N	MW-rock-B-n-6-a	B	6	a
PWN-rock-n-5	N	N	MW-rock-B-n-6-b	B	6	b
PWN-rock-n-5	N	N	MW-rock-B-n-7-a	B	7	a
PWN-rock-n-5	N	N	MW-rock-B-n-7-b	B	7	b
PWN-rock-n-5	N	N	MW-rock-B-n-8	B	8	0
PWN-rock-n-5	N	N	MW-rock-C-n-1	C	1	0
PWN-rock-n-5	N	N	MW-rock-C-n-2	C	2	0
PWN-rock-n-6	N	N	MW-rock-A-n-1	A	1	0
PWN-rock-n-6	Y	Y	MW-rock-A-n-2	A	2	0
PWN-rock-n-6	N	N	MW-rock-B-n-1	B	1	0
PWN-rock-n-6	N	N	MW-rock-B-n-2	B	2	0
PWN-rock-n-6	N	N	MW-rock-B-n-3	B	3	0
PWN-rock-n-6	N	N	MW-rock-B-n-4-a	B	4	a
PWN-rock-n-6	N	N	MW-rock-B-n-4-a-1	B	4	a-1
PWN-rock-n-6	N	N	MW-rock-B-n-4-a-2	B	4	a-2
PWN-rock-n-6	N	N	MW-rock-B-n-4-b	B	4	b
PWN-rock-n-6	N	N	MW-rock-B-n-5-a	B	5	a
PWN-rock-n-6	N	N	MW-rock-B-n-5-b	B	5	b
PWN-rock-n-6	N	N	MW-rock-B-n-6-a	B	6	a
PWN-rock-n-6	N	N	MW-rock-B-n-6-b	B	6	b
PWN-rock-n-6	N	N	MW-rock-B-n-7-a	B	7	a
PWN-rock-n-6	N	N	MW-rock-B-n-7-b	B	7	b
PWN-rock-n-6	N	N	MW-rock-B-n-8	B	8	0
PWN-rock-n-6	N	N	MW-rock-C-n-1	C	1	0
PWN-rock-n-6	N	N	MW-rock-C-n-2	C	2	0
PWN-rock-n-7	Y	Y	MW-rock-A-n-1	A	1	0
PWN-rock-n-7	N	N	MW-rock-A-n-2	A	2	0
PWN-rock-n-7	N	N	MW-rock-B-n-1	B	1	0
PWN-rock-n-7	N	N	MW-rock-B-n-2	B	2	0
PWN-rock-n-7	N	N	MW-rock-B-n-3	B	3	0
PWN-rock-n-7	N	N	MW-rock-B-n-4-a	B	4	a
PWN-rock-n-7	N	N	MW-rock-B-n-4-a-1	B	4	a-1
PWN-rock-n-7	N	N	MW-rock-B-n-4-a-2	B	4	a-2
PWN-rock-n-7	N	N	MW-rock-B-n-4-b	B	4	b
PWN-rock-n-7	N	N	MW-rock-B-n-5-a	B	5	a
PWN-rock-n-7	N	N	MW-rock-B-n-5-b	B	5	b
PWN-rock-n-7	N	N	MW-rock-B-n-6-a	B	6	a
PWN-rock-n-7	N	N	MW-rock-B-n-6-b	B	6	b
PWN-rock-n-7	N	N	MW-rock-B-n-7-a	B	7	a
PWN-rock-n-7	N	N	MW-rock-B-n-7-b	B	7	b
PWN-rock-n-7	N	N	MW-rock-B-n-8	B	8	0
PWN-rock-n-7	N	N	MW-rock-C-n-1	C	1	0
PWN-rock-n-7	N	N	MW-rock-C-n-2	C	2	0
PWN-rose-n-1	Y	Y	MW-rose-A-n-1-a	A	1	a
PWN-rose-n-1	N	N	MW-rose-A-n-1-b	A	1	b
PWN-rose-n-1	N	N	MW-rose-A-n-2	A	2	0
PWN-rose-n-1	N	N	MW-rose-A-n-2-a-1	A	2	a-1
PWN-rose-n-1	N	N	MW-rose-A-n-2-a-2	A	2	a-2
PWN-rose-n-1	N	N	MW-rose-A-n-2-b	A	2	b
PWN-rose-n-1	N	N	MW-rose-A-n-2-c	A	2	c
PWN-rose-n-1	N	N	MW-rose-A-n-3	A	3	0
PWN-rose-n-1	N	N	MW-rose-A-n-4	A	4	0
PWN-rose-n-1	N	N	MW-rose-A-n-5	A	5	0
PWN-rose-n-1	N	N	MW-rose-B-n-1	B	1	0
PWN-rose-n-2	N	N	MW-rose-A-n-1-a	A	1	a
PWN-rose-n-2	N	N	MW-rose-A-n-1-b	A	1	b
PWN-rose-n-2	N	N	MW-rose-A-n-2	A	2	0
PWN-rose-n-2	N	N	MW-rose-A-n-2-a-1	A	2	a-1
PWN-rose-n-2	N	N	MW-rose-A-n-2-a-2	A	2	a-2
PWN-rose-n-2	N	N	MW-rose-A-n-2-b	A	2	b
PWN-rose-n-2	N	N	MW-rose-A-n-2-c	A	2	c
PWN-rose-n-2	N	N	MW-rose-A-n-3	A	3	0
PWN-rose-n-2	N	N	MW-rose-A-n-4	A	4	0
PWN-rose-n-2	N	N	MW-rose-A-n-5	A	5	0
PWN-rose-n-2	Y	Y	MW-rose-B-n-1	B	1	0
PWN-rose-n-3	N	N	MW-rose-A-n-1-a	A	1	a
PWN-rose-n-3	N	N	MW-rose-A-n-1-b	A	1	b
PWN-rose-n-3	N	N	MW-rose-A-n-2	A	2	0
PWN-rose-n-3	N	N	MW-rose-A-n-2-a-1	A	2	a-1
PWN-rose-n-3	N	N	MW-rose-A-n-2-a-2	A	2	a-2
PWN-rose-n-3	N	N	MW-rose-A-n-2-b	A	2	b
PWN-rose-n-3	N	N	MW-rose-A-n-2-c	A	2	c
PWN-rose-n-3	N	N	MW-rose-A-n-3	A	3	0
PWN-rose-n-3	Y	Y	MW-rose-A-n-4	A	4	0
PWN-rose-n-3	N	N	MW-rose-A-n-5	A	5	0
PWN-rose-n-3	N	N	MW-rose-B-n-1	B	1	0
PWN-saw-n-1	N	N	MW-saw-A-n-1	A	1	0
PWN-saw-n-1	Y	Y	MW-saw-B-n-1	B	1	0
PWN-saw-n-2	Y	Y	MW-saw-A-n-1	A	1	0
PWN-saw-n-2	N	N	MW-saw-B-n-1	B	1	0
PWN-saw-n-3	Y	Y	MW-saw-A-n-1	A	1	0
PWN-saw-n-3	N	N	MW-saw-B-n-1	B	1	0
PWN-scale-n-1	N	N	MW-scale-A-n-1	A	1	0
PWN-scale-n-1	N	N	MW-scale-A-n-2-a	A	2	a
PWN-scale-n-1	N	N	MW-scale-A-n-2-b	A	2	b
PWN-scale-n-1	N	N	MW-scale-B-n-1-a	B	1	a
PWN-scale-n-1	N	N	MW-scale-B-n-1-b	B	1	b
PWN-scale-n-1	N	N	MW-scale-B-n-1-c	B	1	c
PWN-scale-n-1	N	N	MW-scale-B-n-2	B	2	0
PWN-scale-n-1	N	N	MW-scale-B-n-3	B	3	0
PWN-scale-n-1	N	N	MW-scale-B-n-3-a	B	3	a
PWN-scale-n-1	N	N	MW-scale-B-n-3-b	B	3	b
PWN-scale-n-1	N	N	MW-scale-B-n-4-a	B	4	a
PWN-scale-n-1	N	N	MW-scale-B-n-4-b	B	4	b
PWN-scale-n-1	N	N	MW-scale-B-n-5-a	B	5	a
PWN-scale-n-1	N	N	MW-scale-B-n-5-b	B	5	b
PWN-scale-n-1	N	N	MW-scale-B-n-6-a	B	6	a
PWN-scale-n-1	N	N	MW-scale-B-n-6-b	B	6	b
PWN-scale-n-1	N	N	MW-scale-C-n-1	C	1	0
PWN-scale-n-1	N	N	MW-scale-C-n-2	C	2	0
PWN-scale-n-1	N	N	MW-scale-C-n-2-a	C	2	a
PWN-scale-n-1	N	N	MW-scale-C-n-2-b	C	2	b
PWN-scale-n-1	N	N	MW-scale-C-n-2-c	C	2	c
PWN-scale-n-1	Y	Y	MW-scale-C-n-3-a	C	3	a
PWN-scale-n-1	N	N	MW-scale-C-n-3-b	C	3	b
PWN-scale-n-1	N	N	MW-scale-C-n-4-a	C	4	a
PWN-scale-n-1	N	N	MW-scale-C-n-4-b	C	4	b
PWN-scale-n-1	Y	Y	MW-scale-C-n-5	C	5	0
PWN-scale-n-1	N	N	MW-scale-C-n-6-a	C	6	a
PWN-scale-n-1	N	N	MW-scale-C-n-6-b	C	6	b
PWN-scale-n-1	N	N	MW-scale-D-n-1	D	1	0
PWN-scale-n-1	N	N	MW-scale-D-n-2	D	2	0
PWN-scale-n-2	N	N	MW-scale-A-n-1	A	1	0
PWN-scale-n-2	N	N	MW-scale-A-n-2-a	A	2	a
PWN-scale-n-2	N	N	MW-scale-A-n-2-b	A	2	b
PWN-scale-n-2	N	N	MW-scale-B-n-1-a	B	1	a
PWN-scale-n-2	N	N	MW-scale-B-n-1-b	B	1	b
PWN-scale-n-2	N	N	MW-scale-B-n-1-c	B	1	c
PWN-scale-n-2	N	N	MW-scale-B-n-2	B	2	0
PWN-scale-n-2	N	N	MW-scale-B-n-3	B	3	0
PWN-scale-n-2	N	N	MW-scale-B-n-3-a	B	3	a
PWN-scale-n-2	N	N	MW-scale-B-n-3-b	B	3	b
PWN-scale-n-2	N	N	MW-scale-B-n-4-a	B	4	a
PWN-scale-n-2	N	N	MW-scale-B-n-4-b	B	4	b
PWN-scale-n-2	N	N	MW-scale-B-n-5-a	B	5	a
PWN-scale-n-2	N	N	MW-scale-B-n-5-b	B	5	b
PWN-scale-n-2	N	N	MW-scale-B-n-6-a	B	6	a
PWN-scale-n-2	N	N	MW-scale-B-n-6-b	B	6	b
PWN-scale-n-2	N	N	MW-scale-C-n-1	C	1	0
PWN-scale-n-2	N	N	MW-scale-C-n-2	C	2	0
PWN-scale-n-2	N	N	MW-scale-C-n-2-a	C	2	a
PWN-scale-n-2	N	N	MW-scale-C-n-2-b	C	2	b
PWN-scale-n-2	N	N	MW-scale-C-n-2-c	C	2	c
PWN-scale-n-2	N	N	MW-scale-C-n-3-a	C	3	a
PWN-scale-n-2	N	N	MW-scale-C-n-3-b	C	3	b
PWN-scale-n-2	N	N	MW-scale-C-n-4-a	C	4	a
PWN-scale-n-2	Y	Y	MW-scale-C-n-4-b	C	4	b
PWN-scale-n-2	N	N	MW-scale-C-n-5	C	5	0
PWN-scale-n-2	N	N	MW-scale-C-n-6-a	C	6	a
PWN-scale-n-2	N	N	MW-scale-C-n-6-b	C	6	b
PWN-scale-n-2	N	N	MW-scale-D-n-1	D	1	0
PWN-scale-n-2	N	N	MW-scale-D-n-2	D	2	0
PWN-scale-n-3	N	N	MW-scale-A-n-1	A	1	0
PWN-scale-n-3	N	N	MW-scale-A-n-2-a	A	2	a
PWN-scale-n-3	N	N	MW-scale-A-n-2-b	A	2	b
PWN-scale-n-3	N	N	MW-scale-B-n-1-a	B	1	a
PWN-scale-n-3	N	N	MW-scale-B-n-1-b	B	1	b
PWN-scale-n-3	N	N	MW-scale-B-n-1-c	B	1	c
PWN-scale-n-3	N	N	MW-scale-B-n-2	B	2	0
PWN-scale-n-3	N	N	MW-scale-B-n-3	B	3	0
PWN-scale-n-3	N	N	MW-scale-B-n-3-a	B	3	a
PWN-scale-n-3	N	N	MW-scale-B-n-3-b	B	3	b
PWN-scale-n-3	N	N	MW-scale-B-n-4-a	B	4	a
PWN-scale-n-3	N	N	MW-scale-B-n-4-b	B	4	b
PWN-scale-n-3	N	N	MW-scale-B-n-5-a	B	5	a
PWN-scale-n-3	N	N	MW-scale-B-n-5-b	B	5	b
PWN-scale-n-3	N	N	MW-scale-B-n-6-a	B	6	a
PWN-scale-n-3	N	N	MW-scale-B-n-6-b	B	6	b
PWN-scale-n-3	N	N	MW-scale-C-n-1	C	1	0
PWN-scale-n-3	N	N	MW-scale-C-n-2	C	2	0
PWN-scale-n-3	Y	Y	MW-scale-C-n-2-a	C	2	a
PWN-scale-n-3	N	N	MW-scale-C-n-2-b	C	2	b
PWN-scale-n-3	N	N	MW-scale-C-n-2-c	C	2	c
PWN-scale-n-3	N	N	MW-scale-C-n-3-a	C	3	a
PWN-scale-n-3	N	N	MW-scale-C-n-3-b	C	3	b
PWN-scale-n-3	Y	Y	MW-scale-C-n-4-a	C	4	a
PWN-scale-n-3	N	N	MW-scale-C-n-4-b	C	4	b
PWN-scale-n-3	N	N	MW-scale-C-n-5	C	5	0
PWN-scale-n-3	N	N	MW-scale-C-n-6-a	C	6	a
PWN-scale-n-3	N	N	MW-scale-C-n-6-b	C	6	b
PWN-scale-n-3	N	N	MW-scale-D-n-1	D	1	0
PWN-scale-n-3	N	N	MW-scale-D-n-2	D	2	0
PWN-scale-n-4	N	N	MW-scale-A-n-1	A	1	0
PWN-scale-n-4	N	N	MW-scale-A-n-2-a	A	2	a
PWN-scale-n-4	N	N	MW-scale-A-n-2-b	A	2	b
PWN-scale-n-4	N	N	MW-scale-B-n-1-a	B	1	a
PWN-scale-n-4	N	N	MW-scale-B-n-1-b	B	1	b
PWN-scale-n-4	N	N	MW-scale-B-n-1-c	B	1	c
PWN-scale-n-4	N	N	MW-scale-B-n-2	B	2	0
PWN-scale-n-4	N	N	MW-scale-B-n-3	B	3	0
PWN-scale-n-4	N	N	MW-scale-B-n-3-a	B	3	a
PWN-scale-n-4	N	N	MW-scale-B-n-3-b	B	3	b
PWN-scale-n-4	Y	Y	MW-scale-B-n-4-a	B	4	a
PWN-scale-n-4	N	N	MW-scale-B-n-4-b	B	4	b
PWN-scale-n-4	N	N	MW-scale-B-n-5-a	B	5	a
PWN-scale-n-4	N	N	MW-scale-B-n-5-b	B	5	b
PWN-scale-n-4	N	N	MW-scale-B-n-6-a	B	6	a
PWN-scale-n-4	N	N	MW-scale-B-n-6-b	B	6	b
PWN-scale-n-4	N	N	MW-scale-C-n-1	C	1	0
PWN-scale-n-4	N	N	MW-scale-C-n-2	C	2	0
PWN-scale-n-4	N	N	MW-scale-C-n-2-a	C	2	a
PWN-scale-n-4	N	N	MW-scale-C-n-2-b	C	2	b
PWN-scale-n-4	N	N	MW-scale-C-n-2-c	C	2	c
PWN-scale-n-4	N	N	MW-scale-C-n-3-a	C	3	a
PWN-scale-n-4	N	N	MW-scale-C-n-3-b	C	3	b
PWN-scale-n-4	N	N	MW-scale-C-n-4-a	C	4	a
PWN-scale-n-4	N	N	MW-scale-C-n-4-b	C	4	b
PWN-scale-n-4	N	N	MW-scale-C-n-5	C	5	0
PWN-scale-n-4	N	N	MW-scale-C-n-6-a	C	6	a
PWN-scale-n-4	N	N	MW-scale-C-n-6-b	C	6	b
PWN-scale-n-4	N	N	MW-scale-D-n-1	D	1	0
PWN-scale-n-4	N	N	MW-scale-D-n-2	D	2	0
PWN-scale-n-5	N	N	MW-scale-A-n-1	A	1	0
PWN-scale-n-5	N	N	MW-scale-A-n-2-a	A	2	a
PWN-scale-n-5	N	N	MW-scale-A-n-2-b	A	2	b
PWN-scale-n-5	N	N	MW-scale-B-n-1-a	B	1	a
PWN-scale-n-5	N	N	MW-scale-B-n-1-b	B	1	b
PWN-scale-n-5	N	N	MW-scale-B-n-1-c	B	1	c
PWN-scale-n-5	Y	Y	MW-scale-B-n-2	B	2	0
PWN-scale-n-5	N	N	MW-scale-B-n-3	B	3	0
PWN-scale-n-5	N	N	MW-scale-B-n-3-a	B	3	a
PWN-scale-n-5	N	N	MW-scale-B-n-3-b	B	3	b
PWN-scale-n-5	N	N	MW-scale-B-n-4-a	B	4	a
PWN-scale-n-5	N	N	MW-scale-B-n-4-b	B	4	b
PWN-scale-n-5	N	N	MW-scale-B-n-5-a	B	5	a
PWN-scale-n-5	N	N	MW-scale-B-n-5-b	B	5	b
PWN-scale-n-5	N	N	MW-scale-B-n-6-a	B	6	a
PWN-scale-n-5	N	N	MW-scale-B-n-6-b	B	6	b
PWN-scale-n-5	N	N	MW-scale-C-n-1	C	1	0
PWN-scale-n-5	N	N	MW-scale-C-n-2	C	2	0
PWN-scale-n-5	N	N	MW-scale-C-n-2-a	C	2	a
PWN-scale-n-5	N	N	MW-scale-C-n-2-b	C	2	b
PWN-scale-n-5	N	N	MW-scale-C-n-2-c	C	2	c
PWN-scale-n-5	N	N	MW-scale-C-n-3-a	C	3	a
PWN-scale-n-5	N	N	MW-scale-C-n-3-b	C	3	b
PWN-scale-n-5	N	N	MW-scale-C-n-4-a	C	4	a
PWN-scale-n-5	N	N	MW-scale-C-n-4-b	C	4	b
PWN-scale-n-5	N	N	MW-scale-C-n-5	C	5	0
PWN-scale-n-5	N	N	MW-scale-C-n-6-a	C	6	a
PWN-scale-n-5	N	N	MW-scale-C-n-6-b	C	6	b
PWN-scale-n-5	N	N	MW-scale-D-n-1	D	1	0
PWN-scale-n-5	N	N	MW-scale-D-n-2	D	2	0
PWN-scale-n-6	N	N	MW-scale-A-n-1	A	1	0
PWN-scale-n-6	N	N	MW-scale-A-n-2-a	A	2	a
PWN-scale-n-6	N	N	MW-scale-A-n-2-b	A	2	b
PWN-scale-n-6	N	N	MW-scale-B-n-1-a	B	1	a
PWN-scale-n-6	N	N	MW-scale-B-n-1-b	B	1	b
PWN-scale-n-6	N	N	MW-scale-B-n-1-c	B	1	c
PWN-scale-n-6	N	N	MW-scale-B-n-2	B	2	0
PWN-scale-n-6	N	N	MW-scale-B-n-3	B	3	0
PWN-scale-n-6	N	N	MW-scale-B-n-3-a	B	3	a
PWN-scale-n-6	N	N	MW-scale-B-n-3-b	B	3	b
PWN-scale-n-6	N	N	MW-scale-B-n-4-a	B	4	a
PWN-scale-n-6	N	N	MW-scale-B-n-4-b	B	4	b
PWN-scale-n-6	N	N	MW-scale-B-n-5-a	B	5	a
PWN-scale-n-6	N	N	MW-scale-B-n-5-b	B	5	b
PWN-scale-n-6	N	N	MW-scale-B-n-6-a	B	6	a
PWN-scale-n-6	N	N	MW-scale-B-n-6-b	B	6	b
PWN-scale-n-6	Y	Y	MW-scale-C-n-1	C	1	0
PWN-scale-n-6	N	N	MW-scale-C-n-2	C	2	0
PWN-scale-n-6	N	N	MW-scale-C-n-2-a	C	2	a
PWN-scale-n-6	N	N	MW-scale-C-n-2-b	C	2	b
PWN-scale-n-6	N	N	MW-scale-C-n-2-c	C	2	c
PWN-scale-n-6	N	N	MW-scale-C-n-3-a	C	3	a
PWN-scale-n-6	N	N	MW-scale-C-n-3-b	C	3	b
PWN-scale-n-6	N	N	MW-scale-C-n-4-a	C	4	a
PWN-scale-n-6	N	N	MW-scale-C-n-4-b	C	4	b
PWN-scale-n-6	N	N	MW-scale-C-n-5	C	5	0
PWN-scale-n-6	N	N	MW-scale-C-n-6-a	C	6	a
PWN-scale-n-6	N	N	MW-scale-C-n-6-b	C	6	b
PWN-scale-n-6	N	N	MW-scale-D-n-1	D	1	0
PWN-scale-n-6	N	N	MW-scale-D-n-2	D	2	0
PWN-scale-n-7	Y	Y	MW-scale-A-n-1	A	1	0
PWN-scale-n-7	N	N	MW-scale-A-n-2-a	A	2	a
PWN-scale-n-7	N	N	MW-scale-A-n-2-b	A	2	b
PWN-scale-n-7	N	N	MW-scale-B-n-1-a	B	1	a
PWN-scale-n-7	N	N	MW-scale-B-n-1-b	B	1	b
PWN-scale-n-7	N	N	MW-scale-B-n-1-c	B	1	c
PWN-scale-n-7	N	N	MW-scale-B-n-2	B	2	0
PWN-scale-n-7	N	N	MW-scale-B-n-3	B	3	0
PWN-scale-n-7	N	N	MW-scale-B-n-3-a	B	3	a
PWN-scale-n-7	N	N	MW-scale-B-n-3-b	B	3	b
PWN-scale-n-7	N	N	MW-scale-B-n-4-a	B	4	a
PWN-scale-n-7	N	N	MW-scale-B-n-4-b	B	4	b
PWN-scale-n-7	N	N	MW-scale-B-n-5-a	B	5	a
PWN-scale-n-7	N	N	MW-scale-B-n-5-b	B	5	b
PWN-scale-n-7	N	N	MW-scale-B-n-6-a	B	6	a
PWN-scale-n-7	N	N	MW-scale-B-n-6-b	B	6	b
PWN-scale-n-7	N	N	MW-scale-C-n-1	C	1	0
PWN-scale-n-7	N	N	MW-scale-C-n-2	C	2	0
PWN-scale-n-7	N	N	MW-scale-C-n-2-a	C	2	a
PWN-scale-n-7	N	N	MW-scale-C-n-2-b	C	2	b
PWN-scale-n-7	N	N	MW-scale-C-n-2-c	C	2	c
PWN-scale-n-7	N	N	MW-scale-C-n-3-a	C	3	a
PWN-scale-n-7	N	N	MW-scale-C-n-3-b	C	3	b
PWN-scale-n-7	N	N	MW-scale-C-n-4-a	C	4	a
PWN-scale-n-7	N	N	MW-scale-C-n-4-b	C	4	b
PWN-scale-n-7	N	N	MW-scale-C-n-5	C	5	0
PWN-scale-n-7	N	N	MW-scale-C-n-6-a	C	6	a
PWN-scale-n-7	N	N	MW-scale-C-n-6-b	C	6	b
PWN-scale-n-7	N	N	MW-scale-D-n-1	D	1	0
PWN-scale-n-7	N	N	MW-scale-D-n-2	D	2	0
PWN-scale-n-8	N	N	MW-scale-A-n-1	A	1	0
PWN-scale-n-8	N	N	MW-scale-A-n-2-a	A	2	a
PWN-scale-n-8	N	N	MW-scale-A-n-2-b	A	2	b
PWN-scale-n-8	N	N	MW-scale-B-n-1-a	B	1	a
PWN-scale-n-8	N	N	MW-scale-B-n-1-b	B	1	b
PWN-scale-n-8	N	N	MW-scale-B-n-1-c	B	1	c
PWN-scale-n-8	N	N	MW-scale-B-n-2	B	2	0
PWN-scale-n-8	N	N	MW-scale-B-n-3	B	3	0
PWN-scale-n-8	N	N	MW-scale-B-n-3-a	B	3	a
PWN-scale-n-8	N	N	MW-scale-B-n-3-b	B	3	b
PWN-scale-n-8	N	N	MW-scale-B-n-4-a	B	4	a
PWN-scale-n-8	N	N	MW-scale-B-n-4-b	B	4	b
PWN-scale-n-8	N	N	MW-scale-B-n-5-a	B	5	a
PWN-scale-n-8	N	N	MW-scale-B-n-5-b	B	5	b
PWN-scale-n-8	N	N	MW-scale-B-n-6-a	B	6	a
PWN-scale-n-8	N	N	MW-scale-B-n-6-b	B	6	b
PWN-scale-n-8	N	N	MW-scale-C-n-1	C	1	0
PWN-scale-n-8	N	N	MW-scale-C-n-2	C	2	0
PWN-scale-n-8	N	N	MW-scale-C-n-2-a	C	2	a
PWN-scale-n-8	Y	Y	MW-scale-C-n-2-b	C	2	b
PWN-scale-n-8	N	N	MW-scale-C-n-2-c	C	2	c
PWN-scale-n-8	N	N	MW-scale-C-n-3-a	C	3	a
PWN-scale-n-8	N	N	MW-scale-C-n-3-b	C	3	b
PWN-scale-n-8	N	N	MW-scale-C-n-4-a	C	4	a
PWN-scale-n-8	N	N	MW-scale-C-n-4-b	C	4	b
PWN-scale-n-8	N	N	MW-scale-C-n-5	C	5	0
PWN-scale-n-8	N	N	MW-scale-C-n-6-a	C	6	a
PWN-scale-n-8	N	N	MW-scale-C-n-6-b	C	6	b
PWN-scale-n-8	N	N	MW-scale-D-n-1	D	1	0
PWN-scale-n-8	N	N	MW-scale-D-n-2	D	2	0
PWN-scale-n-9	N	N	MW-scale-A-n-1	A	1	0
PWN-scale-n-9	N	N	MW-scale-A-n-2-a	A	2	a
PWN-scale-n-9	N	N	MW-scale-A-n-2-b	A	2	b
PWN-scale-n-9	N	N	MW-scale-B-n-1-a	B	1	a
PWN-scale-n-9	N	N	MW-scale-B-n-1-b	B	1	b
PWN-scale-n-9	N	N	MW-scale-B-n-1-c	B	1	c
PWN-scale-n-9	N	N	MW-scale-B-n-2	B	2	0
PWN-scale-n-9	N	N	MW-scale-B-n-3	B	3	0
PWN-scale-n-9	N	N	MW-scale-B-n-3-a	B	3	a
PWN-scale-n-9	N	N	MW-scale-B-n-3-b	B	3	b
PWN-scale-n-9	N	N	MW-scale-B-n-4-a	B	4	a
PWN-scale-n-9	N	N	MW-scale-B-n-4-b	B	4	b
PWN-scale-n-9	Y	Y	MW-scale-B-n-5-a	B	5	a
PWN-scale-n-9	Y	Y	MW-scale-B-n-5-b	B	5	b
PWN-scale-n-9	N	N	MW-scale-B-n-6-a	B	6	a
PWN-scale-n-9	N	N	MW-scale-B-n-6-b	B	6	b
PWN-scale-n-9	N	N	MW-scale-C-n-1	C	1	0
PWN-scale-n-9	N	N	MW-scale-C-n-2	C	2	0
PWN-scale-n-9	N	N	MW-scale-C-n-2-a	C	2	a
PWN-scale-n-9	N	N	MW-scale-C-n-2-b	C	2	b
PWN-scale-n-9	N	N	MW-scale-C-n-2-c	C	2	c
PWN-scale-n-9	N	N	MW-scale-C-n-3-a	C	3	a
PWN-scale-n-9	N	N	MW-scale-C-n-3-b	C	3	b
PWN-scale-n-9	N	N	MW-scale-C-n-4-a	C	4	a
PWN-scale-n-9	N	N	MW-scale-C-n-4-b	C	4	b
PWN-scale-n-9	N	N	MW-scale-C-n-5	C	5	0
PWN-scale-n-9	N	N	MW-scale-C-n-6-a	C	6	a
PWN-scale-n-9	N	N	MW-scale-C-n-6-b	C	6	b
PWN-scale-n-9	N	N	MW-scale-D-n-1	D	1	0
PWN-scale-n-9	N	N	MW-scale-D-n-2	D	2	0
PWN-scale-n-10	N	N	MW-scale-A-n-1	A	1	0
PWN-scale-n-10	N	N	MW-scale-A-n-2-a	A	2	a
PWN-scale-n-10	N	N	MW-scale-A-n-2-b	A	2	b
PWN-scale-n-10	Y	Y	MW-scale-B-n-1-a	B	1	a
PWN-scale-n-10	N	N	MW-scale-B-n-1-b	B	1	b
PWN-scale-n-10	Y	Y	MW-scale-B-n-1-c	B	1	c
PWN-scale-n-10	N	N	MW-scale-B-n-2	B	2	0
PWN-scale-n-10	N	N	MW-scale-B-n-3	B	3	0
PWN-scale-n-10	N	N	MW-scale-B-n-3-a	B	3	a
PWN-scale-n-10	N	N	MW-scale-B-n-3-b	B	3	b
PWN-scale-n-10	N	N	MW-scale-B-n-4-a	B	4	a
PWN-scale-n-10	N	N	MW-scale-B-n-4-b	B	4	b
PWN-scale-n-10	N	N	MW-scale-B-n-5-a	B	5	a
PWN-scale-n-10	N	N	MW-scale-B-n-5-b	B	5	b
PWN-scale-n-10	N	N	MW-scale-B-n-6-a	B	6	a
PWN-scale-n-10	N	N	MW-scale-B-n-6-b	B	6	b
PWN-scale-n-10	N	N	MW-scale-C-n-1	C	1	0
PWN-scale-n-10	N	N	MW-scale-C-n-2	C	2	0
PWN-scale-n-10	N	N	MW-scale-C-n-2-a	C	2	a
PWN-scale-n-10	N	N	MW-scale-C-n-2-b	C	2	b
PWN-scale-n-10	N	N	MW-scale-C-n-2-c	C	2	c
PWN-scale-n-10	N	N	MW-scale-C-n-3-a	C	3	a
PWN-scale-n-10	N	N	MW-scale-C-n-3-b	C	3	b
PWN-scale-n-10	N	N	MW-scale-C-n-4-a	C	4	a
PWN-scale-n-10	N	N	MW-scale-C-n-4-b	C	4	b
PWN-scale-n-10	N	N	MW-scale-C-n-5	C	5	0
PWN-scale-n-10	N	N	MW-scale-C-n-6-a	C	6	a
PWN-scale-n-10	N	N	MW-scale-C-n-6-b	C	6	b
PWN-scale-n-10	N	N	MW-scale-D-n-1	D	1	0
PWN-scale-n-10	N	N	MW-scale-D-n-2	D	2	0
PWN-ship-n-1	Y	Y	MW-ship-A-n-1-a	A	1	a
PWN-ship-n-1	Y	Y	MW-ship-A-n-1-b	A	1	b
PWN-ship-n-1	Y	Y	MW-ship-A-n-2	A	2	0
PWN-ship-n-1	N	N	MW-ship-A-n-3	A	3	0
PWN-ship-n-1	N	N	MW-ship-A-n-4	A	4	0
PWN-ship-n-1	N	N	MW-ship-A-n-5	A	5	0
PWN-sink-n-1	N	N	MW-sink-A-n-1-a	A	1	a
PWN-sink-n-1	N	N	MW-sink-A-n-1-b	A	1	b
PWN-sink-n-1	Y	Y	MW-sink-A-n-1-c	A	1	c
PWN-sink-n-1	N	N	MW-sink-A-n-2	A	2	0
PWN-sink-n-1	N	N	MW-sink-A-n-3	A	3	0
PWN-sink-n-1	N	N	MW-sink-A-n-4-a	A	4	a
PWN-sink-n-1	N	N	MW-sink-A-n-4-b	A	4	b
PWN-sink-n-1	N	N	MW-sink-A-n-5	A	5	0
PWN-sink-n-1	N	N	MW-sink-A-n-5-a	A	5	a
PWN-sink-n-1	N	N	MW-sink-A-n-5-b	A	5	b
PWN-sink-n-2	N	N	MW-sink-A-n-1-a	A	1	a
PWN-sink-n-2	N	N	MW-sink-A-n-1-b	A	1	b
PWN-sink-n-2	N	N	MW-sink-A-n-1-c	A	1	c
PWN-sink-n-2	N	N	MW-sink-A-n-2	A	2	0
PWN-sink-n-2	N	N	MW-sink-A-n-3	A	3	0
PWN-sink-n-2	N	N	MW-sink-A-n-4-a	A	4	a
PWN-sink-n-2	N	N	MW-sink-A-n-4-b	A	4	b
PWN-sink-n-2	Y	Y	MW-sink-A-n-5	A	5	0
PWN-sink-n-2	Y	Y	MW-sink-A-n-5-a	A	5	a
PWN-sink-n-2	Y	Y	MW-sink-A-n-5-b	A	5	b
PWN-sink-n-3	N	N	MW-sink-A-n-1-a	A	1	a
PWN-sink-n-3	N	N	MW-sink-A-n-1-b	A	1	b
PWN-sink-n-3	N	N	MW-sink-A-n-1-c	A	1	c
PWN-sink-n-3	N	N	MW-sink-A-n-2	A	2	0
PWN-sink-n-3	N	N	MW-sink-A-n-3	A	3	0
PWN-sink-n-3	Y	Y	MW-sink-A-n-4-a	A	4	a
PWN-sink-n-3	N	N	MW-sink-A-n-4-b	A	4	b
PWN-sink-n-3	N	N	MW-sink-A-n-5	A	5	0
PWN-sink-n-3	N	N	MW-sink-A-n-5-a	A	5	a
PWN-sink-n-3	N	N	MW-sink-A-n-5-b	A	5	b
PWN-sink-n-4	Y	Y	MW-sink-A-n-1-a	A	1	a
PWN-sink-n-4	Y	Y	MW-sink-A-n-1-b	A	1	b
PWN-sink-n-4	N	N	MW-sink-A-n-1-c	A	1	c
PWN-sink-n-4	N	N	MW-sink-A-n-2	A	2	0
PWN-sink-n-4	N	N	MW-sink-A-n-3	A	3	0
PWN-sink-n-4	N	N	MW-sink-A-n-4-a	A	4	a
PWN-sink-n-4	N	N	MW-sink-A-n-4-b	A	4	b
PWN-sink-n-4	N	N	MW-sink-A-n-5	A	5	0
PWN-sink-n-4	N	N	MW-sink-A-n-5-a	A	5	a
PWN-sink-n-4	N	N	MW-sink-A-n-5-b	A	5	b
PWN-stalk-n-1	N	N	MW-stalk-A-n-1	A	1	0
PWN-stalk-n-1	N	N	MW-stalk-A-n-2-a	A	2	a
PWN-stalk-n-1	N	N	MW-stalk-A-n-2-b	A	2	b
PWN-stalk-n-1	N	N	MW-stalk-B-n-1	B	1	0
PWN-stalk-n-1	N	N	MW-stalk-B-n-2	B	2	0
PWN-stalk-n-2	Y	Y	MW-stalk-A-n-1	A	1	0
PWN-stalk-n-2	Y	Y	MW-stalk-A-n-2-a	A	2	a
PWN-stalk-n-2	Y	Y	MW-stalk-A-n-2-b	A	2	b
PWN-stalk-n-2	N	N	MW-stalk-B-n-1	B	1	0
PWN-stalk-n-2	N	N	MW-stalk-B-n-2	B	2	0
PWN-stalk-n-3	N	N	MW-stalk-A-n-1	A	1	0
PWN-stalk-n-3	N	N	MW-stalk-A-n-2-a	A	2	a
PWN-stalk-n-3	N	N	MW-stalk-A-n-2-b	A	2	b
PWN-stalk-n-3	Y	Y	MW-stalk-B-n-1	B	1	0
PWN-stalk-n-3	N	N	MW-stalk-B-n-2	B	2	0
PWN-stalk-n-4	N	N	MW-stalk-A-n-1	A	1	0
PWN-stalk-n-4	N	N	MW-stalk-A-n-2-a	A	2	a
PWN-stalk-n-4	N	N	MW-stalk-A-n-2-b	A	2	b
PWN-stalk-n-4	Y	Y	MW-stalk-B-n-1	B	1	0
PWN-stalk-n-4	N	N	MW-stalk-B-n-2	B	2	0
PWN-stalk-n-5	N	N	MW-stalk-A-n-1	A	1	0
PWN-stalk-n-5	N	N	MW-stalk-A-n-2-a	A	2	a
PWN-stalk-n-5	N	N	MW-stalk-A-n-2-b	A	2	b
PWN-stalk-n-5	N	N	MW-stalk-B-n-1	B	1	0
PWN-stalk-n-5	Y	Y	MW-stalk-B-n-2	B	2	0
PWN-trip-n-1	Y	Y	MW-trip-A-n-1-a	A	1	a
PWN-trip-n-1	Y	Y	MW-trip-A-n-1-b	A	1	b
PWN-trip-n-1	N	N	MW-trip-A-n-2-a	A	2	a
PWN-trip-n-1	N	N	MW-trip-A-n-2-b	A	2	b
PWN-trip-n-1	N	N	MW-trip-A-n-3	A	3	0
PWN-trip-n-1	N	N	MW-trip-A-n-4	A	4	0
PWN-trip-n-1	N	N	MW-trip-A-n-5	A	5	0
PWN-trip-n-1	N	N	MW-trip-A-n-6	A	6	0
PWN-trip-n-1	N	N	MW-trip-A-n-7	A	7	0
PWN-trip-n-1	N	N	MW-trip-A-n-8-a	A	8	a
PWN-trip-n-1	N	N	MW-trip-A-n-8-b	A	8	b
PWN-trip-n-1	N	N	MW-trip-A-n-9	A	9	0
PWN-trip-n-2	N	N	MW-trip-A-n-1-a	A	1	a
PWN-trip-n-2	N	N	MW-trip-A-n-1-b	A	1	b
PWN-trip-n-2	Y	Y	MW-trip-A-n-2-a	A	2	a
PWN-trip-n-2	N	N	MW-trip-A-n-2-b	A	2	b
PWN-trip-n-2	N	N	MW-trip-A-n-3	A	3	0
PWN-trip-n-2	N	N	MW-trip-A-n-4	A	4	0
PWN-trip-n-2	N	N	MW-trip-A-n-5	A	5	0
PWN-trip-n-2	N	N	MW-trip-A-n-6	A	6	0
PWN-trip-n-2	N	N	MW-trip-A-n-7	A	7	0
PWN-trip-n-2	N	N	MW-trip-A-n-8-a	A	8	a
PWN-trip-n-2	N	N	MW-trip-A-n-8-b	A	8	b
PWN-trip-n-2	N	N	MW-trip-A-n-9	A	9	0
PWN-trip-n-3	N	N	MW-trip-A-n-1-a	A	1	a
PWN-trip-n-3	N	N	MW-trip-A-n-1-b	A	1	b
PWN-trip-n-3	N	N	MW-trip-A-n-2-a	A	2	a
PWN-trip-n-3	N	N	MW-trip-A-n-2-b	A	2	b
PWN-trip-n-3	N	N	MW-trip-A-n-3	A	3	0
PWN-trip-n-3	Y	Y	MW-trip-A-n-4	A	4	0
PWN-trip-n-3	N	N	MW-trip-A-n-5	A	5	0
PWN-trip-n-3	N	N	MW-trip-A-n-6	A	6	0
PWN-trip-n-3	N	N	MW-trip-A-n-7	A	7	0
PWN-trip-n-3	N	N	MW-trip-A-n-8-a	A	8	a
PWN-trip-n-3	N	N	MW-trip-A-n-8-b	A	8	b
PWN-trip-n-3	N	N	MW-trip-A-n-9	A	9	0
PWN-trip-n-4	N	N	MW-trip-A-n-1-a	A	1	a
PWN-trip-n-4	N	N	MW-trip-A-n-1-b	A	1	b
PWN-trip-n-4	N	N	MW-trip-A-n-2-a	A	2	a
PWN-trip-n-4	Y	Y	MW-trip-A-n-2-b	A	2	b
PWN-trip-n-4	N	N	MW-trip-A-n-3	A	3	0
PWN-trip-n-4	N	N	MW-trip-A-n-4	A	4	0
PWN-trip-n-4	N	N	MW-trip-A-n-5	A	5	0
PWN-trip-n-4	N	N	MW-trip-A-n-6	A	6	0
PWN-trip-n-4	N	N	MW-trip-A-n-7	A	7	0
PWN-trip-n-4	N	N	MW-trip-A-n-8-a	A	8	a
PWN-trip-n-4	N	N	MW-trip-A-n-8-b	A	8	b
PWN-trip-n-4	N	N	MW-trip-A-n-9	A	9	0
PWN-trip-n-5	N	N	MW-trip-A-n-1-a	A	1	a
PWN-trip-n-5	N	N	MW-trip-A-n-1-b	A	1	b
PWN-trip-n-5	N	N	MW-trip-A-n-2-a	A	2	a
PWN-trip-n-5	N	N	MW-trip-A-n-2-b	A	2	b
PWN-trip-n-5	N	N	MW-trip-A-n-3	A	3	0
PWN-trip-n-5	N	N	MW-trip-A-n-4	A	4	0
PWN-trip-n-5	N	N	MW-trip-A-n-5	A	5	0
PWN-trip-n-5	N	N	MW-trip-A-n-6	A	6	0
PWN-trip-n-5	N	N	MW-trip-A-n-7	A	7	0
PWN-trip-n-5	N	N	MW-trip-A-n-8-a	A	8	a
PWN-trip-n-5	Y	Y	MW-trip-A-n-8-b	A	8	b
PWN-trip-n-5	N	N	MW-trip-A-n-9	A	9	0
PWN-trip-n-6	N	N	MW-trip-A-n-1-a	A	1	a
PWN-trip-n-6	N	N	MW-trip-A-n-1-b	A	1	b
PWN-trip-n-6	N	N	MW-trip-A-n-2-a	A	2	a
PWN-trip-n-6	N	N	MW-trip-A-n-2-b	A	2	b
PWN-trip-n-6	N	N	MW-trip-A-n-3	A	3	0
PWN-trip-n-6	N	N	MW-trip-A-n-4	A	4	0
PWN-trip-n-6	N	N	MW-trip-A-n-5	A	5	0
PWN-trip-n-6	N	N	MW-trip-A-n-6	A	6	0
PWN-trip-n-6	Y	Y	MW-trip-A-n-7	A	7	0
PWN-trip-n-6	N	N	MW-trip-A-n-8-a	A	8	a
PWN-trip-n-6	N	N	MW-trip-A-n-8-b	A	8	b
PWN-trip-n-6	N	N	MW-trip-A-n-9	A	9	0
PWN-trip-n-7	N	N	MW-trip-A-n-1-a	A	1	a
PWN-trip-n-7	N	N	MW-trip-A-n-1-b	A	1	b
PWN-trip-n-7	N	N	MW-trip-A-n-2-a	A	2	a
PWN-trip-n-7	N	N	MW-trip-A-n-2-b	A	2	b
PWN-trip-n-7	N	N	MW-trip-A-n-3	A	3	0
PWN-trip-n-7	N	N	MW-trip-A-n-4	A	4	0
PWN-trip-n-7	N	N	MW-trip-A-n-5	A	5	0
PWN-trip-n-7	Y	Y	MW-trip-A-n-6	A	6	0
PWN-trip-n-7	N	N	MW-trip-A-n-7	A	7	0
PWN-trip-n-7	N	N	MW-trip-A-n-8-a	A	8	a
PWN-trip-n-7	N	N	MW-trip-A-n-8-b	A	8	b
PWN-trip-n-7	N	N	MW-trip-A-n-9	A	9	0
PWN-well-n-1	N	N	MW-well-A-n-1-a	A	1	a
PWN-well-n-1	N	N	MW-well-A-n-1-b	A	1	b
PWN-well-n-1	Y	Y	MW-well-A-n-2-a	A	2	a
PWN-well-n-1	Y	Y	MW-well-A-n-2-b	A	2	b
PWN-well-n-1	N	N	MW-well-A-n-3-a	A	3	a
PWN-well-n-1	N	N	MW-well-A-n-3-b	A	3	b
PWN-well-n-1	N	N	MW-well-A-n-4	A	4	0
PWN-well-n-1	N	N	MW-well-A-n-5-a	A	5	a
PWN-well-n-1	N	N	MW-well-A-n-5-b	A	5	b
PWN-well-n-1	N	N	MW-well-A-n-6-a	A	6	a
PWN-well-n-1	N	N	MW-well-A-n-6-b	A	6	b
PWN-well-n-1	N	N	MW-well-A-n-6-c	A	6	c
PWN-well-n-1	N	N	MW-well-A-n-7	A	7	0
PWN-well-n-2	N	N	MW-well-A-n-1-a	A	1	a
PWN-well-n-2	N	N	MW-well-A-n-1-b	A	1	b
PWN-well-n-2	N	N	MW-well-A-n-2-a	A	2	a
PWN-well-n-2	N	N	MW-well-A-n-2-b	A	2	b
PWN-well-n-2	N	N	MW-well-A-n-3-a	A	3	a
PWN-well-n-2	N	N	MW-well-A-n-3-b	A	3	b
PWN-well-n-2	N	N	MW-well-A-n-4	A	4	0
PWN-well-n-2	N	N	MW-well-A-n-5-a	A	5	a
PWN-well-n-2	N	N	MW-well-A-n-5-b	A	5	b
PWN-well-n-2	N	N	MW-well-A-n-6-a	A	6	a
PWN-well-n-2	N	N	MW-well-A-n-6-b	A	6	b
PWN-well-n-2	N	N	MW-well-A-n-6-c	A	6	c
PWN-well-n-2	N	N	MW-well-A-n-7	A	7	0
PWN-well-n-3	N	N	MW-well-A-n-1-a	A	1	a
PWN-well-n-3	Y	Y	MW-well-A-n-1-b	A	1	b
PWN-well-n-3	N	N	MW-well-A-n-2-a	A	2	a
PWN-well-n-3	N	N	MW-well-A-n-2-b	A	2	b
PWN-well-n-3	N	N	MW-well-A-n-3-a	A	3	a
PWN-well-n-3	N	N	MW-well-A-n-3-b	A	3	b
PWN-well-n-3	N	N	MW-well-A-n-4	A	4	0
PWN-well-n-3	N	N	MW-well-A-n-5-a	A	5	a
PWN-well-n-3	N	N	MW-well-A-n-5-b	A	5	b
PWN-well-n-3	N	N	MW-well-A-n-6-a	A	6	a
PWN-well-n-3	N	N	MW-well-A-n-6-b	A	6	b
PWN-well-n-3	N	N	MW-well-A-n-6-c	A	6	c
PWN-well-n-3	N	N	MW-well-A-n-7	A	7	0
PWN-well-n-4	N	N	MW-well-A-n-1-a	A	1	a
PWN-well-n-4	N	N	MW-well-A-n-1-b	A	1	b
PWN-well-n-4	N	N	MW-well-A-n-2-a	A	2	a
PWN-well-n-4	N	N	MW-well-A-n-2-b	A	2	b
PWN-well-n-4	N	N	MW-well-A-n-3-a	A	3	a
PWN-well-n-4	N	N	MW-well-A-n-3-b	A	3	b
PWN-well-n-4	Y	Y	MW-well-A-n-4	A	4	0
PWN-well-n-4	N	N	MW-well-A-n-5-a	A	5	a
PWN-well-n-4	N	N	MW-well-A-n-5-b	A	5	b
PWN-well-n-4	N	N	MW-well-A-n-6-a	A	6	a
PWN-well-n-4	N	N	MW-well-A-n-6-b	A	6	b
PWN-well-n-4	N	N	MW-well-A-n-6-c	A	6	c
PWN-well-n-4	N	N	MW-well-A-n-7	A	7	0
PWN-well-n-5	N	N	MW-well-A-n-1-a	A	1	a
PWN-well-n-5	N	N	MW-well-A-n-1-b	A	1	b
PWN-well-n-5	N	N	MW-well-A-n-2-a	A	2	a
PWN-well-n-5	N	N	MW-well-A-n-2-b	A	2	b
PWN-well-n-5	Y	Y	MW-well-A-n-3-a	A	3	a
PWN-well-n-5	Y	Y	MW-well-A-n-3-b	A	3	b
PWN-well-n-5	N	N	MW-well-A-n-4	A	4	0
PWN-well-n-5	N	N	MW-well-A-n-5-a	A	5	a
PWN-well-n-5	N	N	MW-well-A-n-5-b	A	5	b
PWN-well-n-5	N	N	MW-well-A-n-6-a	A	6	a
PWN-well-n-5	N	N	MW-well-A-n-6-b	A	6	b
PWN-well-n-5	N	N	MW-well-A-n-6-c	A	6	c
PWN-well-n-5	N	N	MW-well-A-n-7	A	7	0
