PWNsynset	choiceE	choiceM	MWsense	EG	sup	subno
PWN-angle-v-1	Y	Y	MW-angle-A-v-1-i	A	1	i
PWN-angle-v-1	N	N	MW-angle-A-v-1-t	A	1	t
PWN-angle-v-1	N	N	MW-angle-A-v-2-t	A	2	t
PWN-angle-v-1	N	N	MW-angle-B-v-1-i	B	1	i
PWN-angle-v-1	N	N	MW-angle-B-v-2-i	B	2	i
PWN-angle-v-2	N	N	MW-angle-A-v-1-i	A	1	i
PWN-angle-v-2	Y	Y	MW-angle-A-v-1-t	A	1	t
PWN-angle-v-2	N	N	MW-angle-A-v-2-t	A	2	t
PWN-angle-v-2	N	N	MW-angle-B-v-1-i	B	1	i
PWN-angle-v-2	N	N	MW-angle-B-v-2-i	B	2	i
PWN-angle-v-3	N	N	MW-angle-A-v-1-i	A	1	i
PWN-angle-v-3	N	N	MW-angle-A-v-1-t	A	1	t
PWN-angle-v-3	N	N	MW-angle-A-v-2-t	A	2	t
PWN-angle-v-3	N	N	MW-angle-B-v-1-i	B	1	i
PWN-angle-v-3	Y	Y	MW-angle-B-v-2-i	B	2	i
PWN-angle-v-4	N	N	MW-angle-A-v-1-i	A	1	i
PWN-angle-v-4	N	N	MW-angle-A-v-1-t	A	1	t
PWN-angle-v-4	N	N	MW-angle-A-v-2-t	A	2	t
PWN-angle-v-4	Y	Y	MW-angle-B-v-1-i	B	1	i
PWN-angle-v-4	N	N	MW-angle-B-v-2-i	B	2	i
PWN-angle-v-5	N	N	MW-angle-A-v-1-i	A	1	i
PWN-angle-v-5	N	N	MW-angle-A-v-1-t	A	1	t
PWN-angle-v-5	Y	Y	MW-angle-A-v-2-t	A	2	t
PWN-angle-v-5	N	N	MW-angle-B-v-1-i	B	1	i
PWN-angle-v-5	N	N	MW-angle-B-v-2-i	B	2	i
PWN-band-v-1	Y	Y	MW-band-A-v-1-t	A	1	t
PWN-band-v-1	N	N	MW-band-A-v-2-t	A	2	t
PWN-band-v-1	N	N	MW-band-A-v-3-t	A	3	t
PWN-band-v-1	N	N	MW-band-A-v-1-i	A	1	i
PWN-band-v-2	N	N	MW-band-A-v-1-t	A	1	t
PWN-band-v-2	N	N	MW-band-A-v-2-t	A	2	t
PWN-band-v-2	N	N	MW-band-A-v-3-t	A	3	t
PWN-band-v-2	N	N	MW-band-A-v-1-i	A	1	i
PWN-bank-v-1	N	N	MW-bank-A-v-1-a-t	A	1	a-t
PWN-bank-v-1	N	N	MW-bank-A-v-1-b-t	A	1	b-t
PWN-bank-v-1	N	N	MW-bank-A-v-1-c-t	A	1	c-t
PWN-bank-v-1	N	N	MW-bank-A-v-2-t	A	2	t
PWN-bank-v-1	N	N	MW-bank-A-v-3-a-t	A	3	a-t
PWN-bank-v-1	N	N	MW-bank-A-v-3-b-t	A	3	b-t
PWN-bank-v-1	N	N	MW-bank-A-v-4-t	A	4	t
PWN-bank-v-1	N	N	MW-bank-A-v-1-i	A	1	i
PWN-bank-v-1	Y	Y	MW-bank-A-v-2-a-i	A	2	a-i
PWN-bank-v-1	Y	Y	MW-bank-A-v-2-b-1-i	A	2	b-1-i
PWN-bank-v-1	Y	Y	MW-bank-A-v-2-b-2-i	A	2	b-2-i
PWN-bank-v-1	N	N	MW-bank-B-v-1-i	B	1	i
PWN-bank-v-1	N	N	MW-bank-B-v-2-i	B	2	i
PWN-bank-v-1	N	N	MW-bank-B-v-1-t	B	1	t
PWN-bank-v-2	Y	Y	MW-bank-A-v-1-a-t	A	1	a-t
PWN-bank-v-2	N	N	MW-bank-A-v-1-b-t	A	1	b-t
PWN-bank-v-2	Y	Y	MW-bank-A-v-1-c-t	A	1	c-t
PWN-bank-v-2	Y	Y	MW-bank-A-v-2-t	A	2	t
PWN-bank-v-2	N	N	MW-bank-A-v-3-a-t	A	3	a-t
PWN-bank-v-2	N	N	MW-bank-A-v-3-b-t	A	3	b-t
PWN-bank-v-2	N	N	MW-bank-A-v-4-t	A	4	t
PWN-bank-v-2	N	N	MW-bank-A-v-1-i	A	1	i
PWN-bank-v-2	N	N	MW-bank-A-v-2-a-i	A	2	a-i
PWN-bank-v-2	N	N	MW-bank-A-v-2-b-1-i	A	2	b-1-i
PWN-bank-v-2	N	N	MW-bank-A-v-2-b-2-i	A	2	b-2-i
PWN-bank-v-2	N	N	MW-bank-B-v-1-i	B	1	i
PWN-bank-v-2	N	N	MW-bank-B-v-2-i	B	2	i
PWN-bank-v-2	N	N	MW-bank-B-v-1-t	B	1	t
PWN-bank-v-3	N	N	MW-bank-A-v-1-a-t	A	1	a-t
PWN-bank-v-3	N	N	MW-bank-A-v-1-b-t	A	1	b-t
PWN-bank-v-3	N	N	MW-bank-A-v-1-c-t	A	1	c-t
PWN-bank-v-3	N	N	MW-bank-A-v-2-t	A	2	t
PWN-bank-v-3	N	N	MW-bank-A-v-3-a-t	A	3	a-t
PWN-bank-v-3	N	N	MW-bank-A-v-3-b-t	A	3	b-t
PWN-bank-v-3	N	N	MW-bank-A-v-4-t	A	4	t
PWN-bank-v-3	N	N	MW-bank-A-v-1-i	A	1	i
PWN-bank-v-3	N	N	MW-bank-A-v-2-a-i	A	2	a-i
PWN-bank-v-3	N	N	MW-bank-A-v-2-b-1-i	A	2	b-1-i
PWN-bank-v-3	N	N	MW-bank-A-v-2-b-2-i	A	2	b-2-i
PWN-bank-v-3	N	N	MW-bank-B-v-1-i	B	1	i
PWN-bank-v-3	Y	Y	MW-bank-B-v-2-i	B	2	i
PWN-bank-v-3	N	N	MW-bank-B-v-1-t	B	1	t
PWN-bank-v-4	N	N	MW-bank-A-v-1-a-t	A	1	a-t
PWN-bank-v-4	N	N	MW-bank-A-v-1-b-t	A	1	b-t
PWN-bank-v-4	N	N	MW-bank-A-v-1-c-t	A	1	c-t
PWN-bank-v-4	N	N	MW-bank-A-v-2-t	A	2	t
PWN-bank-v-4	N	N	MW-bank-A-v-3-a-t	A	3	a-t
PWN-bank-v-4	N	N	MW-bank-A-v-3-b-t	A	3	b-t
PWN-bank-v-4	N	N	MW-bank-A-v-4-t	A	4	t
PWN-bank-v-4	N	N	MW-bank-A-v-1-i	A	1	i
PWN-bank-v-4	N	N	MW-bank-A-v-2-a-i	A	2	a-i
PWN-bank-v-4	N	N	MW-bank-A-v-2-b-1-i	A	2	b-1-i
PWN-bank-v-4	N	N	MW-bank-A-v-2-b-2-i	A	2	b-2-i
PWN-bank-v-4	N	N	MW-bank-B-v-1-i	B	1	i
PWN-bank-v-4	N	N	MW-bank-B-v-2-i	B	2	i
PWN-bank-v-4	N	N	MW-bank-B-v-1-t	B	1	t
PWN-bank-v-5	N	N	MW-bank-A-v-1-a-t	A	1	a-t
PWN-bank-v-5	N	N	MW-bank-A-v-1-b-t	A	1	b-t
PWN-bank-v-5	N	N	MW-bank-A-v-1-c-t	A	1	c-t
PWN-bank-v-5	N	N	MW-bank-A-v-2-t	A	2	t
PWN-bank-v-5	N	N	MW-bank-A-v-3-a-t	A	3	a-t
PWN-bank-v-5	N	N	MW-bank-A-v-3-b-t	A	3	b-t
PWN-bank-v-5	N	N	MW-bank-A-v-4-t	A	4	t
PWN-bank-v-5	N	N	MW-bank-A-v-1-i	A	1	i
PWN-bank-v-5	N	N	MW-bank-A-v-2-a-i	A	2	a-i
PWN-bank-v-5	N	N	MW-bank-A-v-2-b-1-i	A	2	b-1-i
PWN-bank-v-5	N	N	MW-bank-A-v-2-b-2-i	A	2	b-2-i
PWN-bank-v-5	Y	Y	MW-bank-B-v-1-i	B	1	i
PWN-bank-v-5	N	N	MW-bank-B-v-2-i	B	2	i
PWN-bank-v-5	N	N	MW-bank-B-v-1-t	B	1	t
PWN-bank-v-6	N	N	MW-bank-A-v-1-a-t	A	1	a-t
PWN-bank-v-6	N	N	MW-bank-A-v-1-b-t	A	1	b-t
PWN-bank-v-6	N	N	MW-bank-A-v-1-c-t	A	1	c-t
PWN-bank-v-6	N	N	MW-bank-A-v-2-t	A	2	t
PWN-bank-v-6	N	N	MW-bank-A-v-3-a-t	A	3	a-t
PWN-bank-v-6	N	N	MW-bank-A-v-3-b-t	A	3	b-t
PWN-bank-v-6	N	N	MW-bank-A-v-4-t	A	4	t
PWN-bank-v-6	N	N	MW-bank-A-v-1-i	A	1	i
PWN-bank-v-6	N	N	MW-bank-A-v-2-a-i	A	2	a-i
PWN-bank-v-6	N	N	MW-bank-A-v-2-b-1-i	A	2	b-1-i
PWN-bank-v-6	N	N	MW-bank-A-v-2-b-2-i	A	2	b-2-i
PWN-bank-v-6	N	N	MW-bank-B-v-1-i	B	1	i
PWN-bank-v-6	N	N	MW-bank-B-v-2-i	B	2	i
PWN-bank-v-6	Y	Y	MW-bank-B-v-1-t	B	1	t
PWN-bank-v-7	N	N	MW-bank-A-v-1-a-t	A	1	a-t
PWN-bank-v-7	Y	Y	MW-bank-A-v-1-b-t	A	1	b-t
PWN-bank-v-7	N	N	MW-bank-A-v-1-c-t	A	1	c-t
PWN-bank-v-7	N	N	MW-bank-A-v-2-t	A	2	t
PWN-bank-v-7	N	N	MW-bank-A-v-3-a-t	A	3	a-t
PWN-bank-v-7	N	N	MW-bank-A-v-3-b-t	A	3	b-t
PWN-bank-v-7	N	N	MW-bank-A-v-4-t	A	4	t
PWN-bank-v-7	N	N	MW-bank-A-v-1-i	A	1	i
PWN-bank-v-7	N	N	MW-bank-A-v-2-a-i	A	2	a-i
PWN-bank-v-7	N	N	MW-bank-A-v-2-b-1-i	A	2	b-1-i
PWN-bank-v-7	N	N	MW-bank-A-v-2-b-2-i	A	2	b-2-i
PWN-bank-v-7	N	N	MW-bank-B-v-1-i	B	1	i
PWN-bank-v-7	N	N	MW-bank-B-v-2-i	B	2	i
PWN-bank-v-7	N	N	MW-bank-B-v-1-t	B	1	t
PWN-bank-v-8	N	N	MW-bank-A-v-1-a-t	A	1	a-t
PWN-bank-v-8	N	N	MW-bank-A-v-1-b-t	A	1	b-t
PWN-bank-v-8	N	N	MW-bank-A-v-1-c-t	A	1	c-t
PWN-bank-v-8	N	N	MW-bank-A-v-2-t	A	2	t
PWN-bank-v-8	N	N	MW-bank-A-v-3-a-t	A	3	a-t
PWN-bank-v-8	N	N	MW-bank-A-v-3-b-t	A	3	b-t
PWN-bank-v-8	N	N	MW-bank-A-v-4-t	A	4	t
PWN-bank-v-8	N	N	MW-bank-A-v-1-i	A	1	i
PWN-bank-v-8	N	N	MW-bank-A-v-2-a-i	A	2	a-i
PWN-bank-v-8	N	N	MW-bank-A-v-2-b-1-i	A	2	b-1-i
PWN-bank-v-8	N	N	MW-bank-A-v-2-b-2-i	A	2	b-2-i
PWN-bank-v-8	N	N	MW-bank-B-v-1-i	B	1	i
PWN-bank-v-8	N	N	MW-bank-B-v-2-i	B	2	i
PWN-bank-v-8	N	N	MW-bank-B-v-1-t	B	1	t
PWN-bark-v-1	N	N	MW-bark-A-v-1-a-i	A	1	a-i
PWN-bark-v-1	N	N	MW-bark-A-v-1-b-i	A	1	b-i
PWN-bark-v-1	Y	Y	MW-bark-A-v-2-i	A	2	i
PWN-bark-v-1	N	N	MW-bark-A-v-3-i	A	3	i
PWN-bark-v-1	Y	Y	MW-bark-A-v-1-t	A	1	t
PWN-bark-v-1	N	N	MW-bark-A-v-2-t	A	2	t
PWN-bark-v-1	N	N	MW-bark-B-v-1-t	B	1	t
PWN-bark-v-1	N	N	MW-bark-B-v-2-a-t	B	2	a-t
PWN-bark-v-1	N	N	MW-bark-B-v-2-b-t	B	2	b-t
PWN-bark-v-2	N	N	MW-bark-A-v-1-a-i	A	1	a-i
PWN-bark-v-2	N	N	MW-bark-A-v-1-b-i	A	1	b-i
PWN-bark-v-2	N	N	MW-bark-A-v-2-i	A	2	i
PWN-bark-v-2	N	N	MW-bark-A-v-3-i	A	3	i
PWN-bark-v-2	N	N	MW-bark-A-v-1-t	A	1	t
PWN-bark-v-2	N	N	MW-bark-A-v-2-t	A	2	t
PWN-bark-v-2	N	N	MW-bark-B-v-1-t	B	1	t
PWN-bark-v-2	N	N	MW-bark-B-v-2-a-t	B	2	a-t
PWN-bark-v-2	N	N	MW-bark-B-v-2-b-t	B	2	b-t
PWN-bark-v-3	N	N	MW-bark-A-v-1-a-i	A	1	a-i
PWN-bark-v-3	N	N	MW-bark-A-v-1-b-i	A	1	b-i
PWN-bark-v-3	N	N	MW-bark-A-v-2-i	A	2	i
PWN-bark-v-3	N	N	MW-bark-A-v-3-i	A	3	i
PWN-bark-v-3	N	N	MW-bark-A-v-1-t	A	1	t
PWN-bark-v-3	N	N	MW-bark-A-v-2-t	A	2	t
PWN-bark-v-3	N	N	MW-bark-B-v-1-t	B	1	t
PWN-bark-v-3	Y	Y	MW-bark-B-v-2-a-t	B	2	a-t
PWN-bark-v-3	N	N	MW-bark-B-v-2-b-t	B	2	b-t
PWN-bark-v-4	Y	Y	MW-bark-A-v-1-a-i	A	1	a-i
PWN-bark-v-4	Y	Y	MW-bark-A-v-1-b-i	A	1	b-i
PWN-bark-v-4	N	N	MW-bark-A-v-2-i	A	2	i
PWN-bark-v-4	N	N	MW-bark-A-v-3-i	A	3	i
PWN-bark-v-4	N	N	MW-bark-A-v-1-t	A	1	t
PWN-bark-v-4	N	N	MW-bark-A-v-2-t	A	2	t
PWN-bark-v-4	N	N	MW-bark-B-v-1-t	B	1	t
PWN-bark-v-4	N	N	MW-bark-B-v-2-a-t	B	2	a-t
PWN-bark-v-4	N	N	MW-bark-B-v-2-b-t	B	2	b-t
PWN-bark-v-5	N	N	MW-bark-A-v-1-a-i	A	1	a-i
PWN-bark-v-5	N	N	MW-bark-A-v-1-b-i	A	1	b-i
PWN-bark-v-5	N	N	MW-bark-A-v-2-i	A	2	i
PWN-bark-v-5	N	N	MW-bark-A-v-3-i	A	3	i
PWN-bark-v-5	N	N	MW-bark-A-v-1-t	A	1	t
PWN-bark-v-5	N	N	MW-bark-A-v-2-t	A	2	t
PWN-bark-v-5	Y	Y	MW-bark-B-v-1-t	B	1	t
PWN-bark-v-5	N	N	MW-bark-B-v-2-a-t	B	2	a-t
PWN-bark-v-5	N	N	MW-bark-B-v-2-b-t	B	2	b-t
PWN-bat-v-1	Y	Y	MW-bat-A-v-1-t	A	1	t
PWN-bat-v-1	N	N	MW-bat-A-v-2-a-t	A	2	a-t
PWN-bat-v-1	N	N	MW-bat-A-v-2-b-t	A	2	b-t
PWN-bat-v-1	N	N	MW-bat-A-v-3-t	A	3	t
PWN-bat-v-1	N	N	MW-bat-A-v-1-a-i	A	1	a-i
PWN-bat-v-1	N	N	MW-bat-A-v-1-b-i	A	1	b-i
PWN-bat-v-1	N	N	MW-bat-A-v-2-i	A	2	i
PWN-bat-v-1	N	N	MW-bat-C-v-1-t	C	1	t
PWN-bat-v-2	N	N	MW-bat-A-v-1-t	A	1	t
PWN-bat-v-2	N	N	MW-bat-A-v-2-a-t	A	2	a-t
PWN-bat-v-2	N	N	MW-bat-A-v-2-b-t	A	2	b-t
PWN-bat-v-2	N	N	MW-bat-A-v-3-t	A	3	t
PWN-bat-v-2	N	N	MW-bat-A-v-1-a-i	A	1	a-i
PWN-bat-v-2	N	N	MW-bat-A-v-1-b-i	A	1	b-i
PWN-bat-v-2	N	N	MW-bat-A-v-2-i	A	2	i
PWN-bat-v-2	Y	Y	MW-bat-C-v-1-t	C	1	t
PWN-bat-v-3	N	N	MW-bat-A-v-1-t	A	1	t
PWN-bat-v-3	N	N	MW-bat-A-v-2-a-t	A	2	a-t
PWN-bat-v-3	N	N	MW-bat-A-v-2-b-t	A	2	b-t
PWN-bat-v-3	N	N	MW-bat-A-v-3-t	A	3	t
PWN-bat-v-3	N	N	MW-bat-A-v-1-a-i	A	1	a-i
PWN-bat-v-3	Y	Y	MW-bat-A-v-1-b-i	A	1	b-i
PWN-bat-v-3	N	N	MW-bat-A-v-2-i	A	2	i
PWN-bat-v-3	N	N	MW-bat-C-v-1-t	C	1	t
PWN-bat-v-4	N	N	MW-bat-A-v-1-t	A	1	t
PWN-bat-v-4	N	N	MW-bat-A-v-2-a-t	A	2	a-t
PWN-bat-v-4	N	N	MW-bat-A-v-2-b-t	A	2	b-t
PWN-bat-v-4	N	N	MW-bat-A-v-3-t	A	3	t
PWN-bat-v-4	Y	Y	MW-bat-A-v-1-a-i	A	1	a-i
PWN-bat-v-4	N	N	MW-bat-A-v-1-b-i	A	1	b-i
PWN-bat-v-4	N	N	MW-bat-A-v-2-i	A	2	i
PWN-bat-v-4	N	N	MW-bat-C-v-1-t	C	1	t
PWN-bat-v-5	N	N	MW-bat-A-v-1-t	A	1	t
PWN-bat-v-5	N	N	MW-bat-A-v-2-a-t	A	2	a-t
PWN-bat-v-5	N	N	MW-bat-A-v-2-b-t	A	2	b-t
PWN-bat-v-5	N	N	MW-bat-A-v-3-t	A	3	t
PWN-bat-v-5	N	N	MW-bat-A-v-1-a-i	A	1	a-i
PWN-bat-v-5	N	N	MW-bat-A-v-1-b-i	A	1	b-i
PWN-bat-v-5	N	N	MW-bat-A-v-2-i	A	2	i
PWN-bat-v-5	N	N	MW-bat-C-v-1-t	C	1	t
PWN-can-v-1	N	N	MW-can-A-v-1-a-x	A	1	a-x
PWN-can-v-1	N	N	MW-can-A-v-1-b-x	A	1	b-x
PWN-can-v-1	N	N	MW-can-A-v-1-c-x	A	1	c-x
PWN-can-v-1	N	N	MW-can-A-v-1-d-x	A	1	d-x
PWN-can-v-1	N	N	MW-can-A-v-1-e-x	A	1	e-x
PWN-can-v-1	N	N	MW-can-A-v-1-f-x	A	1	f-x
PWN-can-v-1	N	N	MW-can-A-v-1-g-x	A	1	g-x
PWN-can-v-1	N	N	MW-can-A-v-1-h-x	A	1	h-x
PWN-can-v-1	N	N	MW-can-A-v-2-x	A	2	x
PWN-can-v-1	N	N	MW-can-A-v-1-t	A	1	t
PWN-can-v-1	N	N	MW-can-A-v-2-t	A	2	t
PWN-can-v-1	N	N	MW-can-A-v-1-i	A	1	i
PWN-can-v-1	Y	Y	MW-can-B-v-1-a-t	B	1	a-t
PWN-can-v-1	N	N	MW-can-B-v-1-b-t	B	1	b-t
PWN-can-v-1	N	N	MW-can-B-v-1-c-t	B	1	c-t
PWN-can-v-1	N	N	MW-can-B-v-2-t	B	2	t
PWN-can-v-1	N	N	MW-can-B-v-3-t	B	3	t
PWN-can-v-2	N	N	MW-can-A-v-1-a-x	A	1	a-x
PWN-can-v-2	N	N	MW-can-A-v-1-b-x	A	1	b-x
PWN-can-v-2	N	N	MW-can-A-v-1-c-x	A	1	c-x
PWN-can-v-2	N	N	MW-can-A-v-1-d-x	A	1	d-x
PWN-can-v-2	N	N	MW-can-A-v-1-e-x	A	1	e-x
PWN-can-v-2	N	N	MW-can-A-v-1-f-x	A	1	f-x
PWN-can-v-2	N	N	MW-can-A-v-1-g-x	A	1	g-x
PWN-can-v-2	N	N	MW-can-A-v-1-h-x	A	1	h-x
PWN-can-v-2	N	N	MW-can-A-v-2-x	A	2	x
PWN-can-v-2	N	N	MW-can-A-v-1-t	A	1	t
PWN-can-v-2	N	N	MW-can-A-v-2-t	A	2	t
PWN-can-v-2	N	N	MW-can-A-v-1-i	A	1	i
PWN-can-v-2	N	N	MW-can-B-v-1-a-t	B	1	a-t
PWN-can-v-2	N	N	MW-can-B-v-1-b-t	B	1	b-t
PWN-can-v-2	N	N	MW-can-B-v-1-c-t	B	1	c-t
PWN-can-v-2	Y	Y	MW-can-B-v-2-t	B	2	t
PWN-can-v-2	N	N	MW-can-B-v-3-t	B	3	t
PWN-clip-v-1	N	N	MW-clip-A-v-1-t	A	1	t
PWN-clip-v-1	N	N	MW-clip-A-v-2-a-t	A	2	a-t
PWN-clip-v-1	N	N	MW-clip-A-v-2-b-t	A	2	b-t
PWN-clip-v-1	N	N	MW-clip-B-v-1-a-t	B	1	a-t
PWN-clip-v-1	Y	Y	MW-clip-B-v-1-b-t	B	1	b-t
PWN-clip-v-1	N	N	MW-clip-B-v-1-c-1-t	B	1	c-1-t
PWN-clip-v-1	N	N	MW-clip-B-v-1-c-2-t	B	1	c-2-t
PWN-clip-v-1	N	N	MW-clip-B-v-2-a-t	B	2	a-t
PWN-clip-v-1	N	N	MW-clip-B-v-2-b-t	B	2	b-t
PWN-clip-v-1	N	N	MW-clip-B-v-3-t	B	3	t
PWN-clip-v-1	N	N	MW-clip-B-v-4-t	B	4	t
PWN-clip-v-1	N	N	MW-clip-B-v-5-t	B	5	t
PWN-clip-v-1	N	N	MW-clip-B-v-1-i	B	1	i
PWN-clip-v-1	N	N	MW-clip-B-v-2-i	B	2	i
PWN-clip-v-1	N	N	MW-clip-B-v-3-i	B	3	i
PWN-clip-v-2	N	N	MW-clip-A-v-1-t	A	1	t
PWN-clip-v-2	N	N	MW-clip-A-v-2-a-t	A	2	a-t
PWN-clip-v-2	N	N	MW-clip-A-v-2-b-t	A	2	b-t
PWN-clip-v-2	N	N	MW-clip-B-v-1-a-t	B	1	a-t
PWN-clip-v-2	N	N	MW-clip-B-v-1-b-t	B	1	b-t
PWN-clip-v-2	N	N	MW-clip-B-v-1-c-1-t	B	1	c-1-t
PWN-clip-v-2	N	N	MW-clip-B-v-1-c-2-t	B	1	c-2-t
PWN-clip-v-2	N	N	MW-clip-B-v-2-a-t	B	2	a-t
PWN-clip-v-2	N	N	MW-clip-B-v-2-b-t	B	2	b-t
PWN-clip-v-2	N	N	MW-clip-B-v-3-t	B	3	t
PWN-clip-v-2	N	N	MW-clip-B-v-4-t	B	4	t
PWN-clip-v-2	N	N	MW-clip-B-v-5-t	B	5	t
PWN-clip-v-2	N	N	MW-clip-B-v-1-i	B	1	i
PWN-clip-v-2	N	N	MW-clip-B-v-2-i	B	2	i
PWN-clip-v-2	N	N	MW-clip-B-v-3-i	B	3	i
PWN-clip-v-3	N	N	MW-clip-A-v-1-t	A	1	t
PWN-clip-v-3	N	N	MW-clip-A-v-2-a-t	A	2	a-t
PWN-clip-v-3	Y	Y	MW-clip-A-v-2-b-t	A	2	b-t
PWN-clip-v-3	N	N	MW-clip-B-v-1-a-t	B	1	a-t
PWN-clip-v-3	N	N	MW-clip-B-v-1-b-t	B	1	b-t
PWN-clip-v-3	N	N	MW-clip-B-v-1-c-1-t	B	1	c-1-t
PWN-clip-v-3	N	N	MW-clip-B-v-1-c-2-t	B	1	c-2-t
PWN-clip-v-3	N	N	MW-clip-B-v-2-a-t	B	2	a-t
PWN-clip-v-3	N	N	MW-clip-B-v-2-b-t	B	2	b-t
PWN-clip-v-3	N	N	MW-clip-B-v-3-t	B	3	t
PWN-clip-v-3	N	N	MW-clip-B-v-4-t	B	4	t
PWN-clip-v-3	N	N	MW-clip-B-v-5-t	B	5	t
PWN-clip-v-3	N	N	MW-clip-B-v-1-i	B	1	i
PWN-clip-v-3	N	N	MW-clip-B-v-2-i	B	2	i
PWN-clip-v-3	N	N	MW-clip-B-v-3-i	B	3	i
PWN-clip-v-4	N	N	MW-clip-A-v-1-t	A	1	t
PWN-clip-v-4	N	N	MW-clip-A-v-2-a-t	A	2	a-t
PWN-clip-v-4	N	N	MW-clip-A-v-2-b-t	A	2	b-t
PWN-clip-v-4	N	N	MW-clip-B-v-1-a-t	B	1	a-t
PWN-clip-v-4	Y	Y	MW-clip-B-v-1-b-t	B	1	b-t
PWN-clip-v-4	N	N	MW-clip-B-v-1-c-1-t	B	1	c-1-t
PWN-clip-v-4	N	N	MW-clip-B-v-1-c-2-t	B	1	c-2-t
PWN-clip-v-4	N	N	MW-clip-B-v-2-a-t	B	2	a-t
PWN-clip-v-4	N	N	MW-clip-B-v-2-b-t	B	2	b-t
PWN-clip-v-4	N	N	MW-clip-B-v-3-t	B	3	t
PWN-clip-v-4	N	N	MW-clip-B-v-4-t	B	4	t
PWN-clip-v-4	N	N	MW-clip-B-v-5-t	B	5	t
PWN-clip-v-4	N	N	MW-clip-B-v-1-i	B	1	i
PWN-clip-v-4	N	N	MW-clip-B-v-2-i	B	2	i
PWN-clip-v-4	N	N	MW-clip-B-v-3-i	B	3	i
PWN-clip-v-5	N	N	MW-clip-A-v-1-t	A	1	t
PWN-clip-v-5	N	N	MW-clip-A-v-2-a-t	A	2	a-t
PWN-clip-v-5	N	N	MW-clip-A-v-2-b-t	A	2	b-t
PWN-clip-v-5	N	N	MW-clip-B-v-1-a-t	B	1	a-t
PWN-clip-v-5	N	N	MW-clip-B-v-1-b-t	B	1	b-t
PWN-clip-v-5	N	N	MW-clip-B-v-1-c-1-t	B	1	c-1-t
PWN-clip-v-5	N	N	MW-clip-B-v-1-c-2-t	B	1	c-2-t
PWN-clip-v-5	Y	Y	MW-clip-B-v-2-a-t	B	2	a-t
PWN-clip-v-5	Y	Y	MW-clip-B-v-2-b-t	B	2	b-t
PWN-clip-v-5	N	N	MW-clip-B-v-3-t	B	3	t
PWN-clip-v-5	N	N	MW-clip-B-v-4-t	B	4	t
PWN-clip-v-5	N	N	MW-clip-B-v-5-t	B	5	t
PWN-clip-v-5	N	N	MW-clip-B-v-1-i	B	1	i
PWN-clip-v-5	N	N	MW-clip-B-v-2-i	B	2	i
PWN-clip-v-5	N	N	MW-clip-B-v-3-i	B	3	i
PWN-date-v-1	N	N	MW-date-B-v-1-t	B	1	t
PWN-date-v-1	N	N	MW-date-B-v-2-t	B	2	t
PWN-date-v-1	N	N	MW-date-B-v-3-a-t	B	3	a-t
PWN-date-v-1	N	N	MW-date-B-v-3-b-t	B	3	b-t
PWN-date-v-1	Y	Y	MW-date-B-v-4-t	B	4	t
PWN-date-v-1	N	N	MW-date-B-v-1-i	B	1	i
PWN-date-v-1	N	N	MW-date-B-v-2-i	B	2	i
PWN-date-v-1	N	N	MW-date-B-v-3-i	B	3	i
PWN-date-v-1	N	N	MW-date-B-v-4-i	B	4	i
PWN-date-v-2	N	N	MW-date-B-v-1-t	B	1	t
PWN-date-v-2	Y	Y	MW-date-B-v-2-t	B	2	t
PWN-date-v-2	N	N	MW-date-B-v-3-a-t	B	3	a-t
PWN-date-v-2	N	N	MW-date-B-v-3-b-t	B	3	b-t
PWN-date-v-2	N	N	MW-date-B-v-4-t	B	4	t
PWN-date-v-2	N	N	MW-date-B-v-1-i	B	1	i
PWN-date-v-2	N	N	MW-date-B-v-2-i	B	2	i
PWN-date-v-2	N	N	MW-date-B-v-3-i	B	3	i
PWN-date-v-2	N	N	MW-date-B-v-4-i	B	4	i
PWN-date-v-3	Y	Y	MW-date-B-v-1-t	B	1	t
PWN-date-v-3	N	N	MW-date-B-v-2-t	B	2	t
PWN-date-v-3	N	N	MW-date-B-v-3-a-t	B	3	a-t
PWN-date-v-3	N	N	MW-date-B-v-3-b-t	B	3	b-t
PWN-date-v-3	N	N	MW-date-B-v-4-t	B	4	t
PWN-date-v-3	Y	Y	MW-date-B-v-1-i	B	1	i
PWN-date-v-3	N	N	MW-date-B-v-2-i	B	2	i
PWN-date-v-3	N	N	MW-date-B-v-3-i	B	3	i
PWN-date-v-3	N	N	MW-date-B-v-4-i	B	4	i
PWN-date-v-4	N	N	MW-date-B-v-1-t	B	1	t
PWN-date-v-4	N	N	MW-date-B-v-2-t	B	2	t
PWN-date-v-4	N	N	MW-date-B-v-3-a-t	B	3	a-t
PWN-date-v-4	N	N	MW-date-B-v-3-b-t	B	3	b-t
PWN-date-v-4	N	N	MW-date-B-v-4-t	B	4	t
PWN-date-v-4	N	N	MW-date-B-v-1-i	B	1	i
PWN-date-v-4	N	N	MW-date-B-v-2-i	B	2	i
PWN-date-v-4	N	N	MW-date-B-v-3-i	B	3	i
PWN-date-v-4	Y	Y	MW-date-B-v-4-i	B	4	i
PWN-date-v-5	N	N	MW-date-B-v-1-t	B	1	t
PWN-date-v-5	Y	Y	MW-date-B-v-2-t	B	2	t
PWN-date-v-5	N	N	MW-date-B-v-3-a-t	B	3	a-t
PWN-date-v-5	N	N	MW-date-B-v-3-b-t	B	3	b-t
PWN-date-v-5	N	N	MW-date-B-v-4-t	B	4	t
PWN-date-v-5	N	N	MW-date-B-v-1-i	B	1	i
PWN-date-v-5	N	N	MW-date-B-v-2-i	B	2	i
PWN-date-v-5	N	N	MW-date-B-v-3-i	B	3	i
PWN-date-v-5	N	N	MW-date-B-v-4-i	B	4	i
PWN-duck-v-1	Y	Y	MW-duck-B-v-1-a-i	B	1	a-i
PWN-duck-v-1	Y	Y	MW-duck-B-v-1-b-i	B	1	b-i
PWN-duck-v-1	N	N	MW-duck-B-v-2-a-i	B	2	a-i
PWN-duck-v-1	N	N	MW-duck-B-v-2-b-i	B	2	b-i
PWN-duck-v-1	N	N	MW-duck-B-v-3-a-i	B	3	a-i
PWN-duck-v-1	N	N	MW-duck-B-v-3-b-i	B	3	b-i
PWN-duck-v-1	Y	Y	MW-duck-B-v-1-t	B	1	t
PWN-duck-v-1	N	N	MW-duck-B-v-2-t	B	2	t
PWN-duck-v-1	N	N	MW-duck-B-v-3-t	B	3	t
PWN-duck-v-2	N	N	MW-duck-B-v-1-a-i	B	1	a-i
PWN-duck-v-2	N	N	MW-duck-B-v-1-b-i	B	1	b-i
PWN-duck-v-2	N	N	MW-duck-B-v-2-a-i	B	2	a-i
PWN-duck-v-2	N	N	MW-duck-B-v-2-b-i	B	2	b-i
PWN-duck-v-2	Y	Y	MW-duck-B-v-3-a-i	B	3	a-i
PWN-duck-v-2	N	N	MW-duck-B-v-3-b-i	B	3	b-i
PWN-duck-v-2	N	N	MW-duck-B-v-1-t	B	1	t
PWN-duck-v-2	N	N	MW-duck-B-v-2-t	B	2	t
PWN-duck-v-2	N	N	MW-duck-B-v-3-t	B	3	t
PWN-duck-v-3	N	N	MW-duck-B-v-1-a-i	B	1	a-i
PWN-duck-v-3	N	N	MW-duck-B-v-1-b-i	B	1	b-i
PWN-duck-v-3	N	N	MW-duck-B-v-2-a-i	B	2	a-i
PWN-duck-v-3	N	N	MW-duck-B-v-2-b-i	B	2	b-i
PWN-duck-v-3	N	N	MW-duck-B-v-3-a-i	B	3	a-i
PWN-duck-v-3	Y	Y	MW-duck-B-v-3-b-i	B	3	b-i
PWN-duck-v-3	N	N	MW-duck-B-v-1-t	B	1	t
PWN-duck-v-3	N	N	MW-duck-B-v-2-t	B	2	t
PWN-duck-v-3	N	N	MW-duck-B-v-3-t	B	3	t
PWN-duck-v-4	N	N	MW-duck-B-v-1-a-i	B	1	a-i
PWN-duck-v-4	N	N	MW-duck-B-v-1-b-i	B	1	b-i
PWN-duck-v-4	N	N	MW-duck-B-v-2-a-i	B	2	a-i
PWN-duck-v-4	Y	Y	MW-duck-B-v-2-b-i	B	2	b-i
PWN-duck-v-4	N	N	MW-duck-B-v-3-a-i	B	3	a-i
PWN-duck-v-4	N	N	MW-duck-B-v-3-b-i	B	3	b-i
PWN-duck-v-4	N	N	MW-duck-B-v-1-t	B	1	t
PWN-duck-v-4	Y	Y	MW-duck-B-v-2-t	B	2	t
PWN-duck-v-4	N	N	MW-duck-B-v-3-t	B	3	t
PWN-file-v-1	N	N	MW-file-A-v-1-t	A	1	t
PWN-file-v-1	N	N	MW-file-B-v-1-t	B	1	t
PWN-file-v-1	N	N	MW-file-C-v-1-t	C	1	t
PWN-file-v-1	Y	Y	MW-file-C-v-2-a-t	C	2	a-t
PWN-file-v-1	N	N	MW-file-C-v-2-b-t	C	2	b-t
PWN-file-v-1	N	N	MW-file-C-v-2-c-t	C	2	c-t
PWN-file-v-1	N	N	MW-file-C-v-3-t	C	3	t
PWN-file-v-1	Y	Y	MW-file-C-v-1-i	C	1	i
PWN-file-v-1	N	N	MW-file-C-v-2-i	C	2	i
PWN-file-v-1	Y	Y	MW-file-C-v-3-i	C	3	i
PWN-file-v-1	N	N	MW-file-D-v-1-i	D	1	i
PWN-file-v-2	Y	Y	MW-file-A-v-1-t	A	1	t
PWN-file-v-2	N	N	MW-file-B-v-1-t	B	1	t
PWN-file-v-2	N	N	MW-file-C-v-1-t	C	1	t
PWN-file-v-2	N	N	MW-file-C-v-2-a-t	C	2	a-t
PWN-file-v-2	N	N	MW-file-C-v-2-b-t	C	2	b-t
PWN-file-v-2	N	N	MW-file-C-v-2-c-t	C	2	c-t
PWN-file-v-2	N	N	MW-file-C-v-3-t	C	3	t
PWN-file-v-2	N	N	MW-file-C-v-1-i	C	1	i
PWN-file-v-2	N	N	MW-file-C-v-2-i	C	2	i
PWN-file-v-2	N	N	MW-file-C-v-3-i	C	3	i
PWN-file-v-2	N	N	MW-file-D-v-1-i	D	1	i
PWN-file-v-3	N	N	MW-file-A-v-1-t	A	1	t
PWN-file-v-3	N	N	MW-file-B-v-1-t	B	1	t
PWN-file-v-3	N	N	MW-file-C-v-1-t	C	1	t
PWN-file-v-3	N	N	MW-file-C-v-2-a-t	C	2	a-t
PWN-file-v-3	N	N	MW-file-C-v-2-b-t	C	2	b-t
PWN-file-v-3	N	N	MW-file-C-v-2-c-t	C	2	c-t
PWN-file-v-3	N	N	MW-file-C-v-3-t	C	3	t
PWN-file-v-3	N	N	MW-file-C-v-1-i	C	1	i
PWN-file-v-3	N	N	MW-file-C-v-2-i	C	2	i
PWN-file-v-3	N	N	MW-file-C-v-3-i	C	3	i
PWN-file-v-3	Y	Y	MW-file-D-v-1-i	D	1	i
PWN-file-v-4	N	N	MW-file-A-v-1-t	A	1	t
PWN-file-v-4	N	N	MW-file-B-v-1-t	B	1	t
PWN-file-v-4	N	N	MW-file-C-v-1-t	C	1	t
PWN-file-v-4	N	N	MW-file-C-v-2-a-t	C	2	a-t
PWN-file-v-4	N	N	MW-file-C-v-2-b-t	C	2	b-t
PWN-file-v-4	N	N	MW-file-C-v-2-c-t	C	2	c-t
PWN-file-v-4	Y	Y	MW-file-C-v-3-t	C	3	t
PWN-file-v-4	N	N	MW-file-C-v-1-i	C	1	i
PWN-file-v-4	N	N	MW-file-C-v-2-i	C	2	i
PWN-file-v-4	N	N	MW-file-C-v-3-i	C	3	i
PWN-file-v-4	N	N	MW-file-D-v-1-i	D	1	i
PWN-file-v-5	N	N	MW-file-A-v-1-t	A	1	t
PWN-file-v-5	N	N	MW-file-B-v-1-t	B	1	t
PWN-file-v-5	Y	Y	MW-file-C-v-1-t	C	1	t
PWN-file-v-5	N	N	MW-file-C-v-2-a-t	C	2	a-t
PWN-file-v-5	N	N	MW-file-C-v-2-b-t	C	2	b-t
PWN-file-v-5	N	N	MW-file-C-v-2-c-t	C	2	c-t
PWN-file-v-5	N	N	MW-file-C-v-3-t	C	3	t
PWN-file-v-5	N	N	MW-file-C-v-1-i	C	1	i
PWN-file-v-5	Y	Y	MW-file-C-v-2-i	C	2	i
PWN-file-v-5	N	N	MW-file-C-v-3-i	C	3	i
PWN-file-v-5	N	N	MW-file-D-v-1-i	D	1	i
PWN-fly-v-1	Y	Y	MW-fly-A-v-1-a-i	A	1	a-i
PWN-fly-v-1	Y	Y	MW-fly-A-v-1-b-i	A	1	b-i
PWN-fly-v-1	N	N	MW-fly-A-v-1-c-i	A	1	c-i
PWN-fly-v-1	N	N	MW-fly-A-v-2-a-i	A	2	a-i
PWN-fly-v-1	N	N	MW-fly-A-v-2-b-i	A	2	b-i
PWN-fly-v-1	N	N	MW-fly-A-v-3-a-i	A	3	a-i
PWN-fly-v-1	N	N	MW-fly-A-v-3-b-i	A	3	b-i
PWN-fly-v-1	N	N	MW-fly-A-v-3-c-i	A	3	c-i
PWN-fly-v-1	N	N	MW-fly-A-v-4-i	A	4	i
PWN-fly-v-1	N	N	MW-fly-A-v-5-i	A	5	i
PWN-fly-v-1	N	N	MW-fly-A-v-6-i	A	6	i
PWN-fly-v-1	N	N	MW-fly-A-v-1-a-t	A	1	a-t
PWN-fly-v-1	N	N	MW-fly-A-v-1-b-t	A	1	b-t
PWN-fly-v-1	N	N	MW-fly-A-v-1-c-t	A	1	c-t
PWN-fly-v-1	N	N	MW-fly-A-v-2-a-t	A	2	a-t
PWN-fly-v-1	N	N	MW-fly-A-v-2-b-t	A	2	b-t
PWN-fly-v-1	N	N	MW-fly-A-v-3-t	A	3	t
PWN-fly-v-1	N	N	MW-fly-B-v-1-i	B	1	i
PWN-fly-v-2	N	N	MW-fly-A-v-1-a-i	A	1	a-i
PWN-fly-v-2	N	N	MW-fly-A-v-1-b-i	A	1	b-i
PWN-fly-v-2	N	N	MW-fly-A-v-1-c-i	A	1	c-i
PWN-fly-v-2	N	N	MW-fly-A-v-2-a-i	A	2	a-i
PWN-fly-v-2	N	N	MW-fly-A-v-2-b-i	A	2	b-i
PWN-fly-v-2	Y	Y	MW-fly-A-v-3-a-i	A	3	a-i
PWN-fly-v-2	N	N	MW-fly-A-v-3-b-i	A	3	b-i
PWN-fly-v-2	N	N	MW-fly-A-v-3-c-i	A	3	c-i
PWN-fly-v-2	N	N	MW-fly-A-v-4-i	A	4	i
PWN-fly-v-2	N	N	MW-fly-A-v-5-i	A	5	i
PWN-fly-v-2	N	N	MW-fly-A-v-6-i	A	6	i
PWN-fly-v-2	N	N	MW-fly-A-v-1-a-t	A	1	a-t
PWN-fly-v-2	N	N	MW-fly-A-v-1-b-t	A	1	b-t
PWN-fly-v-2	N	N	MW-fly-A-v-1-c-t	A	1	c-t
PWN-fly-v-2	N	N	MW-fly-A-v-2-a-t	A	2	a-t
PWN-fly-v-2	N	N	MW-fly-A-v-2-b-t	A	2	b-t
PWN-fly-v-2	N	N	MW-fly-A-v-3-t	A	3	t
PWN-fly-v-2	N	N	MW-fly-B-v-1-i	B	1	i
PWN-fly-v-3	N	N	MW-fly-A-v-1-a-i	A	1	a-i
PWN-fly-v-3	N	N	MW-fly-A-v-1-b-i	A	1	b-i
PWN-fly-v-3	N	N	MW-fly-A-v-1-c-i	A	1	c-i
PWN-fly-v-3	N	N	MW-fly-A-v-2-a-i	A	2	a-i
PWN-fly-v-3	N	N	MW-fly-A-v-2-b-i	A	2	b-i
PWN-fly-v-3	N	N	MW-fly-A-v-3-a-i	A	3	a-i
PWN-fly-v-3	N	N	MW-fly-A-v-3-b-i	A	3	b-i
PWN-fly-v-3	N	N	MW-fly-A-v-3-c-i	A	3	c-i
PWN-fly-v-3	N	N	MW-fly-A-v-4-i	A	4	i
PWN-fly-v-3	Y	Y	MW-fly-A-v-5-i	A	5	i
PWN-fly-v-3	N	N	MW-fly-A-v-6-i	A	6	i
PWN-fly-v-3	N	N	MW-fly-A-v-1-a-t	A	1	a-t
PWN-fly-v-3	N	N	MW-fly-A-v-1-b-t	A	1	b-t
PWN-fly-v-3	N	N	MW-fly-A-v-1-c-t	A	1	c-t
PWN-fly-v-3	N	N	MW-fly-A-v-2-a-t	A	2	a-t
PWN-fly-v-3	N	N	MW-fly-A-v-2-b-t	A	2	b-t
PWN-fly-v-3	N	N	MW-fly-A-v-3-t	A	3	t
PWN-fly-v-3	N	N	MW-fly-B-v-1-i	B	1	i
PWN-fly-v-4	N	N	MW-fly-A-v-1-a-i	A	1	a-i
PWN-fly-v-4	N	N	MW-fly-A-v-1-b-i	A	1	b-i
PWN-fly-v-4	N	N	MW-fly-A-v-1-c-i	A	1	c-i
PWN-fly-v-4	N	N	MW-fly-A-v-2-a-i	A	2	a-i
PWN-fly-v-4	N	N	MW-fly-A-v-2-b-i	A	2	b-i
PWN-fly-v-4	N	N	MW-fly-A-v-3-a-i	A	3	a-i
PWN-fly-v-4	N	N	MW-fly-A-v-3-b-i	A	3	b-i
PWN-fly-v-4	N	N	MW-fly-A-v-3-c-i	A	3	c-i
PWN-fly-v-4	N	N	MW-fly-A-v-4-i	A	4	i
PWN-fly-v-4	N	N	MW-fly-A-v-5-i	A	5	i
PWN-fly-v-4	N	N	MW-fly-A-v-6-i	A	6	i
PWN-fly-v-4	N	N	MW-fly-A-v-1-a-t	A	1	a-t
PWN-fly-v-4	N	N	MW-fly-A-v-1-b-t	A	1	b-t
PWN-fly-v-4	N	N	MW-fly-A-v-1-c-t	A	1	c-t
PWN-fly-v-4	N	N	MW-fly-A-v-2-a-t	A	2	a-t
PWN-fly-v-4	N	N	MW-fly-A-v-2-b-t	A	2	b-t
PWN-fly-v-4	Y	Y	MW-fly-A-v-3-t	A	3	t
PWN-fly-v-4	N	N	MW-fly-B-v-1-i	B	1	i
PWN-fly-v-5	N	N	MW-fly-A-v-1-a-i	A	1	a-i
PWN-fly-v-5	N	N	MW-fly-A-v-1-b-i	A	1	b-i
PWN-fly-v-5	N	N	MW-fly-A-v-1-c-i	A	1	c-i
PWN-fly-v-5	N	N	MW-fly-A-v-2-a-i	A	2	a-i
PWN-fly-v-5	N	N	MW-fly-A-v-2-b-i	A	2	b-i
PWN-fly-v-5	N	N	MW-fly-A-v-3-a-i	A	3	a-i
PWN-fly-v-5	N	N	MW-fly-A-v-3-b-i	A	3	b-i
PWN-fly-v-5	N	N	MW-fly-A-v-3-c-i	A	3	c-i
PWN-fly-v-5	N	N	MW-fly-A-v-4-i	A	4	i
PWN-fly-v-5	N	N	MW-fly-A-v-5-i	A	5	i
PWN-fly-v-5	N	N	MW-fly-A-v-6-i	A	6	i
PWN-fly-v-5	Y	Y	MW-fly-A-v-1-a-t	A	1	a-t
PWN-fly-v-5	N	N	MW-fly-A-v-1-b-t	A	1	b-t
PWN-fly-v-5	N	N	MW-fly-A-v-1-c-t	A	1	c-t
PWN-fly-v-5	N	N	MW-fly-A-v-2-a-t	A	2	a-t
PWN-fly-v-5	N	N	MW-fly-A-v-2-b-t	A	2	b-t
PWN-fly-v-5	N	N	MW-fly-A-v-3-t	A	3	t
PWN-fly-v-5	N	N	MW-fly-B-v-1-i	B	1	i
PWN-fly-v-6	N	N	MW-fly-A-v-1-a-i	A	1	a-i
PWN-fly-v-6	N	N	MW-fly-A-v-1-b-i	A	1	b-i
PWN-fly-v-6	N	N	MW-fly-A-v-1-c-i	A	1	c-i
PWN-fly-v-6	N	N	MW-fly-A-v-2-a-i	A	2	a-i
PWN-fly-v-6	N	N	MW-fly-A-v-2-b-i	A	2	b-i
PWN-fly-v-6	Y	Y	MW-fly-A-v-3-a-i	A	3	a-i
PWN-fly-v-6	N	N	MW-fly-A-v-3-b-i	A	3	b-i
PWN-fly-v-6	N	N	MW-fly-A-v-3-c-i	A	3	c-i
PWN-fly-v-6	N	N	MW-fly-A-v-4-i	A	4	i
PWN-fly-v-6	N	N	MW-fly-A-v-5-i	A	5	i
PWN-fly-v-6	N	N	MW-fly-A-v-6-i	A	6	i
PWN-fly-v-6	N	N	MW-fly-A-v-1-a-t	A	1	a-t
PWN-fly-v-6	N	N	MW-fly-A-v-1-b-t	A	1	b-t
PWN-fly-v-6	N	N	MW-fly-A-v-1-c-t	A	1	c-t
PWN-fly-v-6	N	N	MW-fly-A-v-2-a-t	A	2	a-t
PWN-fly-v-6	N	N	MW-fly-A-v-2-b-t	A	2	b-t
PWN-fly-v-6	N	N	MW-fly-A-v-3-t	A	3	t
PWN-fly-v-6	N	N	MW-fly-B-v-1-i	B	1	i
PWN-fly-v-7	N	N	MW-fly-A-v-1-a-i	A	1	a-i
PWN-fly-v-7	N	N	MW-fly-A-v-1-b-i	A	1	b-i
PWN-fly-v-7	N	N	MW-fly-A-v-1-c-i	A	1	c-i
PWN-fly-v-7	N	N	MW-fly-A-v-2-a-i	A	2	a-i
PWN-fly-v-7	N	N	MW-fly-A-v-2-b-i	A	2	b-i
PWN-fly-v-7	N	N	MW-fly-A-v-3-a-i	A	3	a-i
PWN-fly-v-7	Y	Y	MW-fly-A-v-3-b-i	A	3	b-i
PWN-fly-v-7	N	N	MW-fly-A-v-3-c-i	A	3	c-i
PWN-fly-v-7	N	N	MW-fly-A-v-4-i	A	4	i
PWN-fly-v-7	N	N	MW-fly-A-v-5-i	A	5	i
PWN-fly-v-7	N	N	MW-fly-A-v-6-i	A	6	i
PWN-fly-v-7	N	N	MW-fly-A-v-1-a-t	A	1	a-t
PWN-fly-v-7	N	N	MW-fly-A-v-1-b-t	A	1	b-t
PWN-fly-v-7	N	N	MW-fly-A-v-1-c-t	A	1	c-t
PWN-fly-v-7	N	N	MW-fly-A-v-2-a-t	A	2	a-t
PWN-fly-v-7	N	N	MW-fly-A-v-2-b-t	A	2	b-t
PWN-fly-v-7	N	N	MW-fly-A-v-3-t	A	3	t
PWN-fly-v-7	N	N	MW-fly-B-v-1-i	B	1	i
PWN-fly-v-8	N	N	MW-fly-A-v-1-a-i	A	1	a-i
PWN-fly-v-8	N	N	MW-fly-A-v-1-b-i	A	1	b-i
PWN-fly-v-8	N	N	MW-fly-A-v-1-c-i	A	1	c-i
PWN-fly-v-8	N	N	MW-fly-A-v-2-a-i	A	2	a-i
PWN-fly-v-8	N	N	MW-fly-A-v-2-b-i	A	2	b-i
PWN-fly-v-8	N	N	MW-fly-A-v-3-a-i	A	3	a-i
PWN-fly-v-8	N	N	MW-fly-A-v-3-b-i	A	3	b-i
PWN-fly-v-8	Y	Y	MW-fly-A-v-3-c-i	A	3	c-i
PWN-fly-v-8	N	N	MW-fly-A-v-4-i	A	4	i
PWN-fly-v-8	N	N	MW-fly-A-v-5-i	A	5	i
PWN-fly-v-8	N	N	MW-fly-A-v-6-i	A	6	i
PWN-fly-v-8	N	N	MW-fly-A-v-1-a-t	A	1	a-t
PWN-fly-v-8	N	N	MW-fly-A-v-1-b-t	A	1	b-t
PWN-fly-v-8	N	N	MW-fly-A-v-1-c-t	A	1	c-t
PWN-fly-v-8	N	N	MW-fly-A-v-2-a-t	A	2	a-t
PWN-fly-v-8	N	N	MW-fly-A-v-2-b-t	A	2	b-t
PWN-fly-v-8	N	N	MW-fly-A-v-3-t	A	3	t
PWN-fly-v-8	N	N	MW-fly-B-v-1-i	B	1	i
PWN-fly-v-9	N	N	MW-fly-A-v-1-a-i	A	1	a-i
PWN-fly-v-9	N	N	MW-fly-A-v-1-b-i	A	1	b-i
PWN-fly-v-9	N	N	MW-fly-A-v-1-c-i	A	1	c-i
PWN-fly-v-9	N	N	MW-fly-A-v-2-a-i	A	2	a-i
PWN-fly-v-9	N	N	MW-fly-A-v-2-b-i	A	2	b-i
PWN-fly-v-9	N	N	MW-fly-A-v-3-a-i	A	3	a-i
PWN-fly-v-9	N	N	MW-fly-A-v-3-b-i	A	3	b-i
PWN-fly-v-9	N	N	MW-fly-A-v-3-c-i	A	3	c-i
PWN-fly-v-9	N	N	MW-fly-A-v-4-i	A	4	i
PWN-fly-v-9	Y	Y	MW-fly-A-v-5-i	A	5	i
PWN-fly-v-9	N	N	MW-fly-A-v-6-i	A	6	i
PWN-fly-v-9	N	N	MW-fly-A-v-1-a-t	A	1	a-t
PWN-fly-v-9	N	N	MW-fly-A-v-1-b-t	A	1	b-t
PWN-fly-v-9	N	N	MW-fly-A-v-1-c-t	A	1	c-t
PWN-fly-v-9	N	N	MW-fly-A-v-2-a-t	A	2	a-t
PWN-fly-v-9	N	N	MW-fly-A-v-2-b-t	A	2	b-t
PWN-fly-v-9	N	N	MW-fly-A-v-3-t	A	3	t
PWN-fly-v-9	N	N	MW-fly-B-v-1-i	B	1	i
PWN-fly-v-10	N	N	MW-fly-A-v-1-a-i	A	1	a-i
PWN-fly-v-10	N	N	MW-fly-A-v-1-b-i	A	1	b-i
PWN-fly-v-10	N	N	MW-fly-A-v-1-c-i	A	1	c-i
PWN-fly-v-10	N	N	MW-fly-A-v-2-a-i	A	2	a-i
PWN-fly-v-10	N	N	MW-fly-A-v-2-b-i	A	2	b-i
PWN-fly-v-10	N	N	MW-fly-A-v-3-a-i	A	3	a-i
PWN-fly-v-10	N	N	MW-fly-A-v-3-b-i	A	3	b-i
PWN-fly-v-10	N	N	MW-fly-A-v-3-c-i	A	3	c-i
PWN-fly-v-10	N	N	MW-fly-A-v-4-i	A	4	i
PWN-fly-v-10	N	N	MW-fly-A-v-5-i	A	5	i
PWN-fly-v-10	N	N	MW-fly-A-v-6-i	A	6	i
PWN-fly-v-10	Y	Y	MW-fly-A-v-1-a-t	A	1	a-t
PWN-fly-v-10	N	N	MW-fly-A-v-1-b-t	A	1	b-t
PWN-fly-v-10	N	N	MW-fly-A-v-1-c-t	A	1	c-t
PWN-fly-v-10	N	N	MW-fly-A-v-2-a-t	A	2	a-t
PWN-fly-v-10	N	N	MW-fly-A-v-2-b-t	A	2	b-t
PWN-fly-v-10	N	N	MW-fly-A-v-3-t	A	3	t
PWN-fly-v-10	N	N	MW-fly-B-v-1-i	B	1	i
PWN-fly-v-11	N	N	MW-fly-A-v-1-a-i	A	1	a-i
PWN-fly-v-11	N	N	MW-fly-A-v-1-b-i	A	1	b-i
PWN-fly-v-11	N	N	MW-fly-A-v-1-c-i	A	1	c-i
PWN-fly-v-11	Y	Y	MW-fly-A-v-2-a-i	A	2	a-i
PWN-fly-v-11	N	N	MW-fly-A-v-2-b-i	A	2	b-i
PWN-fly-v-11	N	N	MW-fly-A-v-3-a-i	A	3	a-i
PWN-fly-v-11	N	N	MW-fly-A-v-3-b-i	A	3	b-i
PWN-fly-v-11	N	N	MW-fly-A-v-3-c-i	A	3	c-i
PWN-fly-v-11	N	N	MW-fly-A-v-4-i	A	4	i
PWN-fly-v-11	N	N	MW-fly-A-v-5-i	A	5	i
PWN-fly-v-11	N	N	MW-fly-A-v-6-i	A	6	i
PWN-fly-v-11	N	N	MW-fly-A-v-1-a-t	A	1	a-t
PWN-fly-v-11	N	N	MW-fly-A-v-1-b-t	A	1	b-t
PWN-fly-v-11	N	N	MW-fly-A-v-1-c-t	A	1	c-t
PWN-fly-v-11	Y	Y	MW-fly-A-v-2-a-t	A	2	a-t
PWN-fly-v-11	N	N	MW-fly-A-v-2-b-t	A	2	b-t
PWN-fly-v-11	N	N	MW-fly-A-v-3-t	A	3	t
PWN-fly-v-11	N	N	MW-fly-B-v-1-i	B	1	i
PWN-fly-v-12	N	N	MW-fly-A-v-1-a-i	A	1	a-i
PWN-fly-v-12	N	N	MW-fly-A-v-1-b-i	A	1	b-i
PWN-fly-v-12	N	N	MW-fly-A-v-1-c-i	A	1	c-i
PWN-fly-v-12	N	N	MW-fly-A-v-2-a-i	A	2	a-i
PWN-fly-v-12	N	N	MW-fly-A-v-2-b-i	A	2	b-i
PWN-fly-v-12	N	N	MW-fly-A-v-3-a-i	A	3	a-i
PWN-fly-v-12	N	N	MW-fly-A-v-3-b-i	A	3	b-i
PWN-fly-v-12	N	N	MW-fly-A-v-3-c-i	A	3	c-i
PWN-fly-v-12	N	N	MW-fly-A-v-4-i	A	4	i
PWN-fly-v-12	N	N	MW-fly-A-v-5-i	A	5	i
PWN-fly-v-12	N	N	MW-fly-A-v-6-i	A	6	i
PWN-fly-v-12	N	N	MW-fly-A-v-1-a-t	A	1	a-t
PWN-fly-v-12	N	N	MW-fly-A-v-1-b-t	A	1	b-t
PWN-fly-v-12	Y	Y	MW-fly-A-v-1-c-t	A	1	c-t
PWN-fly-v-12	N	N	MW-fly-A-v-2-a-t	A	2	a-t
PWN-fly-v-12	N	N	MW-fly-A-v-2-b-t	A	2	b-t
PWN-fly-v-12	N	N	MW-fly-A-v-3-t	A	3	t
PWN-fly-v-12	N	N	MW-fly-B-v-1-i	B	1	i
PWN-fly-v-13	N	N	MW-fly-A-v-1-a-i	A	1	a-i
PWN-fly-v-13	N	N	MW-fly-A-v-1-b-i	A	1	b-i
PWN-fly-v-13	N	N	MW-fly-A-v-1-c-i	A	1	c-i
PWN-fly-v-13	N	N	MW-fly-A-v-2-a-i	A	2	a-i
PWN-fly-v-13	N	N	MW-fly-A-v-2-b-i	A	2	b-i
PWN-fly-v-13	N	N	MW-fly-A-v-3-a-i	A	3	a-i
PWN-fly-v-13	N	N	MW-fly-A-v-3-b-i	A	3	b-i
PWN-fly-v-13	N	N	MW-fly-A-v-3-c-i	A	3	c-i
PWN-fly-v-13	N	N	MW-fly-A-v-4-i	A	4	i
PWN-fly-v-13	N	N	MW-fly-A-v-5-i	A	5	i
PWN-fly-v-13	N	N	MW-fly-A-v-6-i	A	6	i
PWN-fly-v-13	N	N	MW-fly-A-v-1-a-t	A	1	a-t
PWN-fly-v-13	N	N	MW-fly-A-v-1-b-t	A	1	b-t
PWN-fly-v-13	N	N	MW-fly-A-v-1-c-t	A	1	c-t
PWN-fly-v-13	N	N	MW-fly-A-v-2-a-t	A	2	a-t
PWN-fly-v-13	N	N	MW-fly-A-v-2-b-t	A	2	b-t
PWN-fly-v-13	N	N	MW-fly-A-v-3-t	A	3	t
PWN-fly-v-13	Y	Y	MW-fly-B-v-1-i	B	1	i
PWN-fly-v-14	N	N	MW-fly-A-v-1-a-i	A	1	a-i
PWN-fly-v-14	N	N	MW-fly-A-v-1-b-i	A	1	b-i
PWN-fly-v-14	N	N	MW-fly-A-v-1-c-i	A	1	c-i
PWN-fly-v-14	N	N	MW-fly-A-v-2-a-i	A	2	a-i
PWN-fly-v-14	Y	Y	MW-fly-A-v-2-b-i	A	2	b-i
PWN-fly-v-14	N	N	MW-fly-A-v-3-a-i	A	3	a-i
PWN-fly-v-14	N	N	MW-fly-A-v-3-b-i	A	3	b-i
PWN-fly-v-14	N	N	MW-fly-A-v-3-c-i	A	3	c-i
PWN-fly-v-14	Y	Y	MW-fly-A-v-4-i	A	4	i
PWN-fly-v-14	N	N	MW-fly-A-v-5-i	A	5	i
PWN-fly-v-14	N	N	MW-fly-A-v-6-i	A	6	i
PWN-fly-v-14	N	N	MW-fly-A-v-1-a-t	A	1	a-t
PWN-fly-v-14	N	N	MW-fly-A-v-1-b-t	A	1	b-t
PWN-fly-v-14	N	N	MW-fly-A-v-1-c-t	A	1	c-t
PWN-fly-v-14	N	N	MW-fly-A-v-2-a-t	A	2	a-t
PWN-fly-v-14	N	N	MW-fly-A-v-2-b-t	A	2	b-t
PWN-fly-v-14	N	N	MW-fly-A-v-3-t	A	3	t
PWN-fly-v-14	N	N	MW-fly-B-v-1-i	B	1	i
PWN-gloss-v-1	N	N	MW-gloss-A-v-1-a-t	A	1	a-t
PWN-gloss-v-1	N	N	MW-gloss-A-v-1-b-t	A	1	b-t
PWN-gloss-v-1	Y	Y	MW-gloss-A-v-2-t	A	2	t
PWN-gloss-v-1	N	N	MW-gloss-B-v-1-a-t	B	1	a-t
PWN-gloss-v-1	N	N	MW-gloss-B-v-1-b-t	B	1	b-t
PWN-gloss-v-1	N	N	MW-gloss-B-v-2-t	B	2	t
PWN-gloss-v-2	N	N	MW-gloss-A-v-1-a-t	A	1	a-t
PWN-gloss-v-2	N	N	MW-gloss-A-v-1-b-t	A	1	b-t
PWN-gloss-v-2	N	N	MW-gloss-A-v-2-t	A	2	t
PWN-gloss-v-2	Y	Y	MW-gloss-B-v-1-a-t	B	1	a-t
PWN-gloss-v-2	N	N	MW-gloss-B-v-1-b-t	B	1	b-t
PWN-gloss-v-2	N	N	MW-gloss-B-v-2-t	B	2	t
PWN-gloss-v-3	N	N	MW-gloss-A-v-1-a-t	A	1	a-t
PWN-gloss-v-3	N	N	MW-gloss-A-v-1-b-t	A	1	b-t
PWN-gloss-v-3	N	N	MW-gloss-A-v-2-t	A	2	t
PWN-gloss-v-3	Y	Y	MW-gloss-B-v-1-a-t	B	1	a-t
PWN-gloss-v-3	N	N	MW-gloss-B-v-1-b-t	B	1	b-t
PWN-gloss-v-3	N	N	MW-gloss-B-v-2-t	B	2	t
PWN-gloss-v-4	Y	Y	MW-gloss-A-v-1-a-t	A	1	a-t
PWN-gloss-v-4	N	N	MW-gloss-A-v-1-b-t	A	1	b-t
PWN-gloss-v-4	N	N	MW-gloss-A-v-2-t	A	2	t
PWN-gloss-v-4	N	N	MW-gloss-B-v-1-a-t	B	1	a-t
PWN-gloss-v-4	N	N	MW-gloss-B-v-1-b-t	B	1	b-t
PWN-gloss-v-4	N	N	MW-gloss-B-v-2-t	B	2	t
PWN-match-v-1	N	N	MW-match-A-v-1-a-t	A	1	a-t
PWN-match-v-1	N	N	MW-match-A-v-1-b-1-t	A	1	b-1-t
PWN-match-v-1	N	N	MW-match-A-v-1-b-2-t	A	1	b-2-t
PWN-match-v-1	N	N	MW-match-A-v-1-c-t	A	1	c-t
PWN-match-v-1	N	N	MW-match-A-v-2-t	A	2	t
PWN-match-v-1	N	N	MW-match-A-v-3-a-1-t	A	3	a-1-t
PWN-match-v-1	N	N	MW-match-A-v-3-a-2-t	A	3	a-2-t
PWN-match-v-1	N	N	MW-match-A-v-3-b-1-t	A	3	b-1-t
PWN-match-v-1	N	N	MW-match-A-v-3-b-2-t	A	3	b-2-t
PWN-match-v-1	N	N	MW-match-A-v-3-c-t	A	3	c-t
PWN-match-v-1	N	N	MW-match-A-v-3-d-t	A	3	d-t
PWN-match-v-1	N	N	MW-match-A-v-4-t	A	4	t
PWN-match-v-1	N	N	MW-match-A-v-5-a-t	A	5	a-t
PWN-match-v-1	N	N	MW-match-A-v-5-b-t	A	5	b-t
PWN-match-v-1	N	N	MW-match-A-v-1-i	A	1	i
PWN-match-v-2	N	N	MW-match-A-v-1-a-t	A	1	a-t
PWN-match-v-2	N	N	MW-match-A-v-1-b-1-t	A	1	b-1-t
PWN-match-v-2	N	N	MW-match-A-v-1-b-2-t	A	1	b-2-t
PWN-match-v-2	N	N	MW-match-A-v-1-c-t	A	1	c-t
PWN-match-v-2	N	N	MW-match-A-v-2-t	A	2	t
PWN-match-v-2	N	N	MW-match-A-v-3-a-1-t	A	3	a-1-t
PWN-match-v-2	N	N	MW-match-A-v-3-a-2-t	A	3	a-2-t
PWN-match-v-2	N	N	MW-match-A-v-3-b-1-t	A	3	b-1-t
PWN-match-v-2	N	N	MW-match-A-v-3-b-2-t	A	3	b-2-t
PWN-match-v-2	N	N	MW-match-A-v-3-c-t	A	3	c-t
PWN-match-v-2	Y	Y	MW-match-A-v-3-d-t	A	3	d-t
PWN-match-v-2	N	N	MW-match-A-v-4-t	A	4	t
PWN-match-v-2	N	N	MW-match-A-v-5-a-t	A	5	a-t
PWN-match-v-2	N	N	MW-match-A-v-5-b-t	A	5	b-t
PWN-match-v-2	N	N	MW-match-A-v-1-i	A	1	i
PWN-match-v-3	N	N	MW-match-A-v-1-a-t	A	1	a-t
PWN-match-v-3	N	N	MW-match-A-v-1-b-1-t	A	1	b-1-t
PWN-match-v-3	N	N	MW-match-A-v-1-b-2-t	A	1	b-2-t
PWN-match-v-3	Y	Y	MW-match-A-v-1-c-t	A	1	c-t
PWN-match-v-3	N	N	MW-match-A-v-2-t	A	2	t
PWN-match-v-3	N	N	MW-match-A-v-3-a-1-t	A	3	a-1-t
PWN-match-v-3	N	N	MW-match-A-v-3-a-2-t	A	3	a-2-t
PWN-match-v-3	N	N	MW-match-A-v-3-b-1-t	A	3	b-1-t
PWN-match-v-3	N	N	MW-match-A-v-3-b-2-t	A	3	b-2-t
PWN-match-v-3	Y	Y	MW-match-A-v-3-c-t	A	3	c-t
PWN-match-v-3	N	N	MW-match-A-v-3-d-t	A	3	d-t
PWN-match-v-3	N	N	MW-match-A-v-4-t	A	4	t
PWN-match-v-3	N	N	MW-match-A-v-5-a-t	A	5	a-t
PWN-match-v-3	N	N	MW-match-A-v-5-b-t	A	5	b-t
PWN-match-v-3	N	N	MW-match-A-v-1-i	A	1	i
PWN-match-v-4	N	N	MW-match-A-v-1-a-t	A	1	a-t
PWN-match-v-4	N	N	MW-match-A-v-1-b-1-t	A	1	b-1-t
PWN-match-v-4	N	N	MW-match-A-v-1-b-2-t	A	1	b-2-t
PWN-match-v-4	N	N	MW-match-A-v-1-c-t	A	1	c-t
PWN-match-v-4	N	N	MW-match-A-v-2-t	A	2	t
PWN-match-v-4	N	N	MW-match-A-v-3-a-1-t	A	3	a-1-t
PWN-match-v-4	N	N	MW-match-A-v-3-a-2-t	A	3	a-2-t
PWN-match-v-4	Y	Y	MW-match-A-v-3-b-1-t	A	3	b-1-t
PWN-match-v-4	N	N	MW-match-A-v-3-b-2-t	A	3	b-2-t
PWN-match-v-4	N	N	MW-match-A-v-3-c-t	A	3	c-t
PWN-match-v-4	N	N	MW-match-A-v-3-d-t	A	3	d-t
PWN-match-v-4	N	N	MW-match-A-v-4-t	A	4	t
PWN-match-v-4	N	N	MW-match-A-v-5-a-t	A	5	a-t
PWN-match-v-4	N	N	MW-match-A-v-5-b-t	A	5	b-t
PWN-match-v-4	N	N	MW-match-A-v-1-i	A	1	i
PWN-match-v-5	N	N	MW-match-A-v-1-a-t	A	1	a-t
PWN-match-v-5	N	N	MW-match-A-v-1-b-1-t	A	1	b-1-t
PWN-match-v-5	N	N	MW-match-A-v-1-b-2-t	A	1	b-2-t
PWN-match-v-5	N	N	MW-match-A-v-1-c-t	A	1	c-t
PWN-match-v-5	N	N	MW-match-A-v-2-t	A	2	t
PWN-match-v-5	N	N	MW-match-A-v-3-a-1-t	A	3	a-1-t
PWN-match-v-5	Y	Y	MW-match-A-v-3-a-2-t	A	3	a-2-t
PWN-match-v-5	N	N	MW-match-A-v-3-b-1-t	A	3	b-1-t
PWN-match-v-5	N	N	MW-match-A-v-3-b-2-t	A	3	b-2-t
PWN-match-v-5	N	N	MW-match-A-v-3-c-t	A	3	c-t
PWN-match-v-5	N	N	MW-match-A-v-3-d-t	A	3	d-t
PWN-match-v-5	N	N	MW-match-A-v-4-t	A	4	t
PWN-match-v-5	N	N	MW-match-A-v-5-a-t	A	5	a-t
PWN-match-v-5	N	N	MW-match-A-v-5-b-t	A	5	b-t
PWN-match-v-5	N	N	MW-match-A-v-1-i	A	1	i
PWN-match-v-6	N	N	MW-match-A-v-1-a-t	A	1	a-t
PWN-match-v-6	N	N	MW-match-A-v-1-b-1-t	A	1	b-1-t
PWN-match-v-6	N	N	MW-match-A-v-1-b-2-t	A	1	b-2-t
PWN-match-v-6	N	N	MW-match-A-v-1-c-t	A	1	c-t
PWN-match-v-6	Y	Y	MW-match-A-v-2-t	A	2	t
PWN-match-v-6	N	N	MW-match-A-v-3-a-1-t	A	3	a-1-t
PWN-match-v-6	N	N	MW-match-A-v-3-a-2-t	A	3	a-2-t
PWN-match-v-6	N	N	MW-match-A-v-3-b-1-t	A	3	b-1-t
PWN-match-v-6	N	N	MW-match-A-v-3-b-2-t	A	3	b-2-t
PWN-match-v-6	N	N	MW-match-A-v-3-c-t	A	3	c-t
PWN-match-v-6	N	N	MW-match-A-v-3-d-t	A	3	d-t
PWN-match-v-6	N	N	MW-match-A-v-4-t	A	4	t
PWN-match-v-6	N	N	MW-match-A-v-5-a-t	A	5	a-t
PWN-match-v-6	N	N	MW-match-A-v-5-b-t	A	5	b-t
PWN-match-v-6	N	N	MW-match-A-v-1-i	A	1	i
PWN-match-v-7	N	N	MW-match-A-v-1-a-t	A	1	a-t
PWN-match-v-7	Y	Y	MW-match-A-v-1-b-1-t	A	1	b-1-t
PWN-match-v-7	Y	Y	MW-match-A-v-1-b-2-t	A	1	b-2-t
PWN-match-v-7	Y	Y	MW-match-A-v-1-c-t	A	1	c-t
PWN-match-v-7	N	N	MW-match-A-v-2-t	A	2	t
PWN-match-v-7	N	N	MW-match-A-v-3-a-1-t	A	3	a-1-t
PWN-match-v-7	N	N	MW-match-A-v-3-a-2-t	A	3	a-2-t
PWN-match-v-7	N	N	MW-match-A-v-3-b-1-t	A	3	b-1-t
PWN-match-v-7	N	N	MW-match-A-v-3-b-2-t	A	3	b-2-t
PWN-match-v-7	N	N	MW-match-A-v-3-c-t	A	3	c-t
PWN-match-v-7	N	N	MW-match-A-v-3-d-t	A	3	d-t
PWN-match-v-7	N	N	MW-match-A-v-4-t	A	4	t
PWN-match-v-7	N	N	MW-match-A-v-5-a-t	A	5	a-t
PWN-match-v-7	N	N	MW-match-A-v-5-b-t	A	5	b-t
PWN-match-v-7	N	N	MW-match-A-v-1-i	A	1	i
PWN-match-v-8	N	N	MW-match-A-v-1-a-t	A	1	a-t
PWN-match-v-8	N	N	MW-match-A-v-1-b-1-t	A	1	b-1-t
PWN-match-v-8	N	N	MW-match-A-v-1-b-2-t	A	1	b-2-t
PWN-match-v-8	N	N	MW-match-A-v-1-c-t	A	1	c-t
PWN-match-v-8	N	N	MW-match-A-v-2-t	A	2	t
PWN-match-v-8	N	N	MW-match-A-v-3-a-1-t	A	3	a-1-t
PWN-match-v-8	N	N	MW-match-A-v-3-a-2-t	A	3	a-2-t
PWN-match-v-8	N	N	MW-match-A-v-3-b-1-t	A	3	b-1-t
PWN-match-v-8	Y	Y	MW-match-A-v-3-b-2-t	A	3	b-2-t
PWN-match-v-8	N	N	MW-match-A-v-3-c-t	A	3	c-t
PWN-match-v-8	N	N	MW-match-A-v-3-d-t	A	3	d-t
PWN-match-v-8	N	N	MW-match-A-v-4-t	A	4	t
PWN-match-v-8	N	N	MW-match-A-v-5-a-t	A	5	a-t
PWN-match-v-8	N	N	MW-match-A-v-5-b-t	A	5	b-t
PWN-match-v-8	N	N	MW-match-A-v-1-i	A	1	i
PWN-match-v-9	N	N	MW-match-A-v-1-a-t	A	1	a-t
PWN-match-v-9	N	N	MW-match-A-v-1-b-1-t	A	1	b-1-t
PWN-match-v-9	N	N	MW-match-A-v-1-b-2-t	A	1	b-2-t
PWN-match-v-9	N	N	MW-match-A-v-1-c-t	A	1	c-t
PWN-match-v-9	N	N	MW-match-A-v-2-t	A	2	t
PWN-match-v-9	Y	Y	MW-match-A-v-3-a-1-t	A	3	a-1-t
PWN-match-v-9	N	N	MW-match-A-v-3-a-2-t	A	3	a-2-t
PWN-match-v-9	N	N	MW-match-A-v-3-b-1-t	A	3	b-1-t
PWN-match-v-9	N	N	MW-match-A-v-3-b-2-t	A	3	b-2-t
PWN-match-v-9	N	N	MW-match-A-v-3-c-t	A	3	c-t
PWN-match-v-9	N	N	MW-match-A-v-3-d-t	A	3	d-t
PWN-match-v-9	Y	Y	MW-match-A-v-4-t	A	4	t
PWN-match-v-9	N	N	MW-match-A-v-5-a-t	A	5	a-t
PWN-match-v-9	N	N	MW-match-A-v-5-b-t	A	5	b-t
PWN-match-v-9	N	N	MW-match-A-v-1-i	A	1	i
PWN-mean-v-1	Y	Y	MW-mean-A-v-1-a-t	A	1	a-t
PWN-mean-v-1	N	N	MW-mean-A-v-1-b-t	A	1	b-t
PWN-mean-v-1	Y	Y	MW-mean-A-v-2-t	A	2	t
PWN-mean-v-1	N	N	MW-mean-A-v-3-t	A	3	t
PWN-mean-v-1	N	N	MW-mean-A-v-4-t	A	4	t
PWN-mean-v-1	N	N	MW-mean-A-v-1-i	A	1	i
PWN-mean-v-2	N	N	MW-mean-A-v-1-a-t	A	1	a-t
PWN-mean-v-2	N	N	MW-mean-A-v-1-b-t	A	1	b-t
PWN-mean-v-2	Y	Y	MW-mean-A-v-2-t	A	2	t
PWN-mean-v-2	N	N	MW-mean-A-v-3-t	A	3	t
PWN-mean-v-2	N	N	MW-mean-A-v-4-t	A	4	t
PWN-mean-v-2	N	N	MW-mean-A-v-1-i	A	1	i
PWN-mean-v-3	N	N	MW-mean-A-v-1-a-t	A	1	a-t
PWN-mean-v-3	N	N	MW-mean-A-v-1-b-t	A	1	b-t
PWN-mean-v-3	N	N	MW-mean-A-v-2-t	A	2	t
PWN-mean-v-3	N	N	MW-mean-A-v-3-t	A	3	t
PWN-mean-v-3	N	N	MW-mean-A-v-4-t	A	4	t
PWN-mean-v-3	N	N	MW-mean-A-v-1-i	A	1	i
PWN-mean-v-4	Y	Y	MW-mean-A-v-1-a-t	A	1	a-t
PWN-mean-v-4	N	N	MW-mean-A-v-1-b-t	A	1	b-t
PWN-mean-v-4	N	N	MW-mean-A-v-2-t	A	2	t
PWN-mean-v-4	N	N	MW-mean-A-v-3-t	A	3	t
PWN-mean-v-4	N	N	MW-mean-A-v-4-t	A	4	t
PWN-mean-v-4	Y	Y	MW-mean-A-v-1-i	A	1	i
PWN-mean-v-6	N	N	MW-mean-A-v-1-a-t	A	1	a-t
PWN-mean-v-6	N	N	MW-mean-A-v-1-b-t	A	1	b-t
PWN-mean-v-6	N	N	MW-mean-A-v-2-t	A	2	t
PWN-mean-v-6	N	N	MW-mean-A-v-3-t	A	3	t
PWN-mean-v-6	Y	Y	MW-mean-A-v-4-t	A	4	t
PWN-mean-v-6	N	N	MW-mean-A-v-1-i	A	1	i
PWN-mean-v-7	N	N	MW-mean-A-v-1-a-t	A	1	a-t
PWN-mean-v-7	Y	Y	MW-mean-A-v-1-b-t	A	1	b-t
PWN-mean-v-7	N	N	MW-mean-A-v-2-t	A	2	t
PWN-mean-v-7	N	N	MW-mean-A-v-3-t	A	3	t
PWN-mean-v-7	N	N	MW-mean-A-v-4-t	A	4	t
PWN-mean-v-7	Y	Y	MW-mean-A-v-1-i	A	1	i
PWN-palm-v-1	Y	Y	MW-palm-B-v-1-a-t	B	1	a-t
PWN-palm-v-1	Y	Y	MW-palm-B-v-1-b-t	B	1	b-t
PWN-palm-v-1	N	N	MW-palm-B-v-1-c-t	B	1	c-t
PWN-palm-v-1	N	N	MW-palm-B-v-2-t	B	2	t
PWN-palm-v-1	Y	Y	MW-palm-B-v-3-t	B	3	t
PWN-palm-v-1	N	N	MW-palm-B-v-3-a-t	B	3	a-t
PWN-palm-v-1	N	N	MW-palm-B-v-3-b-t	B	3	b-t
PWN-ring-v-1	N	N	MW-ring-A-v-1-t	A	1	t
PWN-ring-v-1	N	N	MW-ring-A-v-2-t	A	2	t
PWN-ring-v-1	N	N	MW-ring-A-v-3-t	A	3	t
PWN-ring-v-1	N	N	MW-ring-A-v-4-t	A	4	t
PWN-ring-v-1	N	N	MW-ring-A-v-1-a-i	A	1	a-i
PWN-ring-v-1	N	N	MW-ring-A-v-1-b-i	A	1	b-i
PWN-ring-v-1	N	N	MW-ring-A-v-2-i	A	2	i
PWN-ring-v-1	Y	Y	MW-ring-B-v-1-i	B	1	i
PWN-ring-v-1	N	N	MW-ring-B-v-2-a-i	B	2	a-i
PWN-ring-v-1	N	N	MW-ring-B-v-2-b-i	B	2	b-i
PWN-ring-v-1	N	N	MW-ring-B-v-3-i	B	3	i
PWN-ring-v-1	N	N	MW-ring-B-v-4-a-i	B	4	a-i
PWN-ring-v-1	N	N	MW-ring-B-v-4-b-i	B	4	b-i
PWN-ring-v-1	N	N	MW-ring-B-v-4-c-i	B	4	c-i
PWN-ring-v-1	N	N	MW-ring-B-v-5-i	B	5	i
PWN-ring-v-1	N	N	MW-ring-B-v-6-i	B	6	i
PWN-ring-v-1	N	N	MW-ring-B-v-1-t	B	1	t
PWN-ring-v-1	N	N	MW-ring-B-v-2-t	B	2	t
PWN-ring-v-1	N	N	MW-ring-B-v-3-t	B	3	t
PWN-ring-v-1	N	N	MW-ring-B-v-4-t	B	4	t
PWN-ring-v-1	N	N	MW-ring-B-v-5-a-t	B	5	a-t
PWN-ring-v-1	N	N	MW-ring-B-v-5-b-t	B	5	b-t
PWN-ring-v-2	N	N	MW-ring-A-v-1-t	A	1	t
PWN-ring-v-2	N	N	MW-ring-A-v-2-t	A	2	t
PWN-ring-v-2	N	N	MW-ring-A-v-3-t	A	3	t
PWN-ring-v-2	N	N	MW-ring-A-v-4-t	A	4	t
PWN-ring-v-2	N	N	MW-ring-A-v-1-a-i	A	1	a-i
PWN-ring-v-2	N	N	MW-ring-A-v-1-b-i	A	1	b-i
PWN-ring-v-2	N	N	MW-ring-A-v-2-i	A	2	i
PWN-ring-v-2	N	N	MW-ring-B-v-1-i	B	1	i
PWN-ring-v-2	Y	Y	MW-ring-B-v-2-a-i	B	2	a-i
PWN-ring-v-2	Y	Y	MW-ring-B-v-2-b-i	B	2	b-i
PWN-ring-v-2	N	N	MW-ring-B-v-3-i	B	3	i
PWN-ring-v-2	N	N	MW-ring-B-v-4-a-i	B	4	a-i
PWN-ring-v-2	N	N	MW-ring-B-v-4-b-i	B	4	b-i
PWN-ring-v-2	Y	Y	MW-ring-B-v-4-c-i	B	4	c-i
PWN-ring-v-2	N	N	MW-ring-B-v-5-i	B	5	i
PWN-ring-v-2	N	N	MW-ring-B-v-6-i	B	6	i
PWN-ring-v-2	N	N	MW-ring-B-v-1-t	B	1	t
PWN-ring-v-2	N	N	MW-ring-B-v-2-t	B	2	t
PWN-ring-v-2	N	N	MW-ring-B-v-3-t	B	3	t
PWN-ring-v-2	N	N	MW-ring-B-v-4-t	B	4	t
PWN-ring-v-2	N	N	MW-ring-B-v-5-a-t	B	5	a-t
PWN-ring-v-2	N	N	MW-ring-B-v-5-b-t	B	5	b-t
PWN-ring-v-3	N	N	MW-ring-A-v-1-t	A	1	t
PWN-ring-v-3	N	N	MW-ring-A-v-2-t	A	2	t
PWN-ring-v-3	N	N	MW-ring-A-v-3-t	A	3	t
PWN-ring-v-3	N	N	MW-ring-A-v-4-t	A	4	t
PWN-ring-v-3	N	N	MW-ring-A-v-1-a-i	A	1	a-i
PWN-ring-v-3	N	N	MW-ring-A-v-1-b-i	A	1	b-i
PWN-ring-v-3	N	N	MW-ring-A-v-2-i	A	2	i
PWN-ring-v-3	N	N	MW-ring-B-v-1-i	B	1	i
PWN-ring-v-3	N	N	MW-ring-B-v-2-a-i	B	2	a-i
PWN-ring-v-3	N	N	MW-ring-B-v-2-b-i	B	2	b-i
PWN-ring-v-3	N	N	MW-ring-B-v-3-i	B	3	i
PWN-ring-v-3	N	N	MW-ring-B-v-4-a-i	B	4	a-i
PWN-ring-v-3	N	N	MW-ring-B-v-4-b-i	B	4	b-i
PWN-ring-v-3	N	N	MW-ring-B-v-4-c-i	B	4	c-i
PWN-ring-v-3	N	N	MW-ring-B-v-5-i	B	5	i
PWN-ring-v-3	N	N	MW-ring-B-v-6-i	B	6	i
PWN-ring-v-3	N	N	MW-ring-B-v-1-t	B	1	t
PWN-ring-v-3	Y	Y	MW-ring-B-v-2-t	B	2	t
PWN-ring-v-3	N	N	MW-ring-B-v-3-t	B	3	t
PWN-ring-v-3	N	N	MW-ring-B-v-4-t	B	4	t
PWN-ring-v-3	N	N	MW-ring-B-v-5-a-t	B	5	a-t
PWN-ring-v-3	N	N	MW-ring-B-v-5-b-t	B	5	b-t
PWN-ring-v-4	N	N	MW-ring-A-v-1-t	A	1	t
PWN-ring-v-4	N	N	MW-ring-A-v-2-t	A	2	t
PWN-ring-v-4	N	N	MW-ring-A-v-3-t	A	3	t
PWN-ring-v-4	N	N	MW-ring-A-v-4-t	A	4	t
PWN-ring-v-4	N	N	MW-ring-A-v-1-a-i	A	1	a-i
PWN-ring-v-4	N	N	MW-ring-A-v-1-b-i	A	1	b-i
PWN-ring-v-4	N	N	MW-ring-A-v-2-i	A	2	i
PWN-ring-v-4	N	N	MW-ring-B-v-1-i	B	1	i
PWN-ring-v-4	N	N	MW-ring-B-v-2-a-i	B	2	a-i
PWN-ring-v-4	N	N	MW-ring-B-v-2-b-i	B	2	b-i
PWN-ring-v-4	N	N	MW-ring-B-v-3-i	B	3	i
PWN-ring-v-4	N	N	MW-ring-B-v-4-a-i	B	4	a-i
PWN-ring-v-4	N	N	MW-ring-B-v-4-b-i	B	4	b-i
PWN-ring-v-4	N	N	MW-ring-B-v-4-c-i	B	4	c-i
PWN-ring-v-4	N	N	MW-ring-B-v-5-i	B	5	i
PWN-ring-v-4	Y	Y	MW-ring-B-v-6-i	B	6	i
PWN-ring-v-4	N	N	MW-ring-B-v-1-t	B	1	t
PWN-ring-v-4	N	N	MW-ring-B-v-2-t	B	2	t
PWN-ring-v-4	N	N	MW-ring-B-v-3-t	B	3	t
PWN-ring-v-4	N	N	MW-ring-B-v-4-t	B	4	t
PWN-ring-v-4	N	N	MW-ring-B-v-5-a-t	B	5	a-t
PWN-ring-v-4	Y	Y	MW-ring-B-v-5-b-t	B	5	b-t
PWN-ring-v-5	N	N	MW-ring-A-v-1-t	A	1	t
PWN-ring-v-5	Y	Y	MW-ring-A-v-2-t	A	2	t
PWN-ring-v-5	N	N	MW-ring-A-v-3-t	A	3	t
PWN-ring-v-5	N	N	MW-ring-A-v-4-t	A	4	t
PWN-ring-v-5	N	N	MW-ring-A-v-1-a-i	A	1	a-i
PWN-ring-v-5	N	N	MW-ring-A-v-1-b-i	A	1	b-i
PWN-ring-v-5	N	N	MW-ring-A-v-2-i	A	2	i
PWN-ring-v-5	N	N	MW-ring-B-v-1-i	B	1	i
PWN-ring-v-5	N	N	MW-ring-B-v-2-a-i	B	2	a-i
PWN-ring-v-5	N	N	MW-ring-B-v-2-b-i	B	2	b-i
PWN-ring-v-5	N	N	MW-ring-B-v-3-i	B	3	i
PWN-ring-v-5	N	N	MW-ring-B-v-4-a-i	B	4	a-i
PWN-ring-v-5	N	N	MW-ring-B-v-4-b-i	B	4	b-i
PWN-ring-v-5	N	N	MW-ring-B-v-4-c-i	B	4	c-i
PWN-ring-v-5	N	N	MW-ring-B-v-5-i	B	5	i
PWN-ring-v-5	N	N	MW-ring-B-v-6-i	B	6	i
PWN-ring-v-5	N	N	MW-ring-B-v-1-t	B	1	t
PWN-ring-v-5	N	N	MW-ring-B-v-2-t	B	2	t
PWN-ring-v-5	N	N	MW-ring-B-v-3-t	B	3	t
PWN-ring-v-5	N	N	MW-ring-B-v-4-t	B	4	t
PWN-ring-v-5	N	N	MW-ring-B-v-5-a-t	B	5	a-t
PWN-ring-v-5	N	N	MW-ring-B-v-5-b-t	B	5	b-t
PWN-ring-v-6	Y	Y	MW-ring-A-v-1-t	A	1	t
PWN-ring-v-6	N	N	MW-ring-A-v-2-t	A	2	t
PWN-ring-v-6	N	N	MW-ring-A-v-3-t	A	3	t
PWN-ring-v-6	N	N	MW-ring-A-v-4-t	A	4	t
PWN-ring-v-6	N	N	MW-ring-A-v-1-a-i	A	1	a-i
PWN-ring-v-6	N	N	MW-ring-A-v-1-b-i	A	1	b-i
PWN-ring-v-6	N	N	MW-ring-A-v-2-i	A	2	i
PWN-ring-v-6	N	N	MW-ring-B-v-1-i	B	1	i
PWN-ring-v-6	N	N	MW-ring-B-v-2-a-i	B	2	a-i
PWN-ring-v-6	N	N	MW-ring-B-v-2-b-i	B	2	b-i
PWN-ring-v-6	N	N	MW-ring-B-v-3-i	B	3	i
PWN-ring-v-6	N	N	MW-ring-B-v-4-a-i	B	4	a-i
PWN-ring-v-6	N	N	MW-ring-B-v-4-b-i	B	4	b-i
PWN-ring-v-6	N	N	MW-ring-B-v-4-c-i	B	4	c-i
PWN-ring-v-6	N	N	MW-ring-B-v-5-i	B	5	i
PWN-ring-v-6	N	N	MW-ring-B-v-6-i	B	6	i
PWN-ring-v-6	N	N	MW-ring-B-v-1-t	B	1	t
PWN-ring-v-6	N	N	MW-ring-B-v-2-t	B	2	t
PWN-ring-v-6	N	N	MW-ring-B-v-3-t	B	3	t
PWN-ring-v-6	N	N	MW-ring-B-v-4-t	B	4	t
PWN-ring-v-6	N	N	MW-ring-B-v-5-a-t	B	5	a-t
PWN-ring-v-6	N	N	MW-ring-B-v-5-b-t	B	5	b-t
PWN-rock-v-1	Y	Y	MW-rock-A-v-1-t	A	1	t
PWN-rock-v-1	N	N	MW-rock-A-v-2-a-t	A	2	a-t
PWN-rock-v-1	N	N	MW-rock-A-v-2-b-1-t	A	2	b-1-t
PWN-rock-v-1	N	N	MW-rock-A-v-2-b-2-t	A	2	b-2-t
PWN-rock-v-1	N	N	MW-rock-A-v-2-b-3-t	A	2	b-3-t
PWN-rock-v-1	N	N	MW-rock-A-v-3-t	A	3	t
PWN-rock-v-1	N	N	MW-rock-A-v-4-t	A	4	t
PWN-rock-v-1	Y	Y	MW-rock-A-v-1-i	A	1	i
PWN-rock-v-1	N	N	MW-rock-A-v-2-i	A	2	i
PWN-rock-v-1	N	N	MW-rock-A-v-3-i	A	3	i
PWN-rock-v-1	N	N	MW-rock-A-v-4-i	A	4	i
PWN-rock-v-2	N	N	MW-rock-A-v-1-t	A	1	t
PWN-rock-v-2	Y	Y	MW-rock-A-v-2-a-t	A	2	a-t
PWN-rock-v-2	N	N	MW-rock-A-v-2-b-1-t	A	2	b-1-t
PWN-rock-v-2	N	N	MW-rock-A-v-2-b-2-t	A	2	b-2-t
PWN-rock-v-2	N	N	MW-rock-A-v-2-b-3-t	A	2	b-3-t
PWN-rock-v-2	N	N	MW-rock-A-v-3-t	A	3	t
PWN-rock-v-2	N	N	MW-rock-A-v-4-t	A	4	t
PWN-rock-v-2	N	N	MW-rock-A-v-1-i	A	1	i
PWN-rock-v-2	N	N	MW-rock-A-v-2-i	A	2	i
PWN-rock-v-2	N	N	MW-rock-A-v-3-i	A	3	i
PWN-rock-v-2	N	N	MW-rock-A-v-4-i	A	4	i
PWN-saw-v-1	Y	Y	MW-saw-A-v-1-t	A	1	t
PWN-saw-v-1	Y	Y	MW-saw-A-v-2-t	A	2	t
PWN-saw-v-1	N	N	MW-saw-A-v-3-t	A	3	t
PWN-saw-v-1	Y	Y	MW-saw-A-v-1-a-i	A	1	a-i
PWN-saw-v-1	Y	Y	MW-saw-A-v-1-b-i	A	1	b-i
PWN-saw-v-1	N	N	MW-saw-A-v-2-i	A	2	i
PWN-saw-v-1	N	N	MW-saw-A-v-3-i	A	3	i
PWN-scale-v-1	N	N	MW-scale-A-v-1-t	A	1	t
PWN-scale-v-1	N	N	MW-scale-A-v-1-i	A	1	i
PWN-scale-v-1	N	N	MW-scale-B-v-1-t	B	1	t
PWN-scale-v-1	N	N	MW-scale-B-v-2-t	B	2	t
PWN-scale-v-1	N	N	MW-scale-B-v-3-t	B	3	t
PWN-scale-v-1	N	N	MW-scale-B-v-1-i	B	1	i
PWN-scale-v-1	N	N	MW-scale-B-v-2-i	B	2	i
PWN-scale-v-1	N	N	MW-scale-D-v-1-a-t	D	1	a-t
PWN-scale-v-1	N	N	MW-scale-D-v-1-b-t	D	1	b-t
PWN-scale-v-1	N	N	MW-scale-D-v-1-c-t	D	1	c-t
PWN-scale-v-1	N	N	MW-scale-D-v-2-a-t	D	2	a-t
PWN-scale-v-1	N	N	MW-scale-D-v-2-b-t	D	2	b-t
PWN-scale-v-1	Y	Y	MW-scale-D-v-2-c-1-t	D	2	c-1-t
PWN-scale-v-1	Y	Y	MW-scale-D-v-2-c-2-t	D	2	c-2-t
PWN-scale-v-1	N	N	MW-scale-D-v-1-i	D	1	i
PWN-scale-v-1	N	N	MW-scale-D-v-2-i	D	2	i
PWN-scale-v-1	Y	Y	MW-scale-D-v-3-i	D	3	i
PWN-scale-v-2	N	N	MW-scale-A-v-1-t	A	1	t
PWN-scale-v-2	N	N	MW-scale-A-v-1-i	A	1	i
PWN-scale-v-2	N	N	MW-scale-B-v-1-t	B	1	t
PWN-scale-v-2	N	N	MW-scale-B-v-2-t	B	2	t
PWN-scale-v-2	N	N	MW-scale-B-v-3-t	B	3	t
PWN-scale-v-2	N	N	MW-scale-B-v-1-i	B	1	i
PWN-scale-v-2	N	N	MW-scale-B-v-2-i	B	2	i
PWN-scale-v-2	N	N	MW-scale-D-v-1-a-t	D	1	a-t
PWN-scale-v-2	N	N	MW-scale-D-v-1-b-t	D	1	b-t
PWN-scale-v-2	N	N	MW-scale-D-v-1-c-t	D	1	c-t
PWN-scale-v-2	Y	Y	MW-scale-D-v-2-a-t	D	2	a-t
PWN-scale-v-2	N	N	MW-scale-D-v-2-b-t	D	2	b-t
PWN-scale-v-2	N	N	MW-scale-D-v-2-c-1-t	D	2	c-1-t
PWN-scale-v-2	N	N	MW-scale-D-v-2-c-2-t	D	2	c-2-t
PWN-scale-v-2	N	N	MW-scale-D-v-1-i	D	1	i
PWN-scale-v-2	N	N	MW-scale-D-v-2-i	D	2	i
PWN-scale-v-2	N	N	MW-scale-D-v-3-i	D	3	i
PWN-scale-v-3	N	N	MW-scale-A-v-1-t	A	1	t
PWN-scale-v-3	N	N	MW-scale-A-v-1-i	A	1	i
PWN-scale-v-3	N	N	MW-scale-B-v-1-t	B	1	t
PWN-scale-v-3	N	N	MW-scale-B-v-2-t	B	2	t
PWN-scale-v-3	N	N	MW-scale-B-v-3-t	B	3	t
PWN-scale-v-3	N	N	MW-scale-B-v-1-i	B	1	i
PWN-scale-v-3	N	N	MW-scale-B-v-2-i	B	2	i
PWN-scale-v-3	N	N	MW-scale-D-v-1-a-t	D	1	a-t
PWN-scale-v-3	Y	Y	MW-scale-D-v-1-b-t	D	1	b-t
PWN-scale-v-3	N	N	MW-scale-D-v-1-c-t	D	1	c-t
PWN-scale-v-3	N	N	MW-scale-D-v-2-a-t	D	2	a-t
PWN-scale-v-3	N	N	MW-scale-D-v-2-b-t	D	2	b-t
PWN-scale-v-3	N	N	MW-scale-D-v-2-c-1-t	D	2	c-1-t
PWN-scale-v-3	N	N	MW-scale-D-v-2-c-2-t	D	2	c-2-t
PWN-scale-v-3	N	N	MW-scale-D-v-1-i	D	1	i
PWN-scale-v-3	N	N	MW-scale-D-v-2-i	D	2	i
PWN-scale-v-3	N	N	MW-scale-D-v-3-i	D	3	i
PWN-scale-v-4	N	N	MW-scale-A-v-1-t	A	1	t
PWN-scale-v-4	N	N	MW-scale-A-v-1-i	A	1	i
PWN-scale-v-4	N	N	MW-scale-B-v-1-t	B	1	t
PWN-scale-v-4	N	N	MW-scale-B-v-2-t	B	2	t
PWN-scale-v-4	N	N	MW-scale-B-v-3-t	B	3	t
PWN-scale-v-4	N	N	MW-scale-B-v-1-i	B	1	i
PWN-scale-v-4	N	N	MW-scale-B-v-2-i	B	2	i
PWN-scale-v-4	N	N	MW-scale-D-v-1-a-t	D	1	a-t
PWN-scale-v-4	N	N	MW-scale-D-v-1-b-t	D	1	b-t
PWN-scale-v-4	Y	Y	MW-scale-D-v-1-c-t	D	1	c-t
PWN-scale-v-4	N	N	MW-scale-D-v-2-a-t	D	2	a-t
PWN-scale-v-4	N	N	MW-scale-D-v-2-b-t	D	2	b-t
PWN-scale-v-4	N	N	MW-scale-D-v-2-c-1-t	D	2	c-1-t
PWN-scale-v-4	N	N	MW-scale-D-v-2-c-2-t	D	2	c-2-t
PWN-scale-v-4	N	N	MW-scale-D-v-1-i	D	1	i
PWN-scale-v-4	N	N	MW-scale-D-v-2-i	D	2	i
PWN-scale-v-4	N	N	MW-scale-D-v-3-i	D	3	i
PWN-scale-v-5	N	N	MW-scale-A-v-1-t	A	1	t
PWN-scale-v-5	N	N	MW-scale-A-v-1-i	A	1	i
PWN-scale-v-5	N	N	MW-scale-B-v-1-t	B	1	t
PWN-scale-v-5	N	N	MW-scale-B-v-2-t	B	2	t
PWN-scale-v-5	N	N	MW-scale-B-v-3-t	B	3	t
PWN-scale-v-5	N	N	MW-scale-B-v-1-i	B	1	i
PWN-scale-v-5	N	N	MW-scale-B-v-2-i	B	2	i
PWN-scale-v-5	Y	Y	MW-scale-D-v-1-a-t	D	1	a-t
PWN-scale-v-5	N	N	MW-scale-D-v-1-b-t	D	1	b-t
PWN-scale-v-5	N	N	MW-scale-D-v-1-c-t	D	1	c-t
PWN-scale-v-5	N	N	MW-scale-D-v-2-a-t	D	2	a-t
PWN-scale-v-5	N	N	MW-scale-D-v-2-b-t	D	2	b-t
PWN-scale-v-5	N	N	MW-scale-D-v-2-c-1-t	D	2	c-1-t
PWN-scale-v-5	N	N	MW-scale-D-v-2-c-2-t	D	2	c-2-t
PWN-scale-v-5	Y	Y	MW-scale-D-v-1-i	D	1	i
PWN-scale-v-5	N	N	MW-scale-D-v-2-i	D	2	i
PWN-scale-v-5	N	N	MW-scale-D-v-3-i	D	3	i
PWN-scale-v-6	N	N	MW-scale-A-v-1-t	A	1	t
PWN-scale-v-6	N	N	MW-scale-A-v-1-i	A	1	i
PWN-scale-v-6	Y	Y	MW-scale-B-v-1-t	B	1	t
PWN-scale-v-6	N	N	MW-scale-B-v-2-t	B	2	t
PWN-scale-v-6	N	N	MW-scale-B-v-3-t	B	3	t
PWN-scale-v-6	N	N	MW-scale-B-v-1-i	B	1	i
PWN-scale-v-6	N	N	MW-scale-B-v-2-i	B	2	i
PWN-scale-v-6	N	N	MW-scale-D-v-1-a-t	D	1	a-t
PWN-scale-v-6	N	N	MW-scale-D-v-1-b-t	D	1	b-t
PWN-scale-v-6	N	N	MW-scale-D-v-1-c-t	D	1	c-t
PWN-scale-v-6	N	N	MW-scale-D-v-2-a-t	D	2	a-t
PWN-scale-v-6	N	N	MW-scale-D-v-2-b-t	D	2	b-t
PWN-scale-v-6	N	N	MW-scale-D-v-2-c-1-t	D	2	c-1-t
PWN-scale-v-6	N	N	MW-scale-D-v-2-c-2-t	D	2	c-2-t
PWN-scale-v-6	N	N	MW-scale-D-v-1-i	D	1	i
PWN-scale-v-6	N	N	MW-scale-D-v-2-i	D	2	i
PWN-scale-v-6	N	N	MW-scale-D-v-3-i	D	3	i
PWN-scale-v-7	Y	Y	MW-scale-A-v-1-t	A	1	t
PWN-scale-v-7	N	N	MW-scale-A-v-1-i	A	1	i
PWN-scale-v-7	N	N	MW-scale-B-v-1-t	B	1	t
PWN-scale-v-7	N	N	MW-scale-B-v-2-t	B	2	t
PWN-scale-v-7	N	N	MW-scale-B-v-3-t	B	3	t
PWN-scale-v-7	N	N	MW-scale-B-v-1-i	B	1	i
PWN-scale-v-7	N	N	MW-scale-B-v-2-i	B	2	i
PWN-scale-v-7	N	N	MW-scale-D-v-1-a-t	D	1	a-t
PWN-scale-v-7	N	N	MW-scale-D-v-1-b-t	D	1	b-t
PWN-scale-v-7	N	N	MW-scale-D-v-1-c-t	D	1	c-t
PWN-scale-v-7	N	N	MW-scale-D-v-2-a-t	D	2	a-t
PWN-scale-v-7	N	N	MW-scale-D-v-2-b-t	D	2	b-t
PWN-scale-v-7	N	N	MW-scale-D-v-2-c-1-t	D	2	c-1-t
PWN-scale-v-7	N	N	MW-scale-D-v-2-c-2-t	D	2	c-2-t
PWN-scale-v-7	N	N	MW-scale-D-v-1-i	D	1	i
PWN-scale-v-7	N	N	MW-scale-D-v-2-i	D	2	i
PWN-scale-v-7	N	N	MW-scale-D-v-3-i	D	3	i
PWN-scale-v-8	N	N	MW-scale-A-v-1-t	A	1	t
PWN-scale-v-8	N	N	MW-scale-A-v-1-i	A	1	i
PWN-scale-v-8	N	N	MW-scale-B-v-1-t	B	1	t
PWN-scale-v-8	N	N	MW-scale-B-v-2-t	B	2	t
PWN-scale-v-8	N	N	MW-scale-B-v-3-t	B	3	t
PWN-scale-v-8	N	N	MW-scale-B-v-1-i	B	1	i
PWN-scale-v-8	N	N	MW-scale-B-v-2-i	B	2	i
PWN-scale-v-8	N	N	MW-scale-D-v-1-a-t	D	1	a-t
PWN-scale-v-8	N	N	MW-scale-D-v-1-b-t	D	1	b-t
PWN-scale-v-8	N	N	MW-scale-D-v-1-c-t	D	1	c-t
PWN-scale-v-8	N	N	MW-scale-D-v-2-a-t	D	2	a-t
PWN-scale-v-8	N	N	MW-scale-D-v-2-b-t	D	2	b-t
PWN-scale-v-8	Y	Y	MW-scale-D-v-2-c-1-t	D	2	c-1-t
PWN-scale-v-8	N	N	MW-scale-D-v-2-c-2-t	D	2	c-2-t
PWN-scale-v-8	N	N	MW-scale-D-v-1-i	D	1	i
PWN-scale-v-8	N	N	MW-scale-D-v-2-i	D	2	i
PWN-scale-v-8	N	N	MW-scale-D-v-3-i	D	3	i
PWN-ship-v-1	N	N	MW-ship-A-v-1-a-t	A	1	a-t
PWN-ship-v-1	Y	Y	MW-ship-A-v-1-b-t	A	1	b-t
PWN-ship-v-1	N	N	MW-ship-A-v-2-t	A	2	t
PWN-ship-v-1	N	N	MW-ship-A-v-3-t	A	3	t
PWN-ship-v-1	N	N	MW-ship-A-v-4-t	A	4	t
PWN-ship-v-1	N	N	MW-ship-A-v-5-t	A	5	t
PWN-ship-v-1	N	N	MW-ship-A-v-6-t	A	6	t
PWN-ship-v-1	N	N	MW-ship-A-v-1-i	A	1	i
PWN-ship-v-1	N	N	MW-ship-A-v-2-a-i	A	2	a-i
PWN-ship-v-1	N	N	MW-ship-A-v-2-b-i	A	2	b-i
PWN-ship-v-1	N	N	MW-ship-A-v-3-i	A	3	i
PWN-ship-v-1	Y	Y	MW-ship-A-v-4-i	A	4	i
PWN-ship-v-2	N	N	MW-ship-A-v-1-a-t	A	1	a-t
PWN-ship-v-2	N	N	MW-ship-A-v-1-b-t	A	1	b-t
PWN-ship-v-2	N	N	MW-ship-A-v-2-t	A	2	t
PWN-ship-v-2	N	N	MW-ship-A-v-3-t	A	3	t
PWN-ship-v-2	N	N	MW-ship-A-v-4-t	A	4	t
PWN-ship-v-2	Y	Y	MW-ship-A-v-5-t	A	5	t
PWN-ship-v-2	N	N	MW-ship-A-v-6-t	A	6	t
PWN-ship-v-2	N	N	MW-ship-A-v-1-i	A	1	i
PWN-ship-v-2	N	N	MW-ship-A-v-2-a-i	A	2	a-i
PWN-ship-v-2	N	N	MW-ship-A-v-2-b-i	A	2	b-i
PWN-ship-v-2	Y	Y	MW-ship-A-v-3-i	A	3	i
PWN-ship-v-2	N	N	MW-ship-A-v-4-i	A	4	i
PWN-ship-v-3	N	N	MW-ship-A-v-1-a-t	A	1	a-t
PWN-ship-v-3	N	N	MW-ship-A-v-1-b-t	A	1	b-t
PWN-ship-v-3	N	N	MW-ship-A-v-2-t	A	2	t
PWN-ship-v-3	N	N	MW-ship-A-v-3-t	A	3	t
PWN-ship-v-3	N	N	MW-ship-A-v-4-t	A	4	t
PWN-ship-v-3	N	N	MW-ship-A-v-5-t	A	5	t
PWN-ship-v-3	N	N	MW-ship-A-v-6-t	A	6	t
PWN-ship-v-3	Y	Y	MW-ship-A-v-1-i	A	1	i
PWN-ship-v-3	N	N	MW-ship-A-v-2-a-i	A	2	a-i
PWN-ship-v-3	N	N	MW-ship-A-v-2-b-i	A	2	b-i
PWN-ship-v-3	N	N	MW-ship-A-v-3-i	A	3	i
PWN-ship-v-3	N	N	MW-ship-A-v-4-i	A	4	i
PWN-ship-v-4	N	N	MW-ship-A-v-1-a-t	A	1	a-t
PWN-ship-v-4	N	N	MW-ship-A-v-1-b-t	A	1	b-t
PWN-ship-v-4	N	N	MW-ship-A-v-2-t	A	2	t
PWN-ship-v-4	N	N	MW-ship-A-v-3-t	A	3	t
PWN-ship-v-4	N	N	MW-ship-A-v-4-t	A	4	t
PWN-ship-v-4	N	N	MW-ship-A-v-5-t	A	5	t
PWN-ship-v-4	N	N	MW-ship-A-v-6-t	A	6	t
PWN-ship-v-4	N	N	MW-ship-A-v-1-i	A	1	i
PWN-ship-v-4	Y	Y	MW-ship-A-v-2-a-i	A	2	a-i
PWN-ship-v-4	N	N	MW-ship-A-v-2-b-i	A	2	b-i
PWN-ship-v-4	N	N	MW-ship-A-v-3-i	A	3	i
PWN-ship-v-4	N	N	MW-ship-A-v-4-i	A	4	i
PWN-ship-v-5	Y	Y	MW-ship-A-v-1-a-t	A	1	a-t
PWN-ship-v-5	N	N	MW-ship-A-v-1-b-t	A	1	b-t
PWN-ship-v-5	N	N	MW-ship-A-v-2-t	A	2	t
PWN-ship-v-5	N	N	MW-ship-A-v-3-t	A	3	t
PWN-ship-v-5	Y	Y	MW-ship-A-v-4-t	A	4	t
PWN-ship-v-5	N	N	MW-ship-A-v-5-t	A	5	t
PWN-ship-v-5	N	N	MW-ship-A-v-6-t	A	6	t
PWN-ship-v-5	N	N	MW-ship-A-v-1-i	A	1	i
PWN-ship-v-5	N	N	MW-ship-A-v-2-a-i	A	2	a-i
PWN-ship-v-5	N	N	MW-ship-A-v-2-b-i	A	2	b-i
PWN-ship-v-5	N	N	MW-ship-A-v-3-i	A	3	i
PWN-ship-v-5	N	N	MW-ship-A-v-4-i	A	4	i
PWN-sink-v-1	N	N	MW-sink-A-v-1-a-i	A	1	a-i
PWN-sink-v-1	N	N	MW-sink-A-v-1-b-i	A	1	b-i
PWN-sink-v-1	N	N	MW-sink-A-v-1-c-i	A	1	c-i
PWN-sink-v-1	Y	Y	MW-sink-A-v-2-a-1-i	A	2	a-1-i
PWN-sink-v-1	N	N	MW-sink-A-v-2-a-2-i	A	2	a-2-i
PWN-sink-v-1	N	N	MW-sink-A-v-2-a-3-i	A	2	a-3-i
PWN-sink-v-1	N	N	MW-sink-A-v-2-a-4-i	A	2	a-4-i
PWN-sink-v-1	N	N	MW-sink-A-v-2-b-i	A	2	b-i
PWN-sink-v-1	N	N	MW-sink-A-v-2-c-i	A	2	c-i
PWN-sink-v-1	N	N	MW-sink-A-v-2-d-i	A	2	d-i
PWN-sink-v-1	N	N	MW-sink-A-v-3-a-i	A	3	a-i
PWN-sink-v-1	N	N	MW-sink-A-v-3-b-i	A	3	b-i
PWN-sink-v-1	N	N	MW-sink-A-v-4-i	A	4	i
PWN-sink-v-1	N	N	MW-sink-A-v-5-a-i	A	5	a-i
PWN-sink-v-1	N	N	MW-sink-A-v-5-b-i	A	5	b-i
PWN-sink-v-1	N	N	MW-sink-A-v-6-a-i	A	6	a-i
PWN-sink-v-1	N	N	MW-sink-A-v-6-b-i	A	6	b-i
PWN-sink-v-1	N	N	MW-sink-A-v-6-c-i	A	6	c-i
PWN-sink-v-1	N	N	MW-sink-A-v-1-a-t	A	1	a-t
PWN-sink-v-1	N	N	MW-sink-A-v-1-b-t	A	1	b-t
PWN-sink-v-1	N	N	MW-sink-A-v-1-c-t	A	1	c-t
PWN-sink-v-1	N	N	MW-sink-A-v-2-t	A	2	t
PWN-sink-v-1	N	N	MW-sink-A-v-3-a-t	A	3	a-t
PWN-sink-v-1	N	N	MW-sink-A-v-3-b-t	A	3	b-t
PWN-sink-v-1	N	N	MW-sink-A-v-4-t	A	4	t
PWN-sink-v-1	N	N	MW-sink-A-v-5-t	A	5	t
PWN-sink-v-1	N	N	MW-sink-A-v-6-a-t	A	6	a-t
PWN-sink-v-1	N	N	MW-sink-A-v-6-b-t	A	6	b-t
PWN-sink-v-1	N	N	MW-sink-A-v-7-t	A	7	t
PWN-sink-v-1	N	N	MW-sink-A-v-8-t	A	8	t
PWN-sink-v-1	N	N	MW-sink-A-v-9-t	A	9	t
PWN-sink-v-1	N	N	MW-sink-A-v-10-t	A	1	-t
PWN-sink-v-1	N	N	MW-sink-A-v-11-t	A	1	-t
PWN-sink-v-2	N	N	MW-sink-A-v-1-a-i	A	1	a-i
PWN-sink-v-2	N	N	MW-sink-A-v-1-b-i	A	1	b-i
PWN-sink-v-2	N	N	MW-sink-A-v-1-c-i	A	1	c-i
PWN-sink-v-2	N	N	MW-sink-A-v-2-a-1-i	A	2	a-1-i
PWN-sink-v-2	N	N	MW-sink-A-v-2-a-2-i	A	2	a-2-i
PWN-sink-v-2	N	N	MW-sink-A-v-2-a-3-i	A	2	a-3-i
PWN-sink-v-2	N	N	MW-sink-A-v-2-a-4-i	A	2	a-4-i
PWN-sink-v-2	N	N	MW-sink-A-v-2-b-i	A	2	b-i
PWN-sink-v-2	N	N	MW-sink-A-v-2-c-i	A	2	c-i
PWN-sink-v-2	N	N	MW-sink-A-v-2-d-i	A	2	d-i
PWN-sink-v-2	N	N	MW-sink-A-v-3-a-i	A	3	a-i
PWN-sink-v-2	N	N	MW-sink-A-v-3-b-i	A	3	b-i
PWN-sink-v-2	N	N	MW-sink-A-v-4-i	A	4	i
PWN-sink-v-2	N	N	MW-sink-A-v-5-a-i	A	5	a-i
PWN-sink-v-2	N	N	MW-sink-A-v-5-b-i	A	5	b-i
PWN-sink-v-2	N	N	MW-sink-A-v-6-a-i	A	6	a-i
PWN-sink-v-2	N	N	MW-sink-A-v-6-b-i	A	6	b-i
PWN-sink-v-2	N	N	MW-sink-A-v-6-c-i	A	6	c-i
PWN-sink-v-2	Y	Y	MW-sink-A-v-1-a-t	A	1	a-t
PWN-sink-v-2	N	N	MW-sink-A-v-1-b-t	A	1	b-t
PWN-sink-v-2	N	N	MW-sink-A-v-1-c-t	A	1	c-t
PWN-sink-v-2	N	N	MW-sink-A-v-2-t	A	2	t
PWN-sink-v-2	N	N	MW-sink-A-v-3-a-t	A	3	a-t
PWN-sink-v-2	N	N	MW-sink-A-v-3-b-t	A	3	b-t
PWN-sink-v-2	N	N	MW-sink-A-v-4-t	A	4	t
PWN-sink-v-2	N	N	MW-sink-A-v-5-t	A	5	t
PWN-sink-v-2	N	N	MW-sink-A-v-6-a-t	A	6	a-t
PWN-sink-v-2	N	N	MW-sink-A-v-6-b-t	A	6	b-t
PWN-sink-v-2	N	N	MW-sink-A-v-7-t	A	7	t
PWN-sink-v-2	N	N	MW-sink-A-v-8-t	A	8	t
PWN-sink-v-2	N	N	MW-sink-A-v-9-t	A	9	t
PWN-sink-v-2	N	N	MW-sink-A-v-10-t	A	1	-t
PWN-sink-v-2	N	N	MW-sink-A-v-11-t	A	1	-t
PWN-sink-v-3	N	N	MW-sink-A-v-1-a-i	A	1	a-i
PWN-sink-v-3	N	N	MW-sink-A-v-1-b-i	A	1	b-i
PWN-sink-v-3	N	N	MW-sink-A-v-1-c-i	A	1	c-i
PWN-sink-v-3	N	N	MW-sink-A-v-2-a-1-i	A	2	a-1-i
PWN-sink-v-3	N	N	MW-sink-A-v-2-a-2-i	A	2	a-2-i
PWN-sink-v-3	N	N	MW-sink-A-v-2-a-3-i	A	2	a-3-i
PWN-sink-v-3	N	N	MW-sink-A-v-2-a-4-i	A	2	a-4-i
PWN-sink-v-3	N	N	MW-sink-A-v-2-b-i	A	2	b-i
PWN-sink-v-3	N	N	MW-sink-A-v-2-c-i	A	2	c-i
PWN-sink-v-3	N	N	MW-sink-A-v-2-d-i	A	2	d-i
PWN-sink-v-3	N	N	MW-sink-A-v-3-a-i	A	3	a-i
PWN-sink-v-3	N	N	MW-sink-A-v-3-b-i	A	3	b-i
PWN-sink-v-3	Y	Y	MW-sink-A-v-4-i	A	4	i
PWN-sink-v-3	N	N	MW-sink-A-v-5-a-i	A	5	a-i
PWN-sink-v-3	N	N	MW-sink-A-v-5-b-i	A	5	b-i
PWN-sink-v-3	N	N	MW-sink-A-v-6-a-i	A	6	a-i
PWN-sink-v-3	Y	Y	MW-sink-A-v-6-b-i	A	6	b-i
PWN-sink-v-3	N	N	MW-sink-A-v-6-c-i	A	6	c-i
PWN-sink-v-3	N	N	MW-sink-A-v-1-a-t	A	1	a-t
PWN-sink-v-3	N	N	MW-sink-A-v-1-b-t	A	1	b-t
PWN-sink-v-3	N	N	MW-sink-A-v-1-c-t	A	1	c-t
PWN-sink-v-3	N	N	MW-sink-A-v-2-t	A	2	t
PWN-sink-v-3	N	N	MW-sink-A-v-3-a-t	A	3	a-t
PWN-sink-v-3	N	N	MW-sink-A-v-3-b-t	A	3	b-t
PWN-sink-v-3	N	N	MW-sink-A-v-4-t	A	4	t
PWN-sink-v-3	N	N	MW-sink-A-v-5-t	A	5	t
PWN-sink-v-3	N	N	MW-sink-A-v-6-a-t	A	6	a-t
PWN-sink-v-3	N	N	MW-sink-A-v-6-b-t	A	6	b-t
PWN-sink-v-3	N	N	MW-sink-A-v-7-t	A	7	t
PWN-sink-v-3	N	N	MW-sink-A-v-8-t	A	8	t
PWN-sink-v-3	N	N	MW-sink-A-v-9-t	A	9	t
PWN-sink-v-3	N	N	MW-sink-A-v-10-t	A	1	-t
PWN-sink-v-3	N	N	MW-sink-A-v-11-t	A	1	-t
PWN-sink-v-4	Y	Y	MW-sink-A-v-1-a-i	A	1	a-i
PWN-sink-v-4	N	N	MW-sink-A-v-1-b-i	A	1	b-i
PWN-sink-v-4	N	N	MW-sink-A-v-1-c-i	A	1	c-i
PWN-sink-v-4	N	N	MW-sink-A-v-2-a-1-i	A	2	a-1-i
PWN-sink-v-4	N	N	MW-sink-A-v-2-a-2-i	A	2	a-2-i
PWN-sink-v-4	N	N	MW-sink-A-v-2-a-3-i	A	2	a-3-i
PWN-sink-v-4	N	N	MW-sink-A-v-2-a-4-i	A	2	a-4-i
PWN-sink-v-4	N	N	MW-sink-A-v-2-b-i	A	2	b-i
PWN-sink-v-4	N	N	MW-sink-A-v-2-c-i	A	2	c-i
PWN-sink-v-4	N	N	MW-sink-A-v-2-d-i	A	2	d-i
PWN-sink-v-4	N	N	MW-sink-A-v-3-a-i	A	3	a-i
PWN-sink-v-4	N	N	MW-sink-A-v-3-b-i	A	3	b-i
PWN-sink-v-4	N	N	MW-sink-A-v-4-i	A	4	i
PWN-sink-v-4	N	N	MW-sink-A-v-5-a-i	A	5	a-i
PWN-sink-v-4	N	N	MW-sink-A-v-5-b-i	A	5	b-i
PWN-sink-v-4	N	N	MW-sink-A-v-6-a-i	A	6	a-i
PWN-sink-v-4	N	N	MW-sink-A-v-6-b-i	A	6	b-i
PWN-sink-v-4	N	N	MW-sink-A-v-6-c-i	A	6	c-i
PWN-sink-v-4	N	N	MW-sink-A-v-1-a-t	A	1	a-t
PWN-sink-v-4	N	N	MW-sink-A-v-1-b-t	A	1	b-t
PWN-sink-v-4	N	N	MW-sink-A-v-1-c-t	A	1	c-t
PWN-sink-v-4	N	N	MW-sink-A-v-2-t	A	2	t
PWN-sink-v-4	N	N	MW-sink-A-v-3-a-t	A	3	a-t
PWN-sink-v-4	N	N	MW-sink-A-v-3-b-t	A	3	b-t
PWN-sink-v-4	N	N	MW-sink-A-v-4-t	A	4	t
PWN-sink-v-4	N	N	MW-sink-A-v-5-t	A	5	t
PWN-sink-v-4	N	N	MW-sink-A-v-6-a-t	A	6	a-t
PWN-sink-v-4	N	N	MW-sink-A-v-6-b-t	A	6	b-t
PWN-sink-v-4	N	N	MW-sink-A-v-7-t	A	7	t
PWN-sink-v-4	N	N	MW-sink-A-v-8-t	A	8	t
PWN-sink-v-4	N	N	MW-sink-A-v-9-t	A	9	t
PWN-sink-v-4	N	N	MW-sink-A-v-10-t	A	1	-t
PWN-sink-v-4	N	N	MW-sink-A-v-11-t	A	1	-t
PWN-sink-v-5	N	N	MW-sink-A-v-1-a-i	A	1	a-i
PWN-sink-v-5	Y	Y	MW-sink-A-v-1-b-i	A	1	b-i
PWN-sink-v-5	N	N	MW-sink-A-v-1-c-i	A	1	c-i
PWN-sink-v-5	N	N	MW-sink-A-v-2-a-1-i	A	2	a-1-i
PWN-sink-v-5	N	N	MW-sink-A-v-2-a-2-i	A	2	a-2-i
PWN-sink-v-5	N	N	MW-sink-A-v-2-a-3-i	A	2	a-3-i
PWN-sink-v-5	N	N	MW-sink-A-v-2-a-4-i	A	2	a-4-i
PWN-sink-v-5	N	N	MW-sink-A-v-2-b-i	A	2	b-i
PWN-sink-v-5	N	N	MW-sink-A-v-2-c-i	A	2	c-i
PWN-sink-v-5	N	N	MW-sink-A-v-2-d-i	A	2	d-i
PWN-sink-v-5	N	N	MW-sink-A-v-3-a-i	A	3	a-i
PWN-sink-v-5	N	N	MW-sink-A-v-3-b-i	A	3	b-i
PWN-sink-v-5	N	N	MW-sink-A-v-4-i	A	4	i
PWN-sink-v-5	N	N	MW-sink-A-v-5-a-i	A	5	a-i
PWN-sink-v-5	N	N	MW-sink-A-v-5-b-i	A	5	b-i
PWN-sink-v-5	N	N	MW-sink-A-v-6-a-i	A	6	a-i
PWN-sink-v-5	N	N	MW-sink-A-v-6-b-i	A	6	b-i
PWN-sink-v-5	N	N	MW-sink-A-v-6-c-i	A	6	c-i
PWN-sink-v-5	N	N	MW-sink-A-v-1-a-t	A	1	a-t
PWN-sink-v-5	N	N	MW-sink-A-v-1-b-t	A	1	b-t
PWN-sink-v-5	N	N	MW-sink-A-v-1-c-t	A	1	c-t
PWN-sink-v-5	N	N	MW-sink-A-v-2-t	A	2	t
PWN-sink-v-5	N	N	MW-sink-A-v-3-a-t	A	3	a-t
PWN-sink-v-5	N	N	MW-sink-A-v-3-b-t	A	3	b-t
PWN-sink-v-5	N	N	MW-sink-A-v-4-t	A	4	t
PWN-sink-v-5	N	N	MW-sink-A-v-5-t	A	5	t
PWN-sink-v-5	N	N	MW-sink-A-v-6-a-t	A	6	a-t
PWN-sink-v-5	N	N	MW-sink-A-v-6-b-t	A	6	b-t
PWN-sink-v-5	N	N	MW-sink-A-v-7-t	A	7	t
PWN-sink-v-5	N	N	MW-sink-A-v-8-t	A	8	t
PWN-sink-v-5	N	N	MW-sink-A-v-9-t	A	9	t
PWN-sink-v-5	N	N	MW-sink-A-v-10-t	A	1	-t
PWN-sink-v-5	N	N	MW-sink-A-v-11-t	A	1	-t
PWN-sink-v-6	N	N	MW-sink-A-v-1-a-i	A	1	a-i
PWN-sink-v-6	N	N	MW-sink-A-v-1-b-i	A	1	b-i
PWN-sink-v-6	N	N	MW-sink-A-v-1-c-i	A	1	c-i
PWN-sink-v-6	N	N	MW-sink-A-v-2-a-1-i	A	2	a-1-i
PWN-sink-v-6	N	N	MW-sink-A-v-2-a-2-i	A	2	a-2-i
PWN-sink-v-6	N	N	MW-sink-A-v-2-a-3-i	A	2	a-3-i
PWN-sink-v-6	N	N	MW-sink-A-v-2-a-4-i	A	2	a-4-i
PWN-sink-v-6	N	N	MW-sink-A-v-2-b-i	A	2	b-i
PWN-sink-v-6	Y	Y	MW-sink-A-v-2-c-i	A	2	c-i
PWN-sink-v-6	Y	Y	MW-sink-A-v-2-d-i	A	2	d-i
PWN-sink-v-6	N	N	MW-sink-A-v-3-a-i	A	3	a-i
PWN-sink-v-6	N	N	MW-sink-A-v-3-b-i	A	3	b-i
PWN-sink-v-6	N	N	MW-sink-A-v-4-i	A	4	i
PWN-sink-v-6	N	N	MW-sink-A-v-5-a-i	A	5	a-i
PWN-sink-v-6	N	N	MW-sink-A-v-5-b-i	A	5	b-i
PWN-sink-v-6	N	N	MW-sink-A-v-6-a-i	A	6	a-i
PWN-sink-v-6	N	N	MW-sink-A-v-6-b-i	A	6	b-i
PWN-sink-v-6	N	N	MW-sink-A-v-6-c-i	A	6	c-i
PWN-sink-v-6	N	N	MW-sink-A-v-1-a-t	A	1	a-t
PWN-sink-v-6	N	N	MW-sink-A-v-1-b-t	A	1	b-t
PWN-sink-v-6	N	N	MW-sink-A-v-1-c-t	A	1	c-t
PWN-sink-v-6	N	N	MW-sink-A-v-2-t	A	2	t
PWN-sink-v-6	N	N	MW-sink-A-v-3-a-t	A	3	a-t
PWN-sink-v-6	N	N	MW-sink-A-v-3-b-t	A	3	b-t
PWN-sink-v-6	N	N	MW-sink-A-v-4-t	A	4	t
PWN-sink-v-6	N	N	MW-sink-A-v-5-t	A	5	t
PWN-sink-v-6	N	N	MW-sink-A-v-6-a-t	A	6	a-t
PWN-sink-v-6	N	N	MW-sink-A-v-6-b-t	A	6	b-t
PWN-sink-v-6	N	N	MW-sink-A-v-7-t	A	7	t
PWN-sink-v-6	N	N	MW-sink-A-v-8-t	A	8	t
PWN-sink-v-6	N	N	MW-sink-A-v-9-t	A	9	t
PWN-sink-v-6	N	N	MW-sink-A-v-10-t	A	1	-t
PWN-sink-v-6	N	N	MW-sink-A-v-11-t	A	1	-t
PWN-sink-v-7	N	N	MW-sink-A-v-1-a-i	A	1	a-i
PWN-sink-v-7	N	N	MW-sink-A-v-1-b-i	A	1	b-i
PWN-sink-v-7	N	N	MW-sink-A-v-1-c-i	A	1	c-i
PWN-sink-v-7	N	N	MW-sink-A-v-2-a-1-i	A	2	a-1-i
PWN-sink-v-7	N	N	MW-sink-A-v-2-a-2-i	A	2	a-2-i
PWN-sink-v-7	N	N	MW-sink-A-v-2-a-3-i	A	2	a-3-i
PWN-sink-v-7	N	N	MW-sink-A-v-2-a-4-i	A	2	a-4-i
PWN-sink-v-7	N	N	MW-sink-A-v-2-b-i	A	2	b-i
PWN-sink-v-7	N	N	MW-sink-A-v-2-c-i	A	2	c-i
PWN-sink-v-7	N	N	MW-sink-A-v-2-d-i	A	2	d-i
PWN-sink-v-7	N	N	MW-sink-A-v-3-a-i	A	3	a-i
PWN-sink-v-7	N	N	MW-sink-A-v-3-b-i	A	3	b-i
PWN-sink-v-7	N	N	MW-sink-A-v-4-i	A	4	i
PWN-sink-v-7	Y	Y	MW-sink-A-v-5-a-i	A	5	a-i
PWN-sink-v-7	Y	Y	MW-sink-A-v-5-b-i	A	5	b-i
PWN-sink-v-7	N	N	MW-sink-A-v-6-a-i	A	6	a-i
PWN-sink-v-7	N	N	MW-sink-A-v-6-b-i	A	6	b-i
PWN-sink-v-7	N	N	MW-sink-A-v-6-c-i	A	6	c-i
PWN-sink-v-7	N	N	MW-sink-A-v-1-a-t	A	1	a-t
PWN-sink-v-7	N	N	MW-sink-A-v-1-b-t	A	1	b-t
PWN-sink-v-7	N	N	MW-sink-A-v-1-c-t	A	1	c-t
PWN-sink-v-7	N	N	MW-sink-A-v-2-t	A	2	t
PWN-sink-v-7	N	N	MW-sink-A-v-3-a-t	A	3	a-t
PWN-sink-v-7	N	N	MW-sink-A-v-3-b-t	A	3	b-t
PWN-sink-v-7	N	N	MW-sink-A-v-4-t	A	4	t
PWN-sink-v-7	N	N	MW-sink-A-v-5-t	A	5	t
PWN-sink-v-7	N	N	MW-sink-A-v-6-a-t	A	6	a-t
PWN-sink-v-7	N	N	MW-sink-A-v-6-b-t	A	6	b-t
PWN-sink-v-7	N	N	MW-sink-A-v-7-t	A	7	t
PWN-sink-v-7	N	N	MW-sink-A-v-8-t	A	8	t
PWN-sink-v-7	N	N	MW-sink-A-v-9-t	A	9	t
PWN-sink-v-7	N	N	MW-sink-A-v-10-t	A	1	-t
PWN-sink-v-7	N	N	MW-sink-A-v-11-t	A	1	-t
PWN-sink-v-8	N	N	MW-sink-A-v-1-a-i	A	1	a-i
PWN-sink-v-8	N	N	MW-sink-A-v-1-b-i	A	1	b-i
PWN-sink-v-8	N	N	MW-sink-A-v-1-c-i	A	1	c-i
PWN-sink-v-8	N	N	MW-sink-A-v-2-a-1-i	A	2	a-1-i
PWN-sink-v-8	N	N	MW-sink-A-v-2-a-2-i	A	2	a-2-i
PWN-sink-v-8	N	N	MW-sink-A-v-2-a-3-i	A	2	a-3-i
PWN-sink-v-8	N	N	MW-sink-A-v-2-a-4-i	A	2	a-4-i
PWN-sink-v-8	N	N	MW-sink-A-v-2-b-i	A	2	b-i
PWN-sink-v-8	N	N	MW-sink-A-v-2-c-i	A	2	c-i
PWN-sink-v-8	N	N	MW-sink-A-v-2-d-i	A	2	d-i
PWN-sink-v-8	N	N	MW-sink-A-v-3-a-i	A	3	a-i
PWN-sink-v-8	N	N	MW-sink-A-v-3-b-i	A	3	b-i
PWN-sink-v-8	N	N	MW-sink-A-v-4-i	A	4	i
PWN-sink-v-8	N	N	MW-sink-A-v-5-a-i	A	5	a-i
PWN-sink-v-8	N	N	MW-sink-A-v-5-b-i	A	5	b-i
PWN-sink-v-8	Y	Y	MW-sink-A-v-6-a-i	A	6	a-i
PWN-sink-v-8	N	N	MW-sink-A-v-6-b-i	A	6	b-i
PWN-sink-v-8	N	N	MW-sink-A-v-6-c-i	A	6	c-i
PWN-sink-v-8	N	N	MW-sink-A-v-1-a-t	A	1	a-t
PWN-sink-v-8	N	N	MW-sink-A-v-1-b-t	A	1	b-t
PWN-sink-v-8	N	N	MW-sink-A-v-1-c-t	A	1	c-t
PWN-sink-v-8	N	N	MW-sink-A-v-2-t	A	2	t
PWN-sink-v-8	N	N	MW-sink-A-v-3-a-t	A	3	a-t
PWN-sink-v-8	N	N	MW-sink-A-v-3-b-t	A	3	b-t
PWN-sink-v-8	N	N	MW-sink-A-v-4-t	A	4	t
PWN-sink-v-8	N	N	MW-sink-A-v-5-t	A	5	t
PWN-sink-v-8	N	N	MW-sink-A-v-6-a-t	A	6	a-t
PWN-sink-v-8	N	N	MW-sink-A-v-6-b-t	A	6	b-t
PWN-sink-v-8	N	N	MW-sink-A-v-7-t	A	7	t
PWN-sink-v-8	N	N	MW-sink-A-v-8-t	A	8	t
PWN-sink-v-8	N	N	MW-sink-A-v-9-t	A	9	t
PWN-sink-v-8	N	N	MW-sink-A-v-10-t	A	1	-t
PWN-sink-v-8	N	N	MW-sink-A-v-11-t	A	1	-t
PWN-sink-v-9	N	N	MW-sink-A-v-1-a-i	A	1	a-i
PWN-sink-v-9	N	N	MW-sink-A-v-1-b-i	A	1	b-i
PWN-sink-v-9	Y	Y	MW-sink-A-v-1-c-i	A	1	c-i
PWN-sink-v-9	N	N	MW-sink-A-v-2-a-1-i	A	2	a-1-i
PWN-sink-v-9	N	N	MW-sink-A-v-2-a-2-i	A	2	a-2-i
PWN-sink-v-9	N	N	MW-sink-A-v-2-a-3-i	A	2	a-3-i
PWN-sink-v-9	N	N	MW-sink-A-v-2-a-4-i	A	2	a-4-i
PWN-sink-v-9	N	N	MW-sink-A-v-2-b-i	A	2	b-i
PWN-sink-v-9	N	N	MW-sink-A-v-2-c-i	A	2	c-i
PWN-sink-v-9	N	N	MW-sink-A-v-2-d-i	A	2	d-i
PWN-sink-v-9	N	N	MW-sink-A-v-3-a-i	A	3	a-i
PWN-sink-v-9	N	N	MW-sink-A-v-3-b-i	A	3	b-i
PWN-sink-v-9	N	N	MW-sink-A-v-4-i	A	4	i
PWN-sink-v-9	N	N	MW-sink-A-v-5-a-i	A	5	a-i
PWN-sink-v-9	N	N	MW-sink-A-v-5-b-i	A	5	b-i
PWN-sink-v-9	N	N	MW-sink-A-v-6-a-i	A	6	a-i
PWN-sink-v-9	N	N	MW-sink-A-v-6-b-i	A	6	b-i
PWN-sink-v-9	N	N	MW-sink-A-v-6-c-i	A	6	c-i
PWN-sink-v-9	N	N	MW-sink-A-v-1-a-t	A	1	a-t
PWN-sink-v-9	Y	Y	MW-sink-A-v-1-b-t	A	1	b-t
PWN-sink-v-9	N	N	MW-sink-A-v-1-c-t	A	1	c-t
PWN-sink-v-9	N	N	MW-sink-A-v-2-t	A	2	t
PWN-sink-v-9	N	N	MW-sink-A-v-3-a-t	A	3	a-t
PWN-sink-v-9	N	N	MW-sink-A-v-3-b-t	A	3	b-t
PWN-sink-v-9	N	N	MW-sink-A-v-4-t	A	4	t
PWN-sink-v-9	N	N	MW-sink-A-v-5-t	A	5	t
PWN-sink-v-9	N	N	MW-sink-A-v-6-a-t	A	6	a-t
PWN-sink-v-9	N	N	MW-sink-A-v-6-b-t	A	6	b-t
PWN-sink-v-9	N	N	MW-sink-A-v-7-t	A	7	t
PWN-sink-v-9	N	N	MW-sink-A-v-8-t	A	8	t
PWN-sink-v-9	N	N	MW-sink-A-v-9-t	A	9	t
PWN-sink-v-9	N	N	MW-sink-A-v-10-t	A	1	-t
PWN-sink-v-9	N	N	MW-sink-A-v-11-t	A	1	-t
PWN-stalk-v-1	N	N	MW-stalk-B-v-1-i	B	1	i
PWN-stalk-v-1	Y	Y	MW-stalk-B-v-2-i	B	2	i
PWN-stalk-v-1	N	N	MW-stalk-B-v-1-t	B	1	t
PWN-stalk-v-1	N	N	MW-stalk-B-v-2-t	B	2	t
PWN-stalk-v-1	N	N	MW-stalk-B-v-3-t	B	3	t
PWN-stalk-v-2	N	N	MW-stalk-B-v-1-i	B	1	i
PWN-stalk-v-2	N	N	MW-stalk-B-v-2-i	B	2	i
PWN-stalk-v-2	Y	Y	MW-stalk-B-v-1-t	B	1	t
PWN-stalk-v-2	N	N	MW-stalk-B-v-2-t	B	2	t
PWN-stalk-v-2	Y	Y	MW-stalk-B-v-3-t	B	3	t
PWN-stalk-v-3	Y	Y	MW-stalk-B-v-1-i	B	1	i
PWN-stalk-v-3	N	N	MW-stalk-B-v-2-i	B	2	i
PWN-stalk-v-3	N	N	MW-stalk-B-v-1-t	B	1	t
PWN-stalk-v-3	Y	Y	MW-stalk-B-v-2-t	B	2	t
PWN-stalk-v-3	N	N	MW-stalk-B-v-3-t	B	3	t
PWN-trip-v-1	Y	Y	MW-trip-A-v-1-i	A	1	i
PWN-trip-v-1	N	N	MW-trip-A-v-2-i	A	2	i
PWN-trip-v-1	N	N	MW-trip-A-v-3-a-i	A	3	a-i
PWN-trip-v-1	N	N	MW-trip-A-v-3-b-i	A	3	b-i
PWN-trip-v-1	N	N	MW-trip-A-v-4-i	A	4	i
PWN-trip-v-1	N	N	MW-trip-A-v-5-i	A	5	i
PWN-trip-v-1	N	N	MW-trip-A-v-6-a-i	A	6	a-i
PWN-trip-v-1	N	N	MW-trip-A-v-6-b-i	A	6	b-i
PWN-trip-v-1	N	N	MW-trip-A-v-7-a-i	A	7	a-i
PWN-trip-v-1	N	N	MW-trip-A-v-7-b-i	A	7	b-i
PWN-trip-v-1	N	N	MW-trip-A-v-1-a-t	A	1	a-t
PWN-trip-v-1	N	N	MW-trip-A-v-1-b-t	A	1	b-t
PWN-trip-v-1	N	N	MW-trip-A-v-2-t	A	2	t
PWN-trip-v-1	N	N	MW-trip-A-v-3-t	A	3	t
PWN-trip-v-1	N	N	MW-trip-A-v-4-t	A	4	t
PWN-trip-v-1	N	N	MW-trip-A-v-5-a-t	A	5	a-t
PWN-trip-v-1	N	N	MW-trip-A-v-5-b-t	A	5	b-t
PWN-trip-v-1	N	N	MW-trip-A-v-6-t	A	6	t
PWN-trip-v-2	N	N	MW-trip-A-v-1-i	A	1	i
PWN-trip-v-2	N	N	MW-trip-A-v-2-i	A	2	i
PWN-trip-v-2	N	N	MW-trip-A-v-3-a-i	A	3	a-i
PWN-trip-v-2	N	N	MW-trip-A-v-3-b-i	A	3	b-i
PWN-trip-v-2	N	N	MW-trip-A-v-4-i	A	4	i
PWN-trip-v-2	N	N	MW-trip-A-v-5-i	A	5	i
PWN-trip-v-2	N	N	MW-trip-A-v-6-a-i	A	6	a-i
PWN-trip-v-2	N	N	MW-trip-A-v-6-b-i	A	6	b-i
PWN-trip-v-2	N	N	MW-trip-A-v-7-a-i	A	7	a-i
PWN-trip-v-2	N	N	MW-trip-A-v-7-b-i	A	7	b-i
PWN-trip-v-2	Y	Y	MW-trip-A-v-1-a-t	A	1	a-t
PWN-trip-v-2	N	N	MW-trip-A-v-1-b-t	A	1	b-t
PWN-trip-v-2	N	N	MW-trip-A-v-2-t	A	2	t
PWN-trip-v-2	N	N	MW-trip-A-v-3-t	A	3	t
PWN-trip-v-2	N	N	MW-trip-A-v-4-t	A	4	t
PWN-trip-v-2	N	N	MW-trip-A-v-5-a-t	A	5	a-t
PWN-trip-v-2	N	N	MW-trip-A-v-5-b-t	A	5	b-t
PWN-trip-v-2	N	N	MW-trip-A-v-6-t	A	6	t
PWN-trip-v-3	N	N	MW-trip-A-v-1-i	A	1	i
PWN-trip-v-3	N	N	MW-trip-A-v-2-i	A	2	i
PWN-trip-v-3	N	N	MW-trip-A-v-3-a-i	A	3	a-i
PWN-trip-v-3	N	N	MW-trip-A-v-3-b-i	A	3	b-i
PWN-trip-v-3	N	N	MW-trip-A-v-4-i	A	4	i
PWN-trip-v-3	Y	Y	MW-trip-A-v-5-i	A	5	i
PWN-trip-v-3	N	N	MW-trip-A-v-6-a-i	A	6	a-i
PWN-trip-v-3	N	N	MW-trip-A-v-6-b-i	A	6	b-i
PWN-trip-v-3	N	N	MW-trip-A-v-7-a-i	A	7	a-i
PWN-trip-v-3	N	N	MW-trip-A-v-7-b-i	A	7	b-i
PWN-trip-v-3	N	N	MW-trip-A-v-1-a-t	A	1	a-t
PWN-trip-v-3	N	N	MW-trip-A-v-1-b-t	A	1	b-t
PWN-trip-v-3	N	N	MW-trip-A-v-2-t	A	2	t
PWN-trip-v-3	N	N	MW-trip-A-v-3-t	A	3	t
PWN-trip-v-3	N	N	MW-trip-A-v-4-t	A	4	t
PWN-trip-v-3	N	N	MW-trip-A-v-5-a-t	A	5	a-t
PWN-trip-v-3	N	N	MW-trip-A-v-5-b-t	A	5	b-t
PWN-trip-v-3	N	N	MW-trip-A-v-6-t	A	6	t
PWN-trip-v-4	N	N	MW-trip-A-v-1-i	A	1	i
PWN-trip-v-4	N	N	MW-trip-A-v-2-i	A	2	i
PWN-trip-v-4	N	N	MW-trip-A-v-3-a-i	A	3	a-i
PWN-trip-v-4	N	N	MW-trip-A-v-3-b-i	A	3	b-i
PWN-trip-v-4	N	N	MW-trip-A-v-4-i	A	4	i
PWN-trip-v-4	N	N	MW-trip-A-v-5-i	A	5	i
PWN-trip-v-4	Y	Y	MW-trip-A-v-6-a-i	A	6	a-i
PWN-trip-v-4	N	N	MW-trip-A-v-6-b-i	A	6	b-i
PWN-trip-v-4	N	N	MW-trip-A-v-7-a-i	A	7	a-i
PWN-trip-v-4	N	N	MW-trip-A-v-7-b-i	A	7	b-i
PWN-trip-v-4	N	N	MW-trip-A-v-1-a-t	A	1	a-t
PWN-trip-v-4	N	N	MW-trip-A-v-1-b-t	A	1	b-t
PWN-trip-v-4	N	N	MW-trip-A-v-2-t	A	2	t
PWN-trip-v-4	Y	Y	MW-trip-A-v-3-t	A	3	t
PWN-trip-v-4	N	N	MW-trip-A-v-4-t	A	4	t
PWN-trip-v-4	N	N	MW-trip-A-v-5-a-t	A	5	a-t
PWN-trip-v-4	N	N	MW-trip-A-v-5-b-t	A	5	b-t
PWN-trip-v-4	N	N	MW-trip-A-v-6-t	A	6	t
PWN-trip-v-5	N	N	MW-trip-A-v-1-i	A	1	i
PWN-trip-v-5	N	N	MW-trip-A-v-2-i	A	2	i
PWN-trip-v-5	N	N	MW-trip-A-v-3-a-i	A	3	a-i
PWN-trip-v-5	N	N	MW-trip-A-v-3-b-i	A	3	b-i
PWN-trip-v-5	N	N	MW-trip-A-v-4-i	A	4	i
PWN-trip-v-5	N	N	MW-trip-A-v-5-i	A	5	i
PWN-trip-v-5	N	N	MW-trip-A-v-6-a-i	A	6	a-i
PWN-trip-v-5	N	N	MW-trip-A-v-6-b-i	A	6	b-i
PWN-trip-v-5	Y	Y	MW-trip-A-v-7-a-i	A	7	a-i
PWN-trip-v-5	N	N	MW-trip-A-v-7-b-i	A	7	b-i
PWN-trip-v-5	N	N	MW-trip-A-v-1-a-t	A	1	a-t
PWN-trip-v-5	N	N	MW-trip-A-v-1-b-t	A	1	b-t
PWN-trip-v-5	N	N	MW-trip-A-v-2-t	A	2	t
PWN-trip-v-5	N	N	MW-trip-A-v-3-t	A	3	t
PWN-trip-v-5	N	N	MW-trip-A-v-4-t	A	4	t
PWN-trip-v-5	N	N	MW-trip-A-v-5-a-t	A	5	a-t
PWN-trip-v-5	N	N	MW-trip-A-v-5-b-t	A	5	b-t
PWN-trip-v-5	N	N	MW-trip-A-v-6-t	A	6	t
PWN-well-v-1	Y	Y	MW-well-B-v-1-i	B	1	i
PWN-well-v-1	Y	Y	MW-well-B-v-2-i	B	2	i
PWN-well-v-1	N	N	MW-well-B-v-1-t	B	1	t
